type,source_url,local_path,bytes,status
asset,https://www.ochodnica.sk/img/content/logo.png,assets/migrated/images/1c5ac9f7c63c_logo.png,10821,200
asset,https://www.ochodnica.sk/img/thumbnails/big/1788357816.jpg,assets/migrated/images/cff679ba4ef0_1788357816.jpg,110830,200
asset,https://www.ochodnica.sk/img/thumbnails/big/@2x1788357816.jpg,assets/migrated/images/2c3d6df604cd__2x1788357816.jpg,328640,200
asset,https://www.ochodnica.sk/img/thumbnails/small/1788186635.jpg,assets/migrated/images/449ae57bf0ae_1788186635.jpg,46178,200
asset,https://www.ochodnica.sk/img/thumbnails/big/@2x1788186635.jpg,assets/migrated/images/276bfd71be42__2x1788186635.jpg,277892,200
asset,https://www.ochodnica.sk/img/thumbnails/small/1787753909.jpg,assets/migrated/images/2ad692953cd4_1787753909.jpg,22238,200
asset,https://www.ochodnica.sk/img/thumbnails/big/@2x1787753909.jpg,assets/migrated/images/1059767bb4cd__2x1787753909.jpg,99254,200
asset,https://www.ochodnica.sk/img/thumbnails/small/1787753488.jpg,assets/migrated/images/06a005d1610d_1787753488.jpg,47009,200
asset,https://www.ochodnica.sk/img/thumbnails/big/@2x1787753488.jpg,assets/migrated/images/ad3de9f0f931__2x1787753488.jpg,298902,200
asset,https://www.ochodnica.sk/img/thumbnails/small/1787744014.jpg,assets/migrated/images/0408b52f099b_1787744014.jpg,44063,200
asset,https://www.ochodnica.sk/img/thumbnails/big/@2x1787744014.jpg,assets/migrated/images/e28dcc128120__2x1787744014.jpg,250358,200
asset,https://www.ochodnica.sk/img/thumbnails/small/1787644770.jpg,assets/migrated/images/4ebcdeee6359_1787644770.jpg,36638,200
asset,https://www.ochodnica.sk/img/thumbnails/big/@2x1787644770.jpg,assets/migrated/images/04145a444c32__2x1787644770.jpg,277730,200
asset,https://www.ochodnica.sk/img/volby-obec-2026.jpg,assets/migrated/images/8948d53a640a_volby-obec-2026.jpg,46802,200
asset,https://www.ochodnica.sk/img/content/icon-organizacie.svg,assets/migrated/images/d4a014b3278f_icon-organizacie.svg,1621,200
asset,https://www.ochodnica.sk/sk/novinky-z-obce/2021/stiahnite-si-ochodnicu-do-svojho-mobilu.html,assets/migrated/misc/d15aae8208b3_stiahnite-si-ochodnicu-do-svojho-mobilu.html,43526,200
asset,https://www.ochodnica.sk/img/content/icon-speech.svg,assets/migrated/images/a2b90d4fe4db_icon-speech.svg,978,200
asset,https://www.ochodnica.sk/img/content/icon-recycle.svg,assets/migrated/images/8dbfe1b96a0a_icon-recycle.svg,1106,200
asset,https://www.ochodnica.sk/sk/subory/tlaciva-na-stiahnutie,assets/migrated/misc/a4ef35ea55b0_tlaciva-na-stiahnutie.html,51968,200
asset,https://www.ochodnica.sk/img/content/icon-download.svg,assets/migrated/images/541033d82423_icon-download.svg,798,200
asset,https://www.ochodnica.sk/img/content/icon-browser.svg,assets/migrated/images/bf5ee8c3798e_icon-browser.svg,782,200
asset,https://www.ochodnica.sk/img/content/icon-bus.svg,assets/migrated/images/f233cee7dce2_icon-bus.svg,955,200
asset,https://www.ochodnica.sk/files/downloads/okletak.pdf,assets/migrated/documents/eb901996caee_okletak.pdf,9114812,200
asset,https://www.ochodnica.sk/files/uploads/okletak-m.jpg,assets/migrated/images/f44801e017c0_okletak-m.jpg,61333,200
page,https://www.ochodnica.sk/,index.html,45023,200
page,https://www.ochodnica.sk/sk/uradne-oznamy/2026/oznamenie-o-akcii-29-30-08-2026.html,sk/uradne-oznamy/2026/oznamenie-o-akcii-29-30-08-2026.html,38433,200
asset,https://www.ochodnica.sk/img/thumbnails/small/1788357816.jpg,assets/migrated/images/42f3034304b5_1788357816.jpg,48930,200
asset,https://www.ochodnica.sk/img/thumbnails/small/1787643545.jpg,assets/migrated/images/257386d21f96_1787643545.jpg,35103,200
asset,https://www.ochodnica.sk/img/thumbnails/big/@2x1787643545.jpg,assets/migrated/images/0c06f14c7268__2x1787643545.jpg,202445,200
asset,https://www.ochodnica.sk/img/thumbnails/small/1787552514.jpg,assets/migrated/images/90304b1ac884_1787552514.jpg,44063,200
asset,https://www.ochodnica.sk/img/thumbnails/big/@2x1787552514.jpg,assets/migrated/images/7491451fc0b4__2x1787552514.jpg,250358,200
asset,https://www.ochodnica.sk/img/thumbnails/small/1787037701.jpg,assets/migrated/images/e99dd1b7f0a4_1787037701.jpg,22238,200
asset,https://www.ochodnica.sk/img/thumbnails/big/@2x1787037701.jpg,assets/migrated/images/af261e574f6e__2x1787037701.jpg,99254,200
asset,https://www.ochodnica.sk/img/thumbnails/small/1786700234.jpg,assets/migrated/images/f4e289fcde27_1786700234.jpg,41684,200
asset,https://www.ochodnica.sk/img/thumbnails/big/@2x1786700234.jpg,assets/migrated/images/bc844f78b075__2x1786700234.jpg,235480,200
page,https://www.ochodnica.sk/sk/kategoria/novinky-z-obce/,sk/kategoria/novinky-z-obce/index.html,50756,200
asset,https://www.ochodnica.sk/app/webroot/img/ckeditor/ochodnica-ou.jpg,assets/migrated/images/198c80cf364c_ochodnica-ou.jpg,24688,200
page,https://www.ochodnica.sk/sk/obecny-urad.html,sk/obecny-urad.html,41082,200
asset,https://www.ochodnica.sk/sk/o-obci/zakladne-dokumenty.html,assets/migrated/misc/df0b2f02a5f0_zakladne-dokumenty.html,46907,200
asset,https://www.ochodnica.sk/sk/subory/vseobecne-zavaezne-nariadenia-a-smernice,assets/migrated/misc/4d97c6d2bec5_vseobecne-zavaezne-nariadenia-a-smernice.html,51655,200
asset,https://www.ochodnica.sk/sk/subory/uznesenia-obecneho-zastupitelstva,assets/migrated/misc/9e6312f04d70_uznesenia-obecneho-zastupitelstva.html,133960,200
page,https://www.ochodnica.sk/sk/mapa-stranok.html,sk/mapa-stranok.html,41484,200
page,https://www.ochodnica.sk/sk/kontakt.html,sk/kontakt.html,42200,200
page,https://www.ochodnica.sk/sk/rss-exporty.html,sk/rss-exporty.html,38038,200
page,https://www.ochodnica.sk/sk/stranky/o-obci,sk/stranky/o-obci/index.html,39346,200
asset,https://www.ochodnica.sk/img/galleries/28/big/5ced78ad17216.jpg,assets/migrated/images/bd0c423f7cb6_5ced78ad17216.jpg,93396,200
asset,https://www.ochodnica.sk/img/galleries/28/small/5ced78ad17216.jpg,assets/migrated/images/881e525c0572_5ced78ad17216.jpg,54957,200
asset,https://www.ochodnica.sk/img/galleries/28/big/6579d438d4323.jpg,assets/migrated/images/f9a7ee585175_6579d438d4323.jpg,147938,200
asset,https://www.ochodnica.sk/img/galleries/28/small/6579d438d4323.jpg,assets/migrated/images/5936fc64ab45_6579d438d4323.jpg,74498,200
asset,https://www.ochodnica.sk/img/galleries/28/big/5ced78ad34cb3.jpg,assets/migrated/images/43b1b392b8b2_5ced78ad34cb3.jpg,152436,200
asset,https://www.ochodnica.sk/img/galleries/28/small/5ced78ad34cb3.jpg,assets/migrated/images/6379da83b737_5ced78ad34cb3.jpg,84173,200
asset,https://www.ochodnica.sk/img/galleries/28/big/6579d43904ee6.jpg,assets/migrated/images/8a66b4bd5795_6579d43904ee6.jpg,285990,200
asset,https://www.ochodnica.sk/img/galleries/28/small/6579d43904ee6.jpg,assets/migrated/images/ea10607a4acd_6579d43904ee6.jpg,145677,200
asset,https://www.ochodnica.sk/img/galleries/28/big/5ced78ad52b29.jpg,assets/migrated/images/a039cd3a4c2f_5ced78ad52b29.jpg,146446,200
asset,https://www.ochodnica.sk/img/galleries/28/small/5ced78ad52b29.jpg,assets/migrated/images/7e7c29668205_5ced78ad52b29.jpg,76517,200
asset,https://www.ochodnica.sk/img/galleries/28/big/6579d439201a1.jpg,assets/migrated/images/a333820ed38a_6579d439201a1.jpg,197617,200
asset,https://www.ochodnica.sk/img/galleries/28/small/6579d439201a1.jpg,assets/migrated/images/5370a9943b26_6579d439201a1.jpg,78111,200
asset,https://www.ochodnica.sk/img/galleries/28/big/5ced78ad714f8.jpg,assets/migrated/images/7f2845bdd6ed_5ced78ad714f8.jpg,138432,200
asset,https://www.ochodnica.sk/img/galleries/28/small/5ced78ad714f8.jpg,assets/migrated/images/46e4b61c86c6_5ced78ad714f8.jpg,79804,200
asset,https://www.ochodnica.sk/img/galleries/28/big/6579d439518bf.jpg,assets/migrated/images/4840117e0f06_6579d439518bf.jpg,177887,200
asset,https://www.ochodnica.sk/img/galleries/28/small/6579d439518bf.jpg,assets/migrated/images/0373b92f109b_6579d439518bf.jpg,77223,200
asset,https://www.ochodnica.sk/img/galleries/28/big/5ced78ad88d97.jpg,assets/migrated/images/0d5989446498_5ced78ad88d97.jpg,152641,200
asset,https://www.ochodnica.sk/img/galleries/28/small/5ced78ad88d97.jpg,assets/migrated/images/55f4ba8e4473_5ced78ad88d97.jpg,85243,200
asset,https://www.ochodnica.sk/img/galleries/28/big/6579d43967c5a.jpg,assets/migrated/images/ee49e1fc9d80_6579d43967c5a.jpg,140730,200
asset,https://www.ochodnica.sk/img/galleries/28/small/6579d43967c5a.jpg,assets/migrated/images/623320604a2d_6579d43967c5a.jpg,71936,200
asset,https://www.ochodnica.sk/img/galleries/28/big/5ced78ada2487.jpg,assets/migrated/images/a6232bf7b1b7_5ced78ada2487.jpg,174910,200
asset,https://www.ochodnica.sk/img/galleries/28/small/5ced78ada2487.jpg,assets/migrated/images/e2b50142d018_5ced78ada2487.jpg,93226,200
asset,https://www.ochodnica.sk/img/galleries/28/big/5ced78adbeafe.jpg,assets/migrated/images/7c1d393bbf4f_5ced78adbeafe.jpg,165119,200
asset,https://www.ochodnica.sk/img/galleries/28/small/5ced78adbeafe.jpg,assets/migrated/images/98b52f6ab539_5ced78adbeafe.jpg,85556,200
asset,https://www.ochodnica.sk/img/galleries/28/big/5ced78addc571.jpg,assets/migrated/images/6167c9b7d7d4_5ced78addc571.jpg,195373,200
asset,https://www.ochodnica.sk/img/galleries/28/small/5ced78addc571.jpg,assets/migrated/images/a45ddb49c665_5ced78addc571.jpg,99033,200
asset,https://www.ochodnica.sk/img/galleries/28/big/5ced78ae06395.jpg,assets/migrated/images/4e23d4b23284_5ced78ae06395.jpg,102109,200
asset,https://www.ochodnica.sk/img/galleries/28/small/5ced78ae06395.jpg,assets/migrated/images/6968d5835646_5ced78ae06395.jpg,68717,200
asset,https://www.ochodnica.sk/img/galleries/28/big/5ced78ae1ecf2.jpg,assets/migrated/images/190aadd21ab7_5ced78ae1ecf2.jpg,204595,200
asset,https://www.ochodnica.sk/img/galleries/28/small/5ced78ae1ecf2.jpg,assets/migrated/images/8c19c57e5bd0_5ced78ae1ecf2.jpg,98069,200
asset,https://www.ochodnica.sk/img/galleries/28/big/5ced78ae3cc9a.jpg,assets/migrated/images/c27a37e9a213_5ced78ae3cc9a.jpg,136819,200
asset,https://www.ochodnica.sk/img/galleries/28/small/5ced78ae3cc9a.jpg,assets/migrated/images/28dbe9158665_5ced78ae3cc9a.jpg,92563,200
asset,https://www.ochodnica.sk/img/galleries/28/big/5ced78ae5a81c.jpg,assets/migrated/images/f87eec079be4_5ced78ae5a81c.jpg,154851,200
asset,https://www.ochodnica.sk/img/galleries/28/small/5ced78ae5a81c.jpg,assets/migrated/images/c00dd1cf5e40_5ced78ae5a81c.jpg,85993,200
asset,https://www.ochodnica.sk/img/galleries/28/big/5ced78ae7bfd6.jpg,assets/migrated/images/c1fcfba3dece_5ced78ae7bfd6.jpg,145553,200
asset,https://www.ochodnica.sk/img/galleries/28/small/5ced78ae7bfd6.jpg,assets/migrated/images/42d1dec2cfcb_5ced78ae7bfd6.jpg,78671,200
asset,https://www.ochodnica.sk/img/galleries/28/big/5ced78aea21ac.jpg,assets/migrated/images/730c706fb98b_5ced78aea21ac.jpg,91359,200
asset,https://www.ochodnica.sk/img/galleries/28/small/5ced78aea21ac.jpg,assets/migrated/images/2164d7cdbc80_5ced78aea21ac.jpg,74504,200
asset,https://www.ochodnica.sk/img/galleries/28/big/5ced78aebc93b.jpg,assets/migrated/images/e6f23f299e60_5ced78aebc93b.jpg,79749,200
asset,https://www.ochodnica.sk/img/galleries/28/small/5ced78aebc93b.jpg,assets/migrated/images/ffae05f15e05_5ced78aebc93b.jpg,55408,200
asset,https://www.ochodnica.sk/img/galleries/28/big/5ced78aed8835.jpg,assets/migrated/images/354dc06b37ea_5ced78aed8835.jpg,162186,200
asset,https://www.ochodnica.sk/img/galleries/28/small/5ced78aed8835.jpg,assets/migrated/images/b799b9c71f56_5ced78aed8835.jpg,78589,200
asset,https://www.ochodnica.sk/img/galleries/28/big/5ced78af04261.jpg,assets/migrated/images/e886609bf20b_5ced78af04261.jpg,116369,200
asset,https://www.ochodnica.sk/img/galleries/28/small/5ced78af04261.jpg,assets/migrated/images/117ca9f74f3b_5ced78af04261.jpg,68232,200
asset,https://www.ochodnica.sk/img/galleries/28/big/5ced78af2cb4d.jpg,assets/migrated/images/c6d50280f3ad_5ced78af2cb4d.jpg,149551,200
asset,https://www.ochodnica.sk/img/galleries/28/small/5ced78af2cb4d.jpg,assets/migrated/images/22789415494e_5ced78af2cb4d.jpg,82772,200
asset,https://www.ochodnica.sk/img/galleries/28/big/5ced78af50bd5.jpg,assets/migrated/images/f74d421cbea9_5ced78af50bd5.jpg,123561,200
asset,https://www.ochodnica.sk/img/galleries/28/small/5ced78af50bd5.jpg,assets/migrated/images/0ca2869a676d_5ced78af50bd5.jpg,77315,200
asset,https://www.ochodnica.sk/img/galleries/28/big/5ced78af71014.jpg,assets/migrated/images/6bd11ea372e2_5ced78af71014.jpg,87089,200
asset,https://www.ochodnica.sk/img/galleries/28/small/5ced78af71014.jpg,assets/migrated/images/3bbeb5455efa_5ced78af71014.jpg,72559,200
asset,https://www.ochodnica.sk/img/galleries/28/big/5ced78af87f60.jpg,assets/migrated/images/36a16057cdfa_5ced78af87f60.jpg,211347,200
asset,https://www.ochodnica.sk/img/galleries/28/small/5ced78af87f60.jpg,assets/migrated/images/2e43e1f07c66_5ced78af87f60.jpg,90660,200
asset,https://www.ochodnica.sk/img/galleries/28/big/5ced78afa7356.jpg,assets/migrated/images/b5c9ee4b00ce_5ced78afa7356.jpg,202953,200
asset,https://www.ochodnica.sk/img/galleries/28/small/5ced78afa7356.jpg,assets/migrated/images/4c51cb080956_5ced78afa7356.jpg,82524,200
asset,https://www.ochodnica.sk/img/galleries/28/big/5ced78afcbbd3.jpg,assets/migrated/images/f853c480362a_5ced78afcbbd3.jpg,119304,200
asset,https://www.ochodnica.sk/img/galleries/28/small/5ced78afcbbd3.jpg,assets/migrated/images/70ce64130fae_5ced78afcbbd3.jpg,71692,200
asset,https://www.ochodnica.sk/img/galleries/28/big/5ced78afeaa77.jpg,assets/migrated/images/f7e85ad0231a_5ced78afeaa77.jpg,179756,200
asset,https://www.ochodnica.sk/img/galleries/28/small/5ced78afeaa77.jpg,assets/migrated/images/81eed62e5e67_5ced78afeaa77.jpg,84729,200
asset,https://www.ochodnica.sk/img/galleries/28/big/5ced78b01717b.jpg,assets/migrated/images/331aa6ad1555_5ced78b01717b.jpg,168192,200
asset,https://www.ochodnica.sk/img/galleries/28/small/5ced78b01717b.jpg,assets/migrated/images/628f42b1cc57_5ced78b01717b.jpg,86324,200
asset,https://www.ochodnica.sk/img/galleries/28/big/5ced78b0372dc.jpg,assets/migrated/images/7804b416a4c1_5ced78b0372dc.jpg,133880,200
asset,https://www.ochodnica.sk/img/galleries/28/small/5ced78b0372dc.jpg,assets/migrated/images/9246ff96a832_5ced78b0372dc.jpg,80239,200
asset,https://www.ochodnica.sk/img/galleries/28/big/5ced78b055cfb.jpg,assets/migrated/images/f85b3ef89795_5ced78b055cfb.jpg,143474,200
asset,https://www.ochodnica.sk/img/galleries/28/small/5ced78b055cfb.jpg,assets/migrated/images/5fa47d064425_5ced78b055cfb.jpg,81955,200
asset,https://www.ochodnica.sk/img/galleries/28/big/5ced78b0765fa.jpg,assets/migrated/images/7c36847d9d90_5ced78b0765fa.jpg,141485,200
asset,https://www.ochodnica.sk/img/galleries/28/small/5ced78b0765fa.jpg,assets/migrated/images/257b7788f11a_5ced78b0765fa.jpg,77319,200
asset,https://www.ochodnica.sk/img/galleries/28/big/5ced78b098228.jpg,assets/migrated/images/a62b834c31b9_5ced78b098228.jpg,134713,200
asset,https://www.ochodnica.sk/img/galleries/28/small/5ced78b098228.jpg,assets/migrated/images/c3e758af1574_5ced78b098228.jpg,74733,200
asset,https://www.ochodnica.sk/img/galleries/28/big/5ced78b0b7265.jpg,assets/migrated/images/69ba763f0c60_5ced78b0b7265.jpg,150139,200
asset,https://www.ochodnica.sk/img/galleries/28/small/5ced78b0b7265.jpg,assets/migrated/images/8a1c69761caf_5ced78b0b7265.jpg,86499,200
asset,https://www.ochodnica.sk/img/galleries/28/big/5ced78b0d38b4.jpg,assets/migrated/images/f881d5bc129d_5ced78b0d38b4.jpg,142545,200
asset,https://www.ochodnica.sk/img/galleries/28/small/5ced78b0d38b4.jpg,assets/migrated/images/2789a21dc3ef_5ced78b0d38b4.jpg,76490,200
asset,https://www.ochodnica.sk/img/galleries/28/big/5ced78b0eece2.jpg,assets/migrated/images/0292f1395d68_5ced78b0eece2.jpg,193953,200
asset,https://www.ochodnica.sk/img/galleries/28/small/5ced78b0eece2.jpg,assets/migrated/images/db20a78bd481_5ced78b0eece2.jpg,98598,200
asset,https://www.ochodnica.sk/img/galleries/28/big/5ced78b119230.jpg,assets/migrated/images/756e21c64168_5ced78b119230.jpg,165731,200
asset,https://www.ochodnica.sk/img/galleries/28/small/5ced78b119230.jpg,assets/migrated/images/6736e744b416_5ced78b119230.jpg,85967,200
asset,https://www.ochodnica.sk/img/galleries/28/big/5ced78b13631a.jpg,assets/migrated/images/d2245565e6f7_5ced78b13631a.jpg,190929,200
asset,https://www.ochodnica.sk/img/galleries/28/small/5ced78b13631a.jpg,assets/migrated/images/71c6c4beeb34_5ced78b13631a.jpg,97407,200
asset,https://www.ochodnica.sk/img/galleries/28/big/5ced78b1565fe.jpg,assets/migrated/images/3fec0e9cf1b7_5ced78b1565fe.jpg,146728,200
asset,https://www.ochodnica.sk/img/galleries/28/small/5ced78b1565fe.jpg,assets/migrated/images/d09ebe0d88de_5ced78b1565fe.jpg,76555,200
asset,https://www.ochodnica.sk/img/galleries/28/big/5ced78b176ac0.jpg,assets/migrated/images/9f87b5b31b3f_5ced78b176ac0.jpg,161809,200
asset,https://www.ochodnica.sk/img/galleries/28/small/5ced78b176ac0.jpg,assets/migrated/images/76f814a12b3f_5ced78b176ac0.jpg,84102,200
asset,https://www.ochodnica.sk/img/galleries/28/big/5ced78b19aedc.jpg,assets/migrated/images/40ef8eccebf6_5ced78b19aedc.jpg,133844,200
asset,https://www.ochodnica.sk/img/galleries/28/small/5ced78b19aedc.jpg,assets/migrated/images/508ddea48d0f_5ced78b19aedc.jpg,85373,200
asset,https://www.ochodnica.sk/img/galleries/28/big/5ced78b1bc87d.jpg,assets/migrated/images/625e6bd43430_5ced78b1bc87d.jpg,148719,200
asset,https://www.ochodnica.sk/img/galleries/28/small/5ced78b1bc87d.jpg,assets/migrated/images/a4e470f3eebc_5ced78b1bc87d.jpg,79551,200
asset,https://www.ochodnica.sk/img/galleries/28/big/5ced78b1da350.jpg,assets/migrated/images/2daaa739ccd7_5ced78b1da350.jpg,139734,200
asset,https://www.ochodnica.sk/img/galleries/28/small/5ced78b1da350.jpg,assets/migrated/images/ccdc2e42fe30_5ced78b1da350.jpg,77977,200
asset,https://www.ochodnica.sk/img/galleries/28/big/5ced78b2041f4.jpg,assets/migrated/images/0b21846be105_5ced78b2041f4.jpg,100921,200
asset,https://www.ochodnica.sk/img/galleries/28/small/5ced78b2041f4.jpg,assets/migrated/images/169e265a094f_5ced78b2041f4.jpg,59956,200
asset,https://www.ochodnica.sk/img/galleries/28/big/5ced78b22736e.jpg,assets/migrated/images/c280b8969681_5ced78b22736e.jpg,114825,200
asset,https://www.ochodnica.sk/img/galleries/28/small/5ced78b22736e.jpg,assets/migrated/images/1046c8f1a4ba_5ced78b22736e.jpg,69449,200
asset,https://www.ochodnica.sk/img/galleries/28/big/5ced78b244a59.jpg,assets/migrated/images/08fd2f2c2978_5ced78b244a59.jpg,150175,200
asset,https://www.ochodnica.sk/img/galleries/28/small/5ced78b244a59.jpg,assets/migrated/images/809573926106_5ced78b244a59.jpg,82568,200
asset,https://www.ochodnica.sk/img/galleries/28/big/5ced78b2647eb.jpg,assets/migrated/images/4f9853f7d5af_5ced78b2647eb.jpg,123190,200
asset,https://www.ochodnica.sk/img/galleries/28/small/5ced78b2647eb.jpg,assets/migrated/images/5446d4b49dfc_5ced78b2647eb.jpg,67459,200
asset,https://www.ochodnica.sk/img/galleries/28/big/5ced78b2853ad.jpg,assets/migrated/images/ddfd7a276ed9_5ced78b2853ad.jpg,179166,200
asset,https://www.ochodnica.sk/img/galleries/28/small/5ced78b2853ad.jpg,assets/migrated/images/0d5c7bae3207_5ced78b2853ad.jpg,86876,200
asset,https://www.ochodnica.sk/img/galleries/28/big/5ced78b2a6c72.jpg,assets/migrated/images/0920d0f8946e_5ced78b2a6c72.jpg,140608,200
asset,https://www.ochodnica.sk/img/galleries/28/small/5ced78b2a6c72.jpg,assets/migrated/images/5f5dfc3bccfd_5ced78b2a6c72.jpg,71179,200
asset,https://www.ochodnica.sk/img/galleries/28/big/5ced78b2c6bf3.jpg,assets/migrated/images/23c09c19b2eb_5ced78b2c6bf3.jpg,170421,200
asset,https://www.ochodnica.sk/img/galleries/28/small/5ced78b2c6bf3.jpg,assets/migrated/images/105cc1fbe2a9_5ced78b2c6bf3.jpg,93175,200
asset,https://www.ochodnica.sk/img/galleries/28/big/5ced78b2e55ed.jpg,assets/migrated/images/ffea4f61de9a_5ced78b2e55ed.jpg,111837,200
asset,https://www.ochodnica.sk/img/galleries/28/small/5ced78b2e55ed.jpg,assets/migrated/images/5faaff679be4_5ced78b2e55ed.jpg,64999,200
asset,https://www.ochodnica.sk/img/galleries/28/big/5ced78b30d48f.jpg,assets/migrated/images/ae6098a8e1b4_5ced78b30d48f.jpg,91808,200
asset,https://www.ochodnica.sk/img/galleries/28/small/5ced78b30d48f.jpg,assets/migrated/images/bbde1e99c9ab_5ced78b30d48f.jpg,57906,200
asset,https://www.ochodnica.sk/img/galleries/28/big/5ced78b32ac2a.jpg,assets/migrated/images/0d7f573c9605_5ced78b32ac2a.jpg,158520,200
asset,https://www.ochodnica.sk/img/galleries/28/small/5ced78b32ac2a.jpg,assets/migrated/images/863f6b765a45_5ced78b32ac2a.jpg,83580,200
asset,https://www.ochodnica.sk/img/galleries/28/big/5ced78b34989f.jpg,assets/migrated/images/2d811eec976c_5ced78b34989f.jpg,166873,200
asset,https://www.ochodnica.sk/img/galleries/28/small/5ced78b34989f.jpg,assets/migrated/images/7b2558af50ed_5ced78b34989f.jpg,84946,200
asset,https://www.ochodnica.sk/img/galleries/28/big/5ced78b367e10.jpg,assets/migrated/images/3f368fa95505_5ced78b367e10.jpg,207875,200
asset,https://www.ochodnica.sk/img/galleries/28/small/5ced78b367e10.jpg,assets/migrated/images/154c87bc60c6_5ced78b367e10.jpg,105398,200
asset,https://www.ochodnica.sk/img/galleries/28/big/5ced78b384c30.jpg,assets/migrated/images/9582c2b6eaa8_5ced78b384c30.jpg,109656,200
asset,https://www.ochodnica.sk/img/galleries/28/small/5ced78b384c30.jpg,assets/migrated/images/94d650241bd0_5ced78b384c30.jpg,78012,200
asset,https://www.ochodnica.sk/img/galleries/28/big/5ced78b39b187.jpg,assets/migrated/images/b2e1a01be82f_5ced78b39b187.jpg,145026,200
asset,https://www.ochodnica.sk/img/galleries/28/small/5ced78b39b187.jpg,assets/migrated/images/4006c92698a6_5ced78b39b187.jpg,75866,200
asset,https://www.ochodnica.sk/img/galleries/28/big/5ced78b3b3457.jpg,assets/migrated/images/d38c1b0672af_5ced78b3b3457.jpg,200102,200
asset,https://www.ochodnica.sk/img/galleries/28/small/5ced78b3b3457.jpg,assets/migrated/images/f766cc734540_5ced78b3b3457.jpg,91358,200
asset,https://www.ochodnica.sk/img/galleries/28/big/5ced78b3cdcb2.jpg,assets/migrated/images/2578917f81ed_5ced78b3cdcb2.jpg,90098,200
asset,https://www.ochodnica.sk/img/galleries/28/small/5ced78b3cdcb2.jpg,assets/migrated/images/9766111ded4f_5ced78b3cdcb2.jpg,58367,200
asset,https://www.ochodnica.sk/img/galleries/28/big/5ced78b3eda54.jpg,assets/migrated/images/855fc90acce2_5ced78b3eda54.jpg,144695,200
asset,https://www.ochodnica.sk/img/galleries/28/small/5ced78b3eda54.jpg,assets/migrated/images/ab87e923f21f_5ced78b3eda54.jpg,87079,200
asset,https://www.ochodnica.sk/img/galleries/28/big/5ced78b4140ba.jpg,assets/migrated/images/565a5ba0443d_5ced78b4140ba.jpg,201581,200
asset,https://www.ochodnica.sk/img/galleries/28/small/5ced78b4140ba.jpg,assets/migrated/images/346f1ff4a477_5ced78b4140ba.jpg,99735,200
page,https://www.ochodnica.sk/sk/o-obci/historia.html,sk/o-obci/historia.html,68429,200
asset,https://www.ochodnica.sk/img/galleries/39/big/5cf9404cb0a57.jpg,assets/migrated/images/2674f93dce15_5cf9404cb0a57.jpg,170214,200
asset,https://www.ochodnica.sk/img/galleries/39/small/5cf9404cb0a57.jpg,assets/migrated/images/07d6368e6efd_5cf9404cb0a57.jpg,82045,200
asset,https://www.ochodnica.sk/img/galleries/39/big/5cf9404ce4ebf.jpg,assets/migrated/images/0ca2a134bd59_5cf9404ce4ebf.jpg,195244,200
asset,https://www.ochodnica.sk/img/galleries/39/small/5cf9404ce4ebf.jpg,assets/migrated/images/5b037366f6c4_5cf9404ce4ebf.jpg,89706,200
asset,https://www.ochodnica.sk/img/galleries/39/big/5cf9404d2bacc.jpg,assets/migrated/images/621346915596_5cf9404d2bacc.jpg,285269,200
asset,https://www.ochodnica.sk/img/galleries/39/small/5cf9404d2bacc.jpg,assets/migrated/images/47a1dd164e0a_5cf9404d2bacc.jpg,115999,200
asset,https://www.ochodnica.sk/img/galleries/39/big/5cf9404d617cb.jpg,assets/migrated/images/08bad01ad364_5cf9404d617cb.jpg,271218,200
asset,https://www.ochodnica.sk/img/galleries/39/small/5cf9404d617cb.jpg,assets/migrated/images/0c8a7737a0a6_5cf9404d617cb.jpg,117549,200
asset,https://www.ochodnica.sk/img/galleries/39/big/5cf9404d9fdb3.jpg,assets/migrated/images/782c9a1ffcf3_5cf9404d9fdb3.jpg,302386,200
asset,https://www.ochodnica.sk/img/galleries/39/small/5cf9404d9fdb3.jpg,assets/migrated/images/84c4ef290645_5cf9404d9fdb3.jpg,115817,200
asset,https://www.ochodnica.sk/img/galleries/39/big/5cf9404dd68b0.jpg,assets/migrated/images/aab28449b2df_5cf9404dd68b0.jpg,195991,200
asset,https://www.ochodnica.sk/img/galleries/39/small/5cf9404dd68b0.jpg,assets/migrated/images/1e8fada717f8_5cf9404dd68b0.jpg,88539,200
asset,https://www.ochodnica.sk/img/galleries/39/big/5cf9404e1698e.jpg,assets/migrated/images/966958380816_5cf9404e1698e.jpg,302549,200
asset,https://www.ochodnica.sk/img/galleries/39/small/5cf9404e1698e.jpg,assets/migrated/images/57d6c21ecda2_5cf9404e1698e.jpg,123886,200
asset,https://www.ochodnica.sk/img/galleries/39/big/5cf9404e4cfdb.jpg,assets/migrated/images/5fd8cc606745_5cf9404e4cfdb.jpg,281214,200
asset,https://www.ochodnica.sk/img/galleries/39/small/5cf9404e4cfdb.jpg,assets/migrated/images/e75d04b0aaba_5cf9404e4cfdb.jpg,122105,200
asset,https://www.ochodnica.sk/img/galleries/39/big/5cf9404e964aa.jpg,assets/migrated/images/69f69933edb0_5cf9404e964aa.jpg,318208,200
asset,https://www.ochodnica.sk/img/galleries/39/small/5cf9404e964aa.jpg,assets/migrated/images/cec39ec12b11_5cf9404e964aa.jpg,123679,200
asset,https://www.ochodnica.sk/img/galleries/39/big/5cf9404ece9a5.jpg,assets/migrated/images/a3a357657de0_5cf9404ece9a5.jpg,243784,200
asset,https://www.ochodnica.sk/img/galleries/39/small/5cf9404ece9a5.jpg,assets/migrated/images/4c7b40a56861_5cf9404ece9a5.jpg,96833,200
asset,https://www.ochodnica.sk/img/galleries/39/big/5cf9404f13ee0.jpg,assets/migrated/images/8d907326016e_5cf9404f13ee0.jpg,254361,200
asset,https://www.ochodnica.sk/img/galleries/39/small/5cf9404f13ee0.jpg,assets/migrated/images/7372c5bf6f9d_5cf9404f13ee0.jpg,97447,200
asset,https://www.ochodnica.sk/img/galleries/39/big/5cf9404f53bad.jpg,assets/migrated/images/065d2b3c4a19_5cf9404f53bad.jpg,222818,200
asset,https://www.ochodnica.sk/img/galleries/39/small/5cf9404f53bad.jpg,assets/migrated/images/9063a1ded0da_5cf9404f53bad.jpg,101086,200
asset,https://www.ochodnica.sk/img/galleries/39/big/5cf9404f875ba.jpg,assets/migrated/images/98b13d803bc0_5cf9404f875ba.jpg,276840,200
asset,https://www.ochodnica.sk/img/galleries/39/small/5cf9404f875ba.jpg,assets/migrated/images/2ed54aa37192_5cf9404f875ba.jpg,111635,200
asset,https://www.ochodnica.sk/img/galleries/39/big/5cf9404fbffa5.jpg,assets/migrated/images/41f4b08695a1_5cf9404fbffa5.jpg,281001,200
asset,https://www.ochodnica.sk/img/galleries/39/small/5cf9404fbffa5.jpg,assets/migrated/images/9d3296b3e1fe_5cf9404fbffa5.jpg,115726,200
asset,https://www.ochodnica.sk/img/galleries/39/big/5cf94050092b8.jpg,assets/migrated/images/235f9d5e71b1_5cf94050092b8.jpg,278225,200
asset,https://www.ochodnica.sk/img/galleries/39/small/5cf94050092b8.jpg,assets/migrated/images/7638b579d78e_5cf94050092b8.jpg,115217,200
asset,https://www.ochodnica.sk/img/galleries/39/big/5cf94050405e5.jpg,assets/migrated/images/b954d63c4847_5cf94050405e5.jpg,191707,200
asset,https://www.ochodnica.sk/img/galleries/39/small/5cf94050405e5.jpg,assets/migrated/images/7f748b236f1e_5cf94050405e5.jpg,88040,200
asset,https://www.ochodnica.sk/img/galleries/39/big/5cf9405074e52.jpg,assets/migrated/images/af39944437c6_5cf9405074e52.jpg,230563,200
asset,https://www.ochodnica.sk/img/galleries/39/small/5cf9405074e52.jpg,assets/migrated/images/10bb266edf62_5cf9405074e52.jpg,96872,200
asset,https://www.ochodnica.sk/img/galleries/39/big/5cf94050a9bfe.jpg,assets/migrated/images/5258829d36cb_5cf94050a9bfe.jpg,224019,200
asset,https://www.ochodnica.sk/img/galleries/39/small/5cf94050a9bfe.jpg,assets/migrated/images/8823812dcf37_5cf94050a9bfe.jpg,96258,200
asset,https://www.ochodnica.sk/img/galleries/39/big/5cf94050de7f3.jpg,assets/migrated/images/ae9e340227d8_5cf94050de7f3.jpg,221153,200
asset,https://www.ochodnica.sk/img/galleries/39/small/5cf94050de7f3.jpg,assets/migrated/images/1795fa08ce06_5cf94050de7f3.jpg,91624,200
asset,https://www.ochodnica.sk/img/galleries/39/big/5cf940512214b.jpg,assets/migrated/images/ea57290d158a_5cf940512214b.jpg,105658,200
asset,https://www.ochodnica.sk/img/galleries/39/small/5cf940512214b.jpg,assets/migrated/images/c346f7be54ac_5cf940512214b.jpg,96971,200
asset,https://www.ochodnica.sk/img/galleries/39/big/5cf940513ff5c.jpg,assets/migrated/images/f161e71b2b08_5cf940513ff5c.jpg,293933,200
asset,https://www.ochodnica.sk/img/galleries/39/small/5cf940513ff5c.jpg,assets/migrated/images/bc795e668ed3_5cf940513ff5c.jpg,120028,200
asset,https://www.ochodnica.sk/img/galleries/39/big/5cf9405178928.jpg,assets/migrated/images/11d3c04abafd_5cf9405178928.jpg,181587,200
asset,https://www.ochodnica.sk/img/galleries/39/small/5cf9405178928.jpg,assets/migrated/images/860178c5d71b_5cf9405178928.jpg,86332,200
asset,https://www.ochodnica.sk/img/galleries/39/big/5cf94051ad3b8.jpg,assets/migrated/images/225fdb0dbe04_5cf94051ad3b8.jpg,269373,200
asset,https://www.ochodnica.sk/img/galleries/39/small/5cf94051ad3b8.jpg,assets/migrated/images/d88ac8ee2154_5cf94051ad3b8.jpg,124393,200
page,https://www.ochodnica.sk/sk/o-obci/poloha.html,sk/o-obci/poloha.html,47397,200
page,https://www.ochodnica.sk/sk/o-obci/demografia.html,sk/o-obci/demografia.html,38516,200
asset,https://www.ochodnica.sk/app/webroot/img/ckeditor/erb-obce-ochodnica.jpg,assets/migrated/images/5247e0ba7944_erb-obce-ochodnica.jpg,48166,200
asset,https://www.ochodnica.sk/app/webroot/img/ckeditor/zastava-obce-ochodnica.jpg,assets/migrated/images/6e6fcef5f4d6_zastava-obce-ochodnica.jpg,23809,200
asset,https://www.ochodnica.sk/app/webroot/img/ckeditor/znakova-zastava-ochodnica.jpg,assets/migrated/images/4775d7a42443_znakova-zastava-ochodnica.jpg,43324,200
asset,https://www.ochodnica.sk/app/webroot/img/ckeditor/standarda-starostu-ochodnice.jpg,assets/migrated/images/3a4af05a9c5b_standarda-starostu-ochodnice.jpg,62499,200
asset,https://www.ochodnica.sk/app/webroot/img/ckeditor/kratka-zastava-ochodnica.jpg,assets/migrated/images/10dd054c69b0_kratka-zastava-ochodnica.jpg,16212,200
asset,https://www.ochodnica.sk/app/webroot/img/ckeditor/koruhva-ochodnica.jpg,assets/migrated/images/916c93113519_koruhva-ochodnica.jpg,22758,200
asset,https://www.ochodnica.sk/app/webroot/img/ckeditor/velka-koruhva-ochodnica.jpg,assets/migrated/images/a48d9b9db474_velka-koruhva-ochodnica.jpg,31495,200
asset,https://www.ochodnica.sk/app/webroot/img/ckeditor/pecat-obce-ochodnica.jpg,assets/migrated/images/a95235e50bc2_pecat-obce-ochodnica.jpg,21701,200
asset,https://www.ochodnica.sk/app/webroot/img/ckeditor/erb-ochodnica-ciernobiely.jpg,assets/migrated/images/86f1e7429f55_erb-ochodnica-ciernobiely.jpg,44853,200
asset,https://www.ochodnica.sk/files/downloads/ziadost-o-pouzitie-symbolov-obce.pdf,assets/migrated/documents/9817cdf56046_ziadost-o-pouzitie-symbolov-obce.pdf,377454,200
page,https://www.ochodnica.sk/sk/o-obci/symboly-obce.html,sk/o-obci/symboly-obce.html,40315,200
page,https://www.ochodnica.sk/sk/o-obci/zivot-v-obci.html,sk/o-obci/zivot-v-obci.html,39660,200
page,https://www.ochodnica.sk/sk/o-obci/mapy-obce.html,sk/o-obci/mapy-obce.html,37990,200
asset,https://www.ochodnica.sk/img/galleries/53/big/5d008d8bcf265.jpg,assets/migrated/images/ac69b51e16ff_5d008d8bcf265.jpg,198727,200
asset,https://www.ochodnica.sk/img/galleries/53/small/5d008d8bcf265.jpg,assets/migrated/images/c762f4092c4b_5d008d8bcf265.jpg,92594,200
asset,https://www.ochodnica.sk/img/galleries/53/big/5d009052714e9.jpg,assets/migrated/images/ac4be5c87f7a_5d009052714e9.jpg,245734,200
asset,https://www.ochodnica.sk/img/galleries/53/small/5d009052714e9.jpg,assets/migrated/images/2ea5e69263c4_5d009052714e9.jpg,88430,200
asset,https://www.ochodnica.sk/img/galleries/53/big/5d008d8c1371e.jpg,assets/migrated/images/899431adcb05_5d008d8c1371e.jpg,162091,200
asset,https://www.ochodnica.sk/img/galleries/53/small/5d008d8c1371e.jpg,assets/migrated/images/8ff6f28e1b50_5d008d8c1371e.jpg,76898,200
asset,https://www.ochodnica.sk/img/galleries/53/big/5d008d8c448c1.jpg,assets/migrated/images/1ff7292b4ca2_5d008d8c448c1.jpg,183382,200
asset,https://www.ochodnica.sk/img/galleries/53/small/5d008d8c448c1.jpg,assets/migrated/images/bc4db0a28eaa_5d008d8c448c1.jpg,89293,200
asset,https://www.ochodnica.sk/img/galleries/53/big/5d008d8c7e605.jpg,assets/migrated/images/7d65f228afd2_5d008d8c7e605.jpg,237150,200
asset,https://www.ochodnica.sk/img/galleries/53/small/5d008d8c7e605.jpg,assets/migrated/images/9c544b38504f_5d008d8c7e605.jpg,95832,200
asset,https://www.ochodnica.sk/img/galleries/53/big/5d008d8cb31b6.jpg,assets/migrated/images/e00aafd6262e_5d008d8cb31b6.jpg,213668,200
asset,https://www.ochodnica.sk/img/galleries/53/small/5d008d8cb31b6.jpg,assets/migrated/images/6ddfd5ae2f41_5d008d8cb31b6.jpg,85945,200
asset,https://www.ochodnica.sk/img/galleries/53/big/5d008d8cf18e8.jpg,assets/migrated/images/6f7ceda76829_5d008d8cf18e8.jpg,186402,200
asset,https://www.ochodnica.sk/img/galleries/53/small/5d008d8cf18e8.jpg,assets/migrated/images/7a1e559b243e_5d008d8cf18e8.jpg,81535,200
asset,https://www.ochodnica.sk/img/galleries/53/big/5d008d8d3318b.jpg,assets/migrated/images/bbf99a24af1f_5d008d8d3318b.jpg,204850,200
asset,https://www.ochodnica.sk/img/galleries/53/small/5d008d8d3318b.jpg,assets/migrated/images/7c43e170869d_5d008d8d3318b.jpg,92652,200
asset,https://www.ochodnica.sk/img/galleries/53/big/5d008d8d670c8.jpg,assets/migrated/images/ef606d231e25_5d008d8d670c8.jpg,264783,200
asset,https://www.ochodnica.sk/img/galleries/53/small/5d008d8d670c8.jpg,assets/migrated/images/78a110024d98_5d008d8d670c8.jpg,101876,200
asset,https://www.ochodnica.sk/img/galleries/53/big/5d008d8d9cd39.jpg,assets/migrated/images/f4a156f1132c_5d008d8d9cd39.jpg,196329,200
asset,https://www.ochodnica.sk/img/galleries/53/small/5d008d8d9cd39.jpg,assets/migrated/images/e480ce20e2b2_5d008d8d9cd39.jpg,90927,200
asset,https://www.ochodnica.sk/img/galleries/53/big/5d008d8dcfcbb.jpg,assets/migrated/images/5acd6ed27a60_5d008d8dcfcbb.jpg,203472,200
asset,https://www.ochodnica.sk/img/galleries/53/small/5d008d8dcfcbb.jpg,assets/migrated/images/9297953296fa_5d008d8dcfcbb.jpg,95508,200
asset,https://www.ochodnica.sk/img/galleries/53/big/5d008d8e1abde.jpg,assets/migrated/images/db090ed882e9_5d008d8e1abde.jpg,188002,200
asset,https://www.ochodnica.sk/img/galleries/53/small/5d008d8e1abde.jpg,assets/migrated/images/1be6a383adf8_5d008d8e1abde.jpg,90652,200
asset,https://www.ochodnica.sk/img/galleries/53/big/5d008d8e4ff35.jpg,assets/migrated/images/82896ed7f88c_5d008d8e4ff35.jpg,180924,200
asset,https://www.ochodnica.sk/img/galleries/53/small/5d008d8e4ff35.jpg,assets/migrated/images/af4801b15267_5d008d8e4ff35.jpg,87120,200
asset,https://www.ochodnica.sk/img/galleries/53/big/5d008d8e7f22f.jpg,assets/migrated/images/fdbac4687b85_5d008d8e7f22f.jpg,275204,200
asset,https://www.ochodnica.sk/img/galleries/53/small/5d008d8e7f22f.jpg,assets/migrated/images/726508eb4d05_5d008d8e7f22f.jpg,104082,200
asset,https://www.ochodnica.sk/img/galleries/53/big/5d008d8eb2854.jpg,assets/migrated/images/f582f71eced7_5d008d8eb2854.jpg,209186,200
asset,https://www.ochodnica.sk/img/galleries/53/small/5d008d8eb2854.jpg,assets/migrated/images/7d8f6e73fb40_5d008d8eb2854.jpg,86525,200
asset,https://www.ochodnica.sk/img/galleries/53/big/5d008d8ee7257.jpg,assets/migrated/images/6223519299cf_5d008d8ee7257.jpg,205278,200
asset,https://www.ochodnica.sk/img/galleries/53/small/5d008d8ee7257.jpg,assets/migrated/images/25f5c97c8942_5d008d8ee7257.jpg,98688,200
asset,https://www.ochodnica.sk/img/galleries/53/big/5d008d8f2a355.jpg,assets/migrated/images/755ba7f22118_5d008d8f2a355.jpg,293193,200
asset,https://www.ochodnica.sk/img/galleries/53/small/5d008d8f2a355.jpg,assets/migrated/images/5dda85460fda_5d008d8f2a355.jpg,104940,200
asset,https://www.ochodnica.sk/img/galleries/53/big/5d008d8f5dfff.jpg,assets/migrated/images/42fd57f324ef_5d008d8f5dfff.jpg,279374,200
asset,https://www.ochodnica.sk/img/galleries/53/small/5d008d8f5dfff.jpg,assets/migrated/images/a89d9f17face_5d008d8f5dfff.jpg,103895,200
page,https://www.ochodnica.sk/sk/o-obci/doprava.html,sk/o-obci/doprava.html,44684,200
asset,https://www.ochodnica.sk/files/downloads/zakon-o-obecnom-zriadeni.pdf,assets/migrated/documents/4b721dda11c2_zakon-o-obecnom-zriadeni.pdf,221322,200
asset,https://www.ochodnica.sk/files/downloads/statut-obce-ochodnica.pdf,assets/migrated/documents/a19c552e04e2_statut-obce-ochodnica.pdf,1473770,200
asset,https://www.ochodnica.sk/files/downloads/organizacny-poriadok-ochodnica.pdf,assets/migrated/documents/34173581aa86_organizacny-poriadok-ochodnica.pdf,882667,200
asset,https://www.ochodnica.sk/files/downloads/rozdelenie-obvodov-poslancov.pdf,assets/migrated/documents/1e2cfd2136b0_rozdelenie-obvodov-poslancov.pdf,79002,200
asset,https://www.ochodnica.sk/files/downloads/program-rozvoja-ochodnica-2017-2026.zip,assets/migrated/documents/5203eb2b7f82_program-rozvoja-ochodnica-2017-2026.zip,3534704,200
asset,https://www.ochodnica.sk/files/downloads/komunitny-plan-2025-2031.pdf,assets/migrated/documents/c6a48a16eae9_komunitny-plan-2025-2031.pdf,948953,200
asset,https://www.ochodnica.sk/files/downloads/rokovaci-poriadok-zastupitelstva.pdf,assets/migrated/documents/6823f070c828_rokovaci-poriadok-zastupitelstva.pdf,68187,200
asset,https://www.ochodnica.sk/files/downloads/zasady-hospodarenia-a-nakladania-s-majetkom-obce-1.pdf,assets/migrated/documents/7095624ef7b9_zasady-hospodarenia-a-nakladania-s-majetkom-obce-1.pdf,457296,200
asset,https://www.ochodnica.sk/files/downloads/dodatok-c-1-k-zasadam-hodpodarenia-a-nakladania-s-majetkom-obce-ochodnica.pdf,assets/migrated/documents/cd5ec4e4b924_dodatok-c-1-k-zasadam-hodpodarenia-a-nakladania-s-majetkom-obce-ochodnica.pdf,1735087,200
asset,https://www.ochodnica.sk/files/downloads/zasady-odmenovania-poslancov-ochodnica-2.pdf,assets/migrated/documents/cd6f1cef18cd_zasady-odmenovania-poslancov-ochodnica-2.pdf,930578,200
asset,https://www.ochodnica.sk/files/downloads/program-odpadoveho-hospodarstva-2016-2020.pdf,assets/migrated/documents/441573aafbfc_program-odpadoveho-hospodarstva-2016-2020.pdf,835440,200
asset,https://www.ochodnica.sk/files/downloads/pracovny-poriadok-zamestnancov-obce-ochodnica.pdf,assets/migrated/documents/3f4c8d1c9844_pracovny-poriadok-zamestnancov-obce-ochodnica.pdf,6662739,200
asset,https://www.ochodnica.sk/files/downloads/rozpocet-obce-ochodnica-2025-2027.pdf,assets/migrated/documents/dbd9edfac016_rozpocet-obce-ochodnica-2025-2027.pdf,451702,200
asset,https://www.ochodnica.sk/files/downloads/rozpocet-obce-ochodnica-2024-2026.pdf,assets/migrated/documents/0d851cf3aa42_rozpocet-obce-ochodnica-2024-2026.pdf,1598686,200
asset,https://www.ochodnica.sk/files/downloads/rozpocet-obce-2023-2025.pdf,assets/migrated/documents/6eb397a00627_rozpocet-obce-2023-2025.pdf,1544650,200
asset,https://www.ochodnica.sk/files/downloads/rozpocet-obce-2022-2024.pdf,assets/migrated/documents/80813fa5fda8_rozpocet-obce-2022-2024.pdf,1536435,200
asset,https://www.ochodnica.sk/files/downloads/rozpocet-obce-2021-2023.pdf,assets/migrated/documents/0878fb612b4e_rozpocet-obce-2021-2023.pdf,14708135,200
asset,https://www.ochodnica.sk/files/downloads/rozpocet-obce-2014-2016.pdf,assets/migrated/documents/d8a39dfc57e8_rozpocet-obce-2014-2016.pdf,1380789,200
asset,https://www.ochodnica.sk/files/downloads/rozpocet-obce-2011-2013.pdf,assets/migrated/documents/4a9acb979700_rozpocet-obce-2011-2013.pdf,587519,200
asset,https://www.ochodnica.sk/files/downloads/navrh-rozpoc-tu-obce-ochodnica-na-roky-2026-2028.pdf,assets/migrated/documents/eaf49e4312db_navrh-rozpoc-tu-obce-ochodnica-na-roky-2026-2028.pdf,206128,200
asset,https://www.ochodnica.sk/files/attachments/navrh-rozpoctu-obce-ochodnica-na-roky-2025-2027.pdf,assets/migrated/documents/cd25869d972a_navrh-rozpoctu-obce-ochodnica-na-roky-2025-2027.pdf,453442,200
asset,https://www.ochodnica.sk/files/attachments/navrh-rozpoctu-obce-ochodnica-na-roky-2024-2026.pdf,assets/migrated/documents/f9f29632d3e6_navrh-rozpoctu-obce-ochodnica-na-roky-2024-2026.pdf,1612252,200
asset,https://www.ochodnica.sk/files/downloads/navrh-rozpoctu-2023-2025.pdf,assets/migrated/documents/31290a353441_navrh-rozpoctu-2023-2025.pdf,1549004,200
asset,https://www.ochodnica.sk/files/downloads/navrh-rozpoctu-2022-2024.pdf,assets/migrated/documents/aaed6fba80b4_navrh-rozpoctu-2022-2024.pdf,1511317,200
asset,https://www.ochodnica.sk/files/downloads/navrh-rozpoctu-2021-2023.pdf,assets/migrated/documents/1811469f9c8f_navrh-rozpoctu-2021-2023.pdf,1486364,200
asset,https://www.ochodnica.sk/files/downloads/navrh-rozpoctu-2020-2022.pdf,assets/migrated/documents/35ecb5508799_navrh-rozpoctu-2020-2022.pdf,1474366,200
asset,https://www.ochodnica.sk/files/downloads/navrh-rozpoctu-2019-2021.pdf,assets/migrated/documents/8f60a49ad4c6_navrh-rozpoctu-2019-2021.pdf,849541,200
asset,https://www.ochodnica.sk/files/downloads/navrh-rozpoctu-2018-2020.pdf,assets/migrated/documents/6a05ae42f007_navrh-rozpoctu-2018-2020.pdf,1424747,200
asset,https://www.ochodnica.sk/files/downloads/navrh-rozpoctu-2016-2018.pdf,assets/migrated/documents/5f3a003efc91_navrh-rozpoctu-2016-2018.pdf,1737971,200
asset,https://www.ochodnica.sk/files/downloads/navrh-rozpoctu-obce-2015-2017.pdf,assets/migrated/documents/d6ad056f057f_navrh-rozpoctu-obce-2015-2017.pdf,1601555,200
asset,https://www.ochodnica.sk/files/downloads/navrh-rozpoctu-2013-2015.pdf,assets/migrated/documents/2381d0247998_navrh-rozpoctu-2013-2015.pdf,1321633,200
asset,https://www.ochodnica.sk/files/downloads/plnenie-rozpoctu-obce-1-12-2016.pdf,assets/migrated/documents/918931e5e7d0_plnenie-rozpoctu-obce-1-12-2016.pdf,879617,200
asset,https://www.ochodnica.sk/files/downloads/zaverecny-ucet-obce-ochodnica-2023.pdf,assets/migrated/documents/9db6bb1924e2_zaverecny-ucet-obce-ochodnica-2023.pdf,746102,200
asset,https://www.ochodnica.sk/files/downloads/navrh-zaverecny-ucet-obce-ochodnica-2021.pdf,assets/migrated/documents/6c4689db9c1f_navrh-zaverecny-ucet-obce-ochodnica-2021.pdf,687624,200
asset,https://www.ochodnica.sk/files/downloads/navrh-zaverecny-ucet-obce-ochodnica-2020.pdf,assets/migrated/documents/0755c7113ff0_navrh-zaverecny-ucet-obce-ochodnica-2020.pdf,1242002,200
asset,https://www.ochodnica.sk/files/downloads/zaverecny-ucet-obce-ochodnica-2019.pdf,assets/migrated/documents/58cc2ed3f112_zaverecny-ucet-obce-ochodnica-2019.pdf,1241533,200
asset,https://www.ochodnica.sk/files/downloads/zaverecny-ucet-obce-ochodnica-2018.pdf,assets/migrated/documents/e05b4df41cda_zaverecny-ucet-obce-ochodnica-2018.pdf,1242217,200
asset,https://www.ochodnica.sk/files/downloads/zaverecny-ucet-obce-ochodnica-2017.pdf,assets/migrated/documents/1c45297758f0_zaverecny-ucet-obce-ochodnica-2017.pdf,595993,200
asset,https://www.ochodnica.sk/files/downloads/zaverecny-ucet-obce-ochodnica-2016.pdf,assets/migrated/documents/2249d243c87f_zaverecny-ucet-obce-ochodnica-2016.pdf,505615,200
asset,https://www.ochodnica.sk/files/downloads/zaverecny-ucet-ochodnica-2014.pdf,assets/migrated/documents/475eec32a89a_zaverecny-ucet-ochodnica-2014.pdf,402632,200
asset,https://www.ochodnica.sk/files/downloads/zaverecny-ucet-2013.pdf,assets/migrated/documents/feeb68b40379_zaverecny-ucet-2013.pdf,1357781,200
asset,https://www.ochodnica.sk/files/downloads/plan-kontroly-2023-1-polrok.pdf,assets/migrated/documents/5bb60191a500_plan-kontroly-2023-1-polrok.pdf,190326,200
asset,https://www.ochodnica.sk/files/downloads/danove-priznanie-za-rok-2025.pdf,assets/migrated/documents/904a62cb3032_danove-priznanie-za-rok-2025.pdf,3675681,200
asset,https://www.ochodnica.sk/files/downloads/danove-za-rok-2024.pdf,assets/migrated/documents/544b481943c0_danove-za-rok-2024.pdf,17144305,200
asset,https://www.ochodnica.sk/files/downloads/majetkove-priznanie-za-rok-2023.pdf,assets/migrated/documents/f6688637d3db_majetkove-priznanie-za-rok-2023.pdf,3649425,200
asset,https://www.ochodnica.sk/files/downloads/majetkove-priznanie-za-r-2022.pdf,assets/migrated/documents/e3caf149a41d_majetkove-priznanie-za-r-2022.pdf,3704996,200
asset,https://www.ochodnica.sk/files/downloads/majetkove-priznanie-za-r-2021.pdf,assets/migrated/documents/6563f9b83c45_majetkove-priznanie-za-r-2021.pdf,3215777,200
asset,https://www.ochodnica.sk/files/downloads/majetkove-priznanie-za-r-2020.pdf,assets/migrated/documents/9a143b15e020_majetkove-priznanie-za-r-2020.pdf,3215834,200
asset,https://www.ochodnica.sk/files/downloads/majetkove-priznanie-duroska-2019.pdf,assets/migrated/documents/6a114cc9f60a_majetkove-priznanie-duroska-2019.pdf,3252124,200
page,https://www.ochodnica.sk/sk/o-obci/zakladne-dokumenty.html,sk/o-obci/zakladne-dokumenty.html,46907,200
page,https://www.ochodnica.sk/sk/o-obci/partnerske-obce.html,sk/o-obci/partnerske-obce.html,39404,200
asset,https://www.ochodnica.sk/img/galleries/42/big/5cfa0bb562c12.jpg,assets/migrated/images/e7959ddb2eb1_5cfa0bb562c12.jpg,168634,200
asset,https://www.ochodnica.sk/img/galleries/42/small/5cfa0bb562c12.jpg,assets/migrated/images/72abda2969cc_5cfa0bb562c12.jpg,89229,200
asset,https://www.ochodnica.sk/img/galleries/42/big/5cfa0e06431aa.jpg,assets/migrated/images/5920b5e5225d_5cfa0e06431aa.jpg,189950,200
asset,https://www.ochodnica.sk/img/galleries/42/small/5cfa0e06431aa.jpg,assets/migrated/images/33ad987ddfa6_5cfa0e06431aa.jpg,96432,200
asset,https://www.ochodnica.sk/img/galleries/42/big/5cfa0bb5a43f4.jpg,assets/migrated/images/ffc2d51dd979_5cfa0bb5a43f4.jpg,219605,200
asset,https://www.ochodnica.sk/img/galleries/42/small/5cfa0bb5a43f4.jpg,assets/migrated/images/18432f121272_5cfa0bb5a43f4.jpg,101507,200
asset,https://www.ochodnica.sk/img/galleries/42/big/5cfa0bb5de90e.jpg,assets/migrated/images/3246ab2fcdf1_5cfa0bb5de90e.jpg,205288,200
asset,https://www.ochodnica.sk/img/galleries/42/small/5cfa0bb5de90e.jpg,assets/migrated/images/b485388863cd_5cfa0bb5de90e.jpg,115218,200
asset,https://www.ochodnica.sk/img/galleries/42/big/5cfa0bb61d95f.jpg,assets/migrated/images/78cc95707a23_5cfa0bb61d95f.jpg,180480,200
asset,https://www.ochodnica.sk/img/galleries/42/small/5cfa0bb61d95f.jpg,assets/migrated/images/f5204b3086ee_5cfa0bb61d95f.jpg,104917,200
asset,https://www.ochodnica.sk/img/galleries/42/big/5cfa0bb65776a.jpg,assets/migrated/images/97864b4dc75a_5cfa0bb65776a.jpg,219318,200
asset,https://www.ochodnica.sk/img/galleries/42/small/5cfa0bb65776a.jpg,assets/migrated/images/6e4967993288_5cfa0bb65776a.jpg,105278,200
asset,https://www.ochodnica.sk/img/galleries/42/big/5cfa0bb69226a.jpg,assets/migrated/images/e7e72b48a4f0_5cfa0bb69226a.jpg,206731,200
asset,https://www.ochodnica.sk/img/galleries/42/small/5cfa0bb69226a.jpg,assets/migrated/images/78715a4e1906_5cfa0bb69226a.jpg,102491,200
asset,https://www.ochodnica.sk/img/galleries/42/big/5cfa0bb6cca53.jpg,assets/migrated/images/7245dd82c902_5cfa0bb6cca53.jpg,78712,200
asset,https://www.ochodnica.sk/img/galleries/42/small/5cfa0bb6cca53.jpg,assets/migrated/images/f589b40e0c87_5cfa0bb6cca53.jpg,81129,200
asset,https://www.ochodnica.sk/img/galleries/42/big/5cfa0bb6e3826.jpg,assets/migrated/images/28b15bdf67be_5cfa0bb6e3826.jpg,122748,200
asset,https://www.ochodnica.sk/img/galleries/42/small/5cfa0bb6e3826.jpg,assets/migrated/images/c0e50c4f32c4_5cfa0bb6e3826.jpg,74031,200
asset,https://www.ochodnica.sk/img/galleries/42/big/5cfa0bb72098f.jpg,assets/migrated/images/6f4fcd5ff2a1_5cfa0bb72098f.jpg,191071,200
asset,https://www.ochodnica.sk/img/galleries/42/small/5cfa0bb72098f.jpg,assets/migrated/images/8ca4d0710bc0_5cfa0bb72098f.jpg,90190,200
asset,https://www.ochodnica.sk/img/galleries/42/big/5cfa0bb75869d.jpg,assets/migrated/images/9fcaf547729f_5cfa0bb75869d.jpg,276175,200
asset,https://www.ochodnica.sk/img/galleries/42/small/5cfa0bb75869d.jpg,assets/migrated/images/27e239ddff68_5cfa0bb75869d.jpg,114610,200
asset,https://www.ochodnica.sk/img/galleries/42/big/5cfa0bb7961e0.jpg,assets/migrated/images/545303eebf13_5cfa0bb7961e0.jpg,229797,200
asset,https://www.ochodnica.sk/img/galleries/42/small/5cfa0bb7961e0.jpg,assets/migrated/images/394b588b049c_5cfa0bb7961e0.jpg,96182,200
asset,https://www.ochodnica.sk/img/galleries/42/big/5cfa0bb7d0916.jpg,assets/migrated/images/aef037014d55_5cfa0bb7d0916.jpg,146635,200
asset,https://www.ochodnica.sk/img/galleries/42/small/5cfa0bb7d0916.jpg,assets/migrated/images/20c0fd3d566f_5cfa0bb7d0916.jpg,83680,200
asset,https://www.ochodnica.sk/img/galleries/42/big/5cfa0bb8145a5.jpg,assets/migrated/images/4c1668000f8f_5cfa0bb8145a5.jpg,222777,200
asset,https://www.ochodnica.sk/img/galleries/42/small/5cfa0bb8145a5.jpg,assets/migrated/images/0eb202b92c35_5cfa0bb8145a5.jpg,99795,200
asset,https://www.ochodnica.sk/img/galleries/42/big/5cfa0bb84b3b5.jpg,assets/migrated/images/947487aee292_5cfa0bb84b3b5.jpg,253927,200
asset,https://www.ochodnica.sk/img/galleries/42/small/5cfa0bb84b3b5.jpg,assets/migrated/images/41e9d0e2b839_5cfa0bb84b3b5.jpg,107406,200
asset,https://www.ochodnica.sk/img/galleries/42/big/5cfa0bb888296.jpg,assets/migrated/images/15ef46847572_5cfa0bb888296.jpg,179311,200
asset,https://www.ochodnica.sk/img/galleries/42/small/5cfa0bb888296.jpg,assets/migrated/images/87af3642ad4c_5cfa0bb888296.jpg,77937,200
asset,https://www.ochodnica.sk/img/galleries/42/big/5cfa0bb8c202f.jpg,assets/migrated/images/9d15f38f84f4_5cfa0bb8c202f.jpg,168781,200
asset,https://www.ochodnica.sk/img/galleries/42/small/5cfa0bb8c202f.jpg,assets/migrated/images/bb46f937dda0_5cfa0bb8c202f.jpg,87371,200
asset,https://www.ochodnica.sk/img/galleries/42/big/5cfa0bb9094a3.jpg,assets/migrated/images/bc3ffa23244d_5cfa0bb9094a3.jpg,209149,200
asset,https://www.ochodnica.sk/img/galleries/42/small/5cfa0bb9094a3.jpg,assets/migrated/images/91153da13bcd_5cfa0bb9094a3.jpg,104996,200
asset,https://www.ochodnica.sk/img/galleries/42/big/5cfa0bb945d70.jpg,assets/migrated/images/2cab5457d82a_5cfa0bb945d70.jpg,335792,200
asset,https://www.ochodnica.sk/img/galleries/42/small/5cfa0bb945d70.jpg,assets/migrated/images/b510494b3f8d_5cfa0bb945d70.jpg,121389,200
asset,https://www.ochodnica.sk/img/galleries/42/big/5cfa0bb983a35.jpg,assets/migrated/images/63441d6e5a9e_5cfa0bb983a35.jpg,182524,200
asset,https://www.ochodnica.sk/img/galleries/42/small/5cfa0bb983a35.jpg,assets/migrated/images/40712716960e_5cfa0bb983a35.jpg,83409,200
asset,https://www.ochodnica.sk/img/galleries/42/big/5cfa0bb9bb12a.jpg,assets/migrated/images/44574d2a77f2_5cfa0bb9bb12a.jpg,97411,200
asset,https://www.ochodnica.sk/img/galleries/42/small/5cfa0bb9bb12a.jpg,assets/migrated/images/d69b801afaa8_5cfa0bb9bb12a.jpg,71141,200
page,https://www.ochodnica.sk/sk/o-obci/pre-turistov.html,sk/o-obci/pre-turistov.html,49509,200
asset,https://www.ochodnica.sk/app/webroot/img/ckeditor/vajcovka-ochodnica.jpg,assets/migrated/images/830c38fc343c_vajcovka-ochodnica.jpg,356396,200
asset,https://www.ochodnica.sk/img/galleries/54/big/5d013f6b05cdd.jpg,assets/migrated/images/ccaf97fe91a9_5d013f6b05cdd.jpg,142357,200
asset,https://www.ochodnica.sk/img/galleries/54/small/5d013f6b05cdd.jpg,assets/migrated/images/4bec93c1f358_5d013f6b05cdd.jpg,100697,200
asset,https://www.ochodnica.sk/img/galleries/54/big/5d013f6b21cc7.jpg,assets/migrated/images/0bb90ca18896_5d013f6b21cc7.jpg,264291,200
asset,https://www.ochodnica.sk/img/galleries/54/small/5d013f6b21cc7.jpg,assets/migrated/images/5a4cd1440ae8_5d013f6b21cc7.jpg,111004,200
asset,https://www.ochodnica.sk/img/galleries/54/big/5d013f6b4e811.jpg,assets/migrated/images/5a3177bc4c04_5d013f6b4e811.jpg,302265,200
asset,https://www.ochodnica.sk/img/galleries/54/small/5d013f6b4e811.jpg,assets/migrated/images/80eb309d0abb_5d013f6b4e811.jpg,119342,200
asset,https://www.ochodnica.sk/img/galleries/54/big/5d013f6b7c805.jpg,assets/migrated/images/0ab17a498cf9_5d013f6b7c805.jpg,202712,200
asset,https://www.ochodnica.sk/img/galleries/54/small/5d013f6b7c805.jpg,assets/migrated/images/cb75406e922e_5d013f6b7c805.jpg,93231,200
asset,https://www.ochodnica.sk/img/galleries/54/big/5d013f6ba8cbe.jpg,assets/migrated/images/a88fcfa3181b_5d013f6ba8cbe.jpg,180067,200
asset,https://www.ochodnica.sk/img/galleries/54/small/5d013f6ba8cbe.jpg,assets/migrated/images/b255dfde63ab_5d013f6ba8cbe.jpg,92023,200
asset,https://www.ochodnica.sk/img/galleries/54/big/5d013f6bd42e2.jpg,assets/migrated/images/745f84ff3a36_5d013f6bd42e2.jpg,141248,200
asset,https://www.ochodnica.sk/img/galleries/54/small/5d013f6bd42e2.jpg,assets/migrated/images/e63e1c523b50_5d013f6bd42e2.jpg,82536,200
asset,https://www.ochodnica.sk/img/galleries/54/big/5d013f6c0b3a5.jpg,assets/migrated/images/93a0444d502d_5d013f6c0b3a5.jpg,124557,200
asset,https://www.ochodnica.sk/img/galleries/54/small/5d013f6c0b3a5.jpg,assets/migrated/images/f3e5b3b0a318_5d013f6c0b3a5.jpg,95755,200
asset,https://www.ochodnica.sk/img/galleries/54/big/5d013f6c25182.jpg,assets/migrated/images/eb6a01ebf7fb_5d013f6c25182.jpg,115489,200
asset,https://www.ochodnica.sk/img/galleries/54/small/5d013f6c25182.jpg,assets/migrated/images/1205cca36f32_5d013f6c25182.jpg,79215,200
asset,https://www.ochodnica.sk/img/galleries/54/big/5d013f6c3e378.jpg,assets/migrated/images/db8080fccf8d_5d013f6c3e378.jpg,90657,200
asset,https://www.ochodnica.sk/img/galleries/54/small/5d013f6c3e378.jpg,assets/migrated/images/05e122ec7804_5d013f6c3e378.jpg,75088,200
page,https://www.ochodnica.sk/sk/o-obci/mineralny-pramen.html,sk/o-obci/mineralny-pramen.html,45283,200
asset,https://www.ochodnica.sk/img/galleries/38/big/5cf4d55bd5985.jpg,assets/migrated/images/d92087524af3_5cf4d55bd5985.jpg,110754,200
asset,https://www.ochodnica.sk/img/galleries/38/small/5cf4d55bd5985.jpg,assets/migrated/images/a5533040ec17_5cf4d55bd5985.jpg,72559,200
asset,https://www.ochodnica.sk/img/galleries/38/big/5cf4d55c00a04.jpg,assets/migrated/images/a00ee5c00011_5cf4d55c00a04.jpg,109206,200
asset,https://www.ochodnica.sk/img/galleries/38/small/5cf4d55c00a04.jpg,assets/migrated/images/c839ba2ecb17_5cf4d55c00a04.jpg,73306,200
asset,https://www.ochodnica.sk/img/galleries/38/big/5cf4d55c20c2a.jpg,assets/migrated/images/aa54173c4251_5cf4d55c20c2a.jpg,108087,200
asset,https://www.ochodnica.sk/img/galleries/38/small/5cf4d55c20c2a.jpg,assets/migrated/images/316fbfce3533_5cf4d55c20c2a.jpg,69427,200
asset,https://www.ochodnica.sk/img/galleries/38/big/5cf4d55c3c8a5.jpg,assets/migrated/images/e129bbcfc79c_5cf4d55c3c8a5.jpg,206129,200
asset,https://www.ochodnica.sk/img/galleries/38/small/5cf4d55c3c8a5.jpg,assets/migrated/images/0e7274d9ac60_5cf4d55c3c8a5.jpg,107271,200
asset,https://www.ochodnica.sk/img/galleries/38/big/5cf4d55c59062.jpg,assets/migrated/images/8d65a1d06314_5cf4d55c59062.jpg,137870,200
asset,https://www.ochodnica.sk/img/galleries/38/small/5cf4d55c59062.jpg,assets/migrated/images/0edbd984bbbf_5cf4d55c59062.jpg,85994,200
asset,https://www.ochodnica.sk/img/galleries/38/big/5cf4d55c748f6.jpg,assets/migrated/images/8a67a1df4865_5cf4d55c748f6.jpg,115460,200
asset,https://www.ochodnica.sk/img/galleries/38/small/5cf4d55c748f6.jpg,assets/migrated/images/e2613949663d_5cf4d55c748f6.jpg,72622,200
asset,https://www.ochodnica.sk/img/galleries/38/big/5cf4d55c91613.jpg,assets/migrated/images/ff6afd92ea26_5cf4d55c91613.jpg,100419,200
asset,https://www.ochodnica.sk/img/galleries/38/small/5cf4d55c91613.jpg,assets/migrated/images/c6bd209574cd_5cf4d55c91613.jpg,85886,200
asset,https://www.ochodnica.sk/img/galleries/38/big/5cf4d55ca3bab.jpg,assets/migrated/images/a74ea57a7e3a_5cf4d55ca3bab.jpg,216436,200
asset,https://www.ochodnica.sk/img/galleries/38/small/5cf4d55ca3bab.jpg,assets/migrated/images/6d5dcabbfea0_5cf4d55ca3bab.jpg,96980,200
asset,https://www.ochodnica.sk/img/galleries/38/big/5cf4d55cc1cbf.jpg,assets/migrated/images/c0283f3b88c6_5cf4d55cc1cbf.jpg,310276,200
asset,https://www.ochodnica.sk/img/galleries/38/small/5cf4d55cc1cbf.jpg,assets/migrated/images/2b911ed76efd_5cf4d55cc1cbf.jpg,118029,200
page,https://www.ochodnica.sk/sk/o-obci/historicke-osady.html,sk/o-obci/historicke-osady.html,43806,200
asset,https://www.ochodnica.sk/img/galleries/37/big/5cf4ce640fe74.jpg,assets/migrated/images/10c4439cb0fe_5cf4ce640fe74.jpg,54050,200
asset,https://www.ochodnica.sk/img/galleries/37/small/5cf4ce640fe74.jpg,assets/migrated/images/9acfe20bbb59_5cf4ce640fe74.jpg,54313,200
asset,https://www.ochodnica.sk/img/galleries/37/big/5cf4cee564bb1.jpg,assets/migrated/images/e05dbff5d7df_5cf4cee564bb1.jpg,156698,200
asset,https://www.ochodnica.sk/img/galleries/37/small/5cf4cee564bb1.jpg,assets/migrated/images/9836580249ca_5cf4cee564bb1.jpg,77901,200
asset,https://www.ochodnica.sk/img/galleries/37/big/5cf4ce64c5986.jpg,assets/migrated/images/19bc4a677ec0_5cf4ce64c5986.jpg,129751,200
asset,https://www.ochodnica.sk/img/galleries/37/small/5cf4ce64c5986.jpg,assets/migrated/images/428436d1832d_5cf4ce64c5986.jpg,72326,200
asset,https://www.ochodnica.sk/img/galleries/37/big/5cf4ce651f321.jpg,assets/migrated/images/e432815d8564_5cf4ce651f321.jpg,183949,200
asset,https://www.ochodnica.sk/img/galleries/37/small/5cf4ce651f321.jpg,assets/migrated/images/d3e75a35be66_5cf4ce651f321.jpg,80987,200
asset,https://www.ochodnica.sk/img/galleries/37/big/5cf4ce660cbd8.jpg,assets/migrated/images/d8b49b706862_5cf4ce660cbd8.jpg,210878,200
asset,https://www.ochodnica.sk/img/galleries/37/small/5cf4ce660cbd8.jpg,assets/migrated/images/b4f063da3443_5cf4ce660cbd8.jpg,92434,200
asset,https://www.ochodnica.sk/img/galleries/37/big/5cf4ce6640b86.jpg,assets/migrated/images/bcfc43e97daa_5cf4ce6640b86.jpg,132183,200
asset,https://www.ochodnica.sk/img/galleries/37/small/5cf4ce6640b86.jpg,assets/migrated/images/5bad5c352b4e_5cf4ce6640b86.jpg,68357,200
asset,https://www.ochodnica.sk/img/galleries/37/big/5cf4ce6680a6b.jpg,assets/migrated/images/8fa840ff9534_5cf4ce6680a6b.jpg,206825,200
asset,https://www.ochodnica.sk/img/galleries/37/small/5cf4ce6680a6b.jpg,assets/migrated/images/48844a03862f_5cf4ce6680a6b.jpg,83042,200
asset,https://www.ochodnica.sk/img/galleries/37/big/5cf4ce66bf9a8.jpg,assets/migrated/images/8086f63126f4_5cf4ce66bf9a8.jpg,216420,200
asset,https://www.ochodnica.sk/img/galleries/37/small/5cf4ce66bf9a8.jpg,assets/migrated/images/5ca841ca1aea_5cf4ce66bf9a8.jpg,91090,200
asset,https://www.ochodnica.sk/img/galleries/37/big/5cf4ce6704afe.jpg,assets/migrated/images/25c272abc2d6_5cf4ce6704afe.jpg,220116,200
asset,https://www.ochodnica.sk/img/galleries/37/small/5cf4ce6704afe.jpg,assets/migrated/images/98f57abe06c9_5cf4ce6704afe.jpg,85438,200
page,https://www.ochodnica.sk/sk/o-obci/vodna-nadrz-ochodnica.html,sk/o-obci/vodna-nadrz-ochodnica.html,43837,200
asset,https://www.ochodnica.sk/files/uzemny-plan/sprava-cist.pdf,assets/migrated/documents/ab11dea0b27f_sprava-cist.pdf,419505,200
asset,https://www.ochodnica.sk/files/uzemny-plan/01_sirvztcist.pdf,assets/migrated/documents/d0f9a727c9b0_01_sirvztcist.pdf,93387570,200
asset,https://www.ochodnica.sk/files/uzemny-plan/02_rzaujmcistc.pdf,assets/migrated/documents/103f58fd792b_02_rzaujmcistc.pdf,31940871,200
asset,https://www.ochodnica.sk/files/uzemny-plan/03_nkuncist.pdf,assets/migrated/documents/cd2801fc8eb8_03_nkuncist.pdf,1564661,200
asset,https://www.ochodnica.sk/files/uzemny-plan/04_dopcist.pdf,assets/migrated/documents/adca9a8e6cfc_04_dopcist.pdf,2231632,200
asset,https://www.ochodnica.sk/files/uzemny-plan/05_sietecist.pdf,assets/migrated/documents/5e2b09cd05c2_05_sietecist.pdf,1851374,200
asset,https://www.ochodnica.sk/files/uzemny-plan/06_ppfcist.pdf,assets/migrated/documents/f38cfa006405_06_ppfcist.pdf,3857411,200
asset,https://www.ochodnica.sk/files/uzemny-plan/07_ochrcist.pdf,assets/migrated/documents/ad2fd9f9c679_07_ochrcist.pdf,39412612,200
page,https://www.ochodnica.sk/sk/o-obci/uzemny-plan.html,sk/o-obci/uzemny-plan.html,41343,200
asset,https://www.ochodnica.sk/app/webroot/img/ckeditor/noviny-ochodnican-2021.jpg,assets/migrated/images/26642370c141_noviny-ochodnican-2021.jpg,1371010,200
asset,https://www.ochodnica.sk/files/downloads/ochodnican-2021.pdf,assets/migrated/documents/299921f1710c_ochodnican-2021.pdf,4097071,200
asset,https://www.ochodnica.sk/files/downloads/ochodnican-1-2012.pdf,assets/migrated/documents/4da131add0bd_ochodnican-1-2012.pdf,6718491,200
page,https://www.ochodnica.sk/sk/o-obci/noviny-ochodnican.html,sk/o-obci/noviny-ochodnican.html,39091,200
page,https://www.ochodnica.sk/sk/stranky/samosprava,sk/stranky/samosprava/index.html,40211,200
page,https://www.ochodnica.sk/sk/samosprava/obecny-urad.html,sk/samosprava/obecny-urad.html,41093,200
asset,https://www.ochodnica.sk/files/downloads/rokovaci-poriadok-komisii-oz-ochodnica-2023.pdf,assets/migrated/documents/493cb906883d_rokovaci-poriadok-komisii-oz-ochodnica-2023.pdf,722957,200
page,https://www.ochodnica.sk/sk/samosprava/obecne-zastupitelstvo.html,sk/samosprava/obecne-zastupitelstvo.html,43478,200
page,https://www.ochodnica.sk/sk/samosprava/informacie-o-samosprave.html,sk/samosprava/informacie-o-samosprave.html,39969,200
page,https://www.ochodnica.sk/sk/samosprava/opravny-prostriedok.html,sk/samosprava/opravny-prostriedok.html,39139,200
asset,https://www.ochodnica.sk/files/downloads/spravne-poplatky-stavebny-urad.pdf,assets/migrated/documents/036fe344d2e5_spravne-poplatky-stavebny-urad.pdf,512219,200
page,https://www.ochodnica.sk/sk/samosprava/sadzobnik-dani-a-poplatkov.html,sk/samosprava/sadzobnik-dani-a-poplatkov.html,42445,200
asset,https://www.ochodnica.sk/files/downloads/ziadost-o-spristupnenie-informacii.pdf,assets/migrated/documents/33035110459f_ziadost-o-spristupnenie-informacii.pdf,286731,200
page,https://www.ochodnica.sk/sk/samosprava/ziskavanie-informacie.html,sk/samosprava/ziskavanie-informacie.html,39209,200
page,https://www.ochodnica.sk/sk/samosprava/ziadost-podnet-navrh-ziadost.html,sk/samosprava/ziadost-podnet-navrh-ziadost.html,39612,200
page,https://www.ochodnica.sk/sk/samosprava/projekty-a-dotacie.html,sk/samosprava/projekty-a-dotacie.html,41492,200
page,https://www.ochodnica.sk/sk/samosprava/verejne-obstaravanie.html,sk/samosprava/verejne-obstaravanie.html,44642,200
page,https://www.ochodnica.sk/sk/samosprava/komunalne-volby.html,sk/samosprava/komunalne-volby.html,38113,200
page,https://www.ochodnica.sk/sk/samosprava/zmluvy-faktury-a-objednavky.html,sk/samosprava/zmluvy-faktury-a-objednavky.html,39754,200
asset,https://www.ochodnica.sk/files/attachments/spravne-konania-2019.pdf,assets/migrated/documents/b8d0e360d0eb_spravne-konania-2019.pdf,332211,200
page,https://www.ochodnica.sk/sk/samosprava/spravne-konania.html,sk/samosprava/spravne-konania.html,39215,200
page,https://www.ochodnica.sk/sk/samosprava/stavebny-urad.html,sk/samosprava/stavebny-urad.html,45843,200
asset,https://www.ochodnica.sk/sk/subory/samosprava,assets/migrated/misc/555283ebe1e8_samosprava.html,54986,200
asset,https://www.ochodnica.sk/files/downloads/vzn-7-2024.pdf,assets/migrated/documents/3c00ac821927_vzn-7-2024.pdf,593984,200
asset,https://www.ochodnica.sk/files/downloads/vzn-4-2024-nakladanie-s-odpadmi.pdf,assets/migrated/documents/7cd99685bb83_vzn-4-2024-nakladanie-s-odpadmi.pdf,220220,200
asset,https://www.ochodnica.sk/files/downloads/vzn-poplatky-sj-cvc-2024.pdf,assets/migrated/documents/fd9f3ff03a97_vzn-poplatky-sj-cvc-2024.pdf,195686,200
asset,https://www.ochodnica.sk/files/downloads/vzn-5-2024-tko-poplatok.pdf,assets/migrated/documents/9331d2240ad8_vzn-5-2024-tko-poplatok.pdf,195482,200
asset,https://www.ochodnica.sk/files/downloads/vzn-2-2024-podmienky-predaja-ochodnica.pdf,assets/migrated/documents/7beebecc6834_vzn-2-2024-podmienky-predaja-ochodnica.pdf,3491212,200
asset,https://www.ochodnica.sk/files/downloads/vzn-3-2023.pdf,assets/migrated/documents/af8ed926d5b2_vzn-3-2023.pdf,435133,200
asset,https://www.ochodnica.sk/files/downloads/vseobecne-zavaezne-nariadenie-obce-ochodnica-c-2-2022.pdf,assets/migrated/documents/49da5096aeb9_vseobecne-zavaezne-nariadenie-obce-ochodnica-c-2-2022.pdf,830570,200
asset,https://www.ochodnica.sk/files/downloads/vzn-5-2023.pdf,assets/migrated/documents/d83d7ad5beb4_vzn-5-2023.pdf,127252,200
asset,https://www.ochodnica.sk/files/downloads/vzn-4-2023.pdf,assets/migrated/documents/2363cf933e9f_vzn-4-2023.pdf,222569,200
asset,https://www.ochodnica.sk/files/downloads/vzn-c-3-2022.pdf,assets/migrated/documents/9840f307b514_vzn-c-3-2022.pdf,633594,200
asset,https://www.ochodnica.sk/files/downloads/vzn-4-2022.pdf,assets/migrated/documents/56b2a8493777_vzn-4-2022.pdf,457845,200
asset,https://www.ochodnica.sk/files/downloads/vzn-prevadzkovy-pohrebiska.pdf,assets/migrated/documents/e66671494e51_vzn-prevadzkovy-pohrebiska.pdf,1152306,200
asset,https://www.ochodnica.sk/files/downloads/vzn-13-8-2021.pdf,assets/migrated/documents/78f5c26ba004_vzn-13-8-2021.pdf,2125159,200
asset,https://www.ochodnica.sk/files/downloads/dodatok-3-vzn-1-2013.pdf,assets/migrated/documents/86a133887e6c_dodatok-3-vzn-1-2013.pdf,498427,200
asset,https://www.ochodnica.sk/files/downloads/vzn-o-elektronickych-sluzbach.pdf,assets/migrated/documents/0dab1dcd1d82_vzn-o-elektronickych-sluzbach.pdf,257799,200
asset,https://www.ochodnica.sk/files/downloads/dodatok-2-vzn-1-2013.pdf,assets/migrated/documents/9799e2197ef0_dodatok-2-vzn-1-2013.pdf,303444,200
asset,https://www.ochodnica.sk/files/downloads/vzn-povodnova-ochrana.pdf,assets/migrated/documents/6a692a8fe8b9_vzn-povodnova-ochrana.pdf,106889,200
asset,https://www.ochodnica.sk/files/downloads/vzn-podujatia.pdf,assets/migrated/documents/19db6fef5283_vzn-podujatia.pdf,173678,200
asset,https://www.ochodnica.sk/files/downloads/vzn-skoly.pdf,assets/migrated/documents/13c0e47b74f2_vzn-skoly.pdf,143474,200
asset,https://www.ochodnica.sk/files/downloads/vzn-poplatky-za-ukony.pdf,assets/migrated/documents/a9b6fbd64bb1_vzn-poplatky-za-ukony.pdf,117093,200
asset,https://www.ochodnica.sk/files/downloads/vzn-miestne-poplatky.pdf,assets/migrated/documents/ddb8f2061e43_vzn-miestne-poplatky.pdf,67781,200
asset,https://www.ochodnica.sk/files/downloads/vzn-odpad.pdf,assets/migrated/documents/7e83ae0620e7_vzn-odpad.pdf,106336,200
asset,https://www.ochodnica.sk/files/downloads/vzn-miestne-dane.pdf,assets/migrated/documents/5daec39c3d7e_vzn-miestne-dane.pdf,257179,200
asset,https://www.ochodnica.sk/files/downloads/vzn-voda.pdf,assets/migrated/documents/90c03913528e_vzn-voda.pdf,246792,200
asset,https://www.ochodnica.sk/files/downloads/vzn-dotacie.pdf,assets/migrated/documents/b552beef9283_vzn-dotacie.pdf,406424,200
asset,https://www.ochodnica.sk/files/downloads/vzn-o-verejnom-poriadku.pdf,assets/migrated/documents/4c54b5fac319_vzn-o-verejnom-poriadku.pdf,505582,200
asset,https://www.ochodnica.sk/files/downloads/vzn-3-2016-komunalny-odpad-1.pdf,assets/migrated/documents/622860bcedbe_vzn-3-2016-komunalny-odpad-1.pdf,1127512,200
asset,https://www.ochodnica.sk/files/downloads/vzn-o-podmienkach-predaja.pdf,assets/migrated/documents/7d6f10056b3f_vzn-o-podmienkach-predaja.pdf,288918,200
asset,https://www.ochodnica.sk/files/downloads/plan-kontrolnej-cinnosti-2019-2-polrok.pdf,assets/migrated/documents/e45496f79595_plan-kontrolnej-cinnosti-2019-2-polrok.pdf,265118,200
asset,https://www.ochodnica.sk/files/downloads/smernica-o-odmenovani.pdf,assets/migrated/documents/37f5d598a1ea_smernica-o-odmenovani.pdf,102329,200
asset,https://www.ochodnica.sk/files/downloads/plan-kontrolnej-cinnosti-2019.pdf,assets/migrated/documents/4bc4937f6d03_plan-kontrolnej-cinnosti-2019.pdf,154840,200
asset,https://www.ochodnica.sk/files/downloads/nvrh-vzn-1-2021.pdf,assets/migrated/documents/2572eec905cf_nvrh-vzn-1-2021.pdf,394911,200
page,https://www.ochodnica.sk/sk/subory/vseobecne-zavaezne-nariadenia-a-smernice,sk/subory/vseobecne-zavaezne-nariadenia-a-smernice/index.html,51655,200
asset,https://www.ochodnica.sk/files/downloads/zapisnica-oz-20-8-2026.pdf,assets/migrated/documents/407196d7cbbd_zapisnica-oz-20-8-2026.pdf,273467,200
asset,https://www.ochodnica.sk/files/downloads/uznesenia-oz-20-08-2026.pdf,assets/migrated/documents/274961da4d72_uznesenia-oz-20-08-2026.pdf,500826,200
asset,https://www.ochodnica.sk/files/downloads/uznesenia-oz-18-6-2026.pdf,assets/migrated/documents/42b85a11ed53_uznesenia-oz-18-6-2026.pdf,503840,200
asset,https://www.ochodnica.sk/files/downloads/zapisnica-oz-18-6-2026.pdf,assets/migrated/documents/dc08b496b3ec_zapisnica-oz-18-6-2026.pdf,932418,200
asset,https://www.ochodnica.sk/files/downloads/zapisnica-oz-7-5-2026.pdf,assets/migrated/documents/53907dcd91aa_zapisnica-oz-7-5-2026.pdf,341789,200
asset,https://www.ochodnica.sk/files/downloads/uznesenia-oz-7-5-2026.pdf,assets/migrated/documents/d3e2a292b2f5_uznesenia-oz-7-5-2026.pdf,396687,200
asset,https://www.ochodnica.sk/files/downloads/zapisnica-oz-16-04-2026.pdf,assets/migrated/documents/a3075b4d25dd_zapisnica-oz-16-04-2026.pdf,1163327,200
asset,https://www.ochodnica.sk/files/downloads/uznesenia-oz-16-04-2026.pdf,assets/migrated/documents/6e959507c505_uznesenia-oz-16-04-2026.pdf,419172,200
asset,https://www.ochodnica.sk/files/downloads/zapisnica-oz-6-2-2026.pdf,assets/migrated/documents/44b9ff26e378_zapisnica-oz-6-2-2026.pdf,477703,200
asset,https://www.ochodnica.sk/files/downloads/uznesenia-oz-06-02-2026.pdf,assets/migrated/documents/4a31b4a21718_uznesenia-oz-06-02-2026.pdf,505032,200
asset,https://www.ochodnica.sk/files/downloads/uznesenia-oz-12-12-2025.pdf,assets/migrated/documents/48b4c85dcac5_uznesenia-oz-12-12-2025.pdf,126519,200
asset,https://www.ochodnica.sk/files/downloads/zapisnica-oz-13-11-2025.pdf,assets/migrated/documents/9e0c0f559167_zapisnica-oz-13-11-2025.pdf,380775,200
asset,https://www.ochodnica.sk/files/downloads/uznesenia-oz-13-11-2025.pdf,assets/migrated/documents/949a0e680c56_uznesenia-oz-13-11-2025.pdf,421264,200
asset,https://www.ochodnica.sk/files/downloads/zapisnica-oz-17-10-2025.pdf,assets/migrated/documents/abacc7eab34c_zapisnica-oz-17-10-2025.pdf,395226,200
asset,https://www.ochodnica.sk/files/downloads/uznesenia-oz-17-10-2025.pdf,assets/migrated/documents/9e8e3fffa3f2_uznesenia-oz-17-10-2025.pdf,231460,200
asset,https://www.ochodnica.sk/files/downloads/priloha-c-1-5-9-2025.pdf,assets/migrated/documents/480a155bb27d_priloha-c-1-5-9-2025.pdf,458483,200
asset,https://www.ochodnica.sk/files/downloads/zapisnica-oz-59-2025.pdf,assets/migrated/documents/65fb4e1ce077_zapisnica-oz-59-2025.pdf,1138242,200
asset,https://www.ochodnica.sk/files/downloads/uznesenia-oz-5-9-2025.pdf,assets/migrated/documents/cf5b0a3a46dd_uznesenia-oz-5-9-2025.pdf,440954,200
asset,https://www.ochodnica.sk/files/downloads/zapisnica-oz-24-7-2025.pdf,assets/migrated/documents/c5b9582363ad_zapisnica-oz-24-7-2025.pdf,244216,200
asset,https://www.ochodnica.sk/files/downloads/uznesenia-oz-24-7-2025.pdf,assets/migrated/documents/585a7942d38d_uznesenia-oz-24-7-2025.pdf,405777,200
asset,https://www.ochodnica.sk/files/downloads/zapisnica-oz-19-06-2025.pdf,assets/migrated/documents/afb39a7e6330_zapisnica-oz-19-06-2025.pdf,363143,200
asset,https://www.ochodnica.sk/files/downloads/uznesenia-oz-19-06.pdf,assets/migrated/documents/16ef4d2841ae_uznesenia-oz-19-06.pdf,148006,200
asset,https://www.ochodnica.sk/files/downloads/zapisnica-oz-29-5-2025.pdf,assets/migrated/documents/28238673652c_zapisnica-oz-29-5-2025.pdf,502484,200
asset,https://www.ochodnica.sk/files/downloads/uznesenia-oz-29-05.pdf,assets/migrated/documents/40baa4c2f13a_uznesenia-oz-29-05.pdf,430612,200
asset,https://www.ochodnica.sk/files/downloads/zapisnica-27-3-2025.pdf,assets/migrated/documents/e4a1e933adff_zapisnica-27-3-2025.pdf,527666,200
asset,https://www.ochodnica.sk/files/downloads/uznesenia-oz-27-03-2025.pdf,assets/migrated/documents/99d7d57f7ac5_uznesenia-oz-27-03-2025.pdf,425695,200
asset,https://www.ochodnica.sk/files/downloads/zapisnica-oz-30-1-2025.pdf,assets/migrated/documents/880c184873c4_zapisnica-oz-30-1-2025.pdf,1110678,200
asset,https://www.ochodnica.sk/files/downloads/priloha-1-30-1-2025.pdf,assets/migrated/documents/c66850237b17_priloha-1-30-1-2025.pdf,172979,200
asset,https://www.ochodnica.sk/files/downloads/uznesenia-30-01-2025.pdf,assets/migrated/documents/d9ec441cde9c_uznesenia-30-01-2025.pdf,117523,200
asset,https://www.ochodnica.sk/files/downloads/zapisnica-3-1-2025.pdf,assets/migrated/documents/c32710415810_zapisnica-3-1-2025.pdf,196392,200
asset,https://www.ochodnica.sk/files/downloads/uznesenia-oz-03-01-2025.pdf,assets/migrated/documents/71050e64cac9_uznesenia-oz-03-01-2025.pdf,202032,200
asset,https://www.ochodnica.sk/files/downloads/zapisnica-oz-12-12-2024.pdf,assets/migrated/documents/4e775c738724_zapisnica-oz-12-12-2024.pdf,966246,200
asset,https://www.ochodnica.sk/files/downloads/uznesenia-oz-12-12-2024.pdf,assets/migrated/documents/32b1d71a2181_uznesenia-oz-12-12-2024.pdf,160201,200
asset,https://www.ochodnica.sk/files/downloads/zapisnica-oz-15-11-2024.pdf,assets/migrated/documents/b07172f706d6_zapisnica-oz-15-11-2024.pdf,1097568,200
asset,https://www.ochodnica.sk/files/downloads/uznesenia-oz-15-11-2024.pdf,assets/migrated/documents/9d635774f8b6_uznesenia-oz-15-11-2024.pdf,422256,200
asset,https://www.ochodnica.sk/files/downloads/zapisnica-oz-18-10-2024.pdf,assets/migrated/documents/3c73b68ca835_zapisnica-oz-18-10-2024.pdf,1030099,200
asset,https://www.ochodnica.sk/files/downloads/priloha-1-oz-18-10-2024.pdf,assets/migrated/documents/7d96f781a91e_priloha-1-oz-18-10-2024.pdf,273364,200
asset,https://www.ochodnica.sk/files/downloads/uznesenia-oz-18-10-2024.pdf,assets/migrated/documents/eec4b9ac784a_uznesenia-oz-18-10-2024.pdf,543949,200
asset,https://www.ochodnica.sk/files/downloads/zapisnica-oz-9-9-2024.pdf,assets/migrated/documents/80fc4bb6d053_zapisnica-oz-9-9-2024.pdf,994325,200
asset,https://www.ochodnica.sk/files/downloads/uznesenia-oz-9-9-2024.pdf,assets/migrated/documents/4748b685e5f3_uznesenia-oz-9-9-2024.pdf,412255,200
asset,https://www.ochodnica.sk/files/downloads/priloha-1-9-9-2024.pdf,assets/migrated/documents/2cd90f65efb9_priloha-1-9-9-2024.pdf,558444,200
asset,https://www.ochodnica.sk/files/downloads/zapisnica-oz-21-06-2024.pdf,assets/migrated/documents/98cce33eb082_zapisnica-oz-21-06-2024.pdf,1056951,200
asset,https://www.ochodnica.sk/files/downloads/priloha-c-1-oz-c-6.pdf,assets/migrated/documents/732b50a19a8a_priloha-c-1-oz-c-6.pdf,371395,200
asset,https://www.ochodnica.sk/files/downloads/uznesenia-oz-21-6-2024.pdf,assets/migrated/documents/a3a439dc953d_uznesenia-oz-21-6-2024.pdf,565114,200
asset,https://www.ochodnica.sk/files/downloads/zapisnica-31-5-2024.pdf,assets/migrated/documents/66589d94a86b_zapisnica-31-5-2024.pdf,954166,200
asset,https://www.ochodnica.sk/files/downloads/kontrola-uzneseni-30-5-2024.pdf,assets/migrated/documents/5e2bd0734c2e_kontrola-uzneseni-30-5-2024.pdf,523791,200
asset,https://www.ochodnica.sk/files/downloads/uznesenia-oz-31-5-2024.pdf,assets/migrated/documents/94ad3730e2d7_uznesenia-oz-31-5-2024.pdf,141592,200
asset,https://www.ochodnica.sk/files/downloads/zapisnica-oz-26-04-2024.pdf,assets/migrated/documents/85eacd8fccfc_zapisnica-oz-26-04-2024.pdf,1144197,200
asset,https://www.ochodnica.sk/files/downloads/uznesenia-oz-26-04-2024.pdf,assets/migrated/documents/6a162a4f1da9_uznesenia-oz-26-04-2024.pdf,680774,200
asset,https://www.ochodnica.sk/files/downloads/zapisnica-oz-15-3-2024.pdf,assets/migrated/documents/54bcc75193ee_zapisnica-oz-15-3-2024.pdf,277016,200
asset,https://www.ochodnica.sk/files/downloads/zapisnica-oz-1-3-2024-1.pdf,assets/migrated/documents/b7b8a41d0b17_zapisnica-oz-1-3-2024-1.pdf,905787,200
asset,https://www.ochodnica.sk/files/downloads/uznesenia-oz-15-3-2024.pdf,assets/migrated/documents/c3e377f6b0b5_uznesenia-oz-15-3-2024.pdf,414809,200
asset,https://www.ochodnica.sk/files/downloads/zapisnica-oz-1-3-2024.pdf,assets/migrated/documents/c4c262fcedc7_zapisnica-oz-1-3-2024.pdf,426877,200
asset,https://www.ochodnica.sk/files/downloads/uznesenia-oz-1-3-2024.pdf,assets/migrated/documents/3ee2d9b65353_uznesenia-oz-1-3-2024.pdf,150618,200
asset,https://www.ochodnica.sk/files/downloads/uznesenia-oz-29-01-2024.pdf,assets/migrated/documents/4c8a38a4e831_uznesenia-oz-29-01-2024.pdf,604771,200
asset,https://www.ochodnica.sk/files/downloads/28-12-2023-kontrola-plnenia-uzneseni.pdf,assets/migrated/documents/8688da93a4cf_28-12-2023-kontrola-plnenia-uzneseni.pdf,517474,200
asset,https://www.ochodnica.sk/files/downloads/zapisnica-oz-28-12-2023.pdf,assets/migrated/documents/c963060d5de2_zapisnica-oz-28-12-2023.pdf,1069433,200
asset,https://www.ochodnica.sk/files/downloads/zapisnica-oz-13-12-2023.pdf,assets/migrated/documents/0733af567407_zapisnica-oz-13-12-2023.pdf,835054,200
asset,https://www.ochodnica.sk/files/downloads/uznesenia-oz-28-12-2023.pdf,assets/migrated/documents/0bd92c3d7653_uznesenia-oz-28-12-2023.pdf,416775,200
asset,https://www.ochodnica.sk/files/downloads/uznesenia-oz-13-12-2023.pdf,assets/migrated/documents/bb76c5ff9602_uznesenia-oz-13-12-2023.pdf,423913,200
asset,https://www.ochodnica.sk/files/downloads/zapisnica-oz-16-11-2023.pdf,assets/migrated/documents/dd3b0957b5d9_zapisnica-oz-16-11-2023.pdf,228759,200
asset,https://www.ochodnica.sk/files/downloads/zapisnica-oz-26-10-2023.pdf,assets/migrated/documents/d06a435cba2d_zapisnica-oz-26-10-2023.pdf,681311,200
asset,https://www.ochodnica.sk/files/downloads/uznesenie-oz-16-11-2023.pdf,assets/migrated/documents/d16dd6c59b7b_uznesenie-oz-16-11-2023.pdf,149936,200
asset,https://www.ochodnica.sk/files/downloads/oz-c-13-pozvanka-na-16-10-2023-def.pdf,assets/migrated/documents/e692da29f2ec_oz-c-13-pozvanka-na-16-10-2023-def.pdf,536123,200
asset,https://www.ochodnica.sk/files/downloads/uznesenia-oz-26-10-2023.pdf,assets/migrated/documents/74c8e7b9962e_uznesenia-oz-26-10-2023.pdf,325583,200
asset,https://www.ochodnica.sk/files/downloads/zapisnica-oz-8-9-2023.pdf,assets/migrated/documents/cb285e5b94c7_zapisnica-oz-8-9-2023.pdf,701247,200
asset,https://www.ochodnica.sk/files/downloads/uznesenia-oz-8-9-2023.pdf,assets/migrated/documents/19cd6dbb327b_uznesenia-oz-8-9-2023.pdf,355539,200
asset,https://www.ochodnica.sk/files/downloads/zapisnica-oz-23-8-2023.pdf,assets/migrated/documents/7d21b913aba7_zapisnica-oz-23-8-2023.pdf,758809,200
asset,https://www.ochodnica.sk/files/downloads/uznesenia-oz-23-8-2023.pdf,assets/migrated/documents/94beeffe1325_uznesenia-oz-23-8-2023.pdf,223506,200
asset,https://www.ochodnica.sk/files/downloads/zapisnica-oz-27-7-2023.pdf,assets/migrated/documents/ffb59b4f7d70_zapisnica-oz-27-7-2023.pdf,673303,200
asset,https://www.ochodnica.sk/files/downloads/uznesenia-27-7-2023.pdf,assets/migrated/documents/611a8ca502fe_uznesenia-27-7-2023.pdf,541853,200
asset,https://www.ochodnica.sk/files/downloads/zapisnica-oz-23-6-2023.pdf,assets/migrated/documents/dd0deb25e861_zapisnica-oz-23-6-2023.pdf,750727,200
asset,https://www.ochodnica.sk/files/downloads/uznesenia-oz-23-6-2023.pdf,assets/migrated/documents/269f08c3d74c_uznesenia-oz-23-6-2023.pdf,873316,200
asset,https://www.ochodnica.sk/files/downloads/zapisnica-oz-19-5-2023.pdf,assets/migrated/documents/ea03e6bda554_zapisnica-oz-19-5-2023.pdf,493944,200
asset,https://www.ochodnica.sk/files/downloads/uznesenia-ochodnica-19-5-2023.pdf,assets/migrated/documents/d382c280c6b2_uznesenia-ochodnica-19-5-2023.pdf,396384,200
asset,https://www.ochodnica.sk/files/downloads/zapisnica-oz-28-4-2023.pdf,assets/migrated/documents/4619444826c0_zapisnica-oz-28-4-2023.pdf,987206,200
asset,https://www.ochodnica.sk/files/downloads/uznesenia-ochodnica-28-4-2023.pdf,assets/migrated/documents/f6538fec5bfa_uznesenia-ochodnica-28-4-2023.pdf,863912,200
asset,https://www.ochodnica.sk/files/downloads/zapisnica-uoz-24-2-2023.pdf,assets/migrated/documents/7bf01ffe8067_zapisnica-uoz-24-2-2023.pdf,849613,200
asset,https://www.ochodnica.sk/files/downloads/uznesenie-24-2-2023.pdf,assets/migrated/documents/54d6c7bddb43_uznesenie-24-2-2023.pdf,410872,200
asset,https://www.ochodnica.sk/files/downloads/slub-poslanca-mecar.pdf,assets/migrated/documents/4794f9ad0909_slub-poslanca-mecar.pdf,24785,200
asset,https://www.ochodnica.sk/files/downloads/uznesenia-oz-3-2-2023.pdf,assets/migrated/documents/afcb70ae1a7c_uznesenia-oz-3-2-2023.pdf,749172,200
asset,https://www.ochodnica.sk/files/downloads/zapisnica-3-2-2023.pdf,assets/migrated/documents/2b3071c15f9b_zapisnica-3-2-2023.pdf,993060,200
asset,https://www.ochodnica.sk/files/downloads/uznesenia-zo-zasadnutia-oz-zo-dna-22-12-2022.pdf,assets/migrated/documents/a4798670ba75_uznesenia-zo-zasadnutia-oz-zo-dna-22-12-2022.pdf,193745,200
asset,https://www.ochodnica.sk/files/downloads/zapisnica-z-oz-zo-dna-22-12-2022.pdf,assets/migrated/documents/2a13505c4a66_zapisnica-z-oz-zo-dna-22-12-2022.pdf,1062631,200
asset,https://www.ochodnica.sk/files/downloads/uznesenia-zo-zasadnutia-oz-zo-dna-15-12-2022.pdf,assets/migrated/documents/1b6bb722ec97_uznesenia-zo-zasadnutia-oz-zo-dna-15-12-2022.pdf,575768,200
asset,https://www.ochodnica.sk/files/downloads/zapisnica-z-oz-zo-dna-15-12-2022.pdf,assets/migrated/documents/3f126f36721f_zapisnica-z-oz-zo-dna-15-12-2022.pdf,1003959,200
asset,https://www.ochodnica.sk/files/downloads/uznesenia-zo-zasadnutia-oz-zo-dna-25-11-2022.pdf,assets/migrated/documents/074a0b86946a_uznesenia-zo-zasadnutia-oz-zo-dna-25-11-2022.pdf,232252,200
asset,https://www.ochodnica.sk/files/downloads/zapisnica-z-oz-zo-dna-25-11-2022.pdf,assets/migrated/documents/f1bafed0d8df_zapisnica-z-oz-zo-dna-25-11-2022.pdf,423107,200
asset,https://www.ochodnica.sk/files/downloads/vysledky-komunalnych-volieb-2022.pdf,assets/migrated/documents/225ddbce9822_vysledky-komunalnych-volieb-2022.pdf,38834,200
asset,https://www.ochodnica.sk/files/downloads/slub-poslancov-starostu.pdf,assets/migrated/documents/9fe8c409cb1d_slub-poslancov-starostu.pdf,62575,200
asset,https://www.ochodnica.sk/files/downloads/uznesenia-zo-zasadnutia-oz-zo-dna-14-10-2022.pdf,assets/migrated/documents/db4263331bcc_uznesenia-zo-zasadnutia-oz-zo-dna-14-10-2022.pdf,747444,200
asset,https://www.ochodnica.sk/files/downloads/zapisnica-z-oz-zo-dna-14-10-2022.pdf,assets/migrated/documents/03449811fba3_zapisnica-z-oz-zo-dna-14-10-2022.pdf,864355,200
asset,https://www.ochodnica.sk/files/downloads/uznesenia-zo-zasadnutia-oz-zo-dna-14-09-2022.pdf,assets/migrated/documents/710074280504_uznesenia-zo-zasadnutia-oz-zo-dna-14-09-2022.pdf,398785,200
asset,https://www.ochodnica.sk/files/downloads/zapisnica-z-oz-zo-dna-14-9-2022.pdf,assets/migrated/documents/018383e60581_zapisnica-z-oz-zo-dna-14-9-2022.pdf,767053,200
asset,https://www.ochodnica.sk/files/downloads/uznesenia-zo-zasadnutia-oz-zo-dna-24-06-2022.pdf,assets/migrated/documents/5bb9f75d5dac_uznesenia-zo-zasadnutia-oz-zo-dna-24-06-2022.pdf,394813,200
asset,https://www.ochodnica.sk/files/downloads/zapisnica-z-oz-zo-dna-24-6-2022.pdf,assets/migrated/documents/db191e126ae5_zapisnica-z-oz-zo-dna-24-6-2022.pdf,433884,200
asset,https://www.ochodnica.sk/files/downloads/uznesenia-oz-v-ochodnici-06-05-2022.pdf,assets/migrated/documents/2e76a9071df4_uznesenia-oz-v-ochodnici-06-05-2022.pdf,764386,200
asset,https://www.ochodnica.sk/files/downloads/zapisnica-oz-z-06-05-2022.pdf,assets/migrated/documents/0f2f97ce57fb_zapisnica-oz-z-06-05-2022.pdf,808782,200
asset,https://www.ochodnica.sk/files/downloads/uznesenia-oz-v-ochodnici-25-02-2022.pdf,assets/migrated/documents/b0071160a526_uznesenia-oz-v-ochodnici-25-02-2022.pdf,765541,200
asset,https://www.ochodnica.sk/files/downloads/zapisnica-oz-z-25-02-2022.pdf,assets/migrated/documents/480bdd6e7df2_zapisnica-oz-z-25-02-2022.pdf,443638,200
asset,https://www.ochodnica.sk/files/downloads/zapisnica-oz-z-28-12-2021.pdf,assets/migrated/documents/454e6c369f36_zapisnica-oz-z-28-12-2021.pdf,503655,200
asset,https://www.ochodnica.sk/files/downloads/uznesenia-oz-v-ochodnici-28-12-2021.pdf,assets/migrated/documents/983c751bebfb_uznesenia-oz-v-ochodnici-28-12-2021.pdf,659035,200
asset,https://www.ochodnica.sk/files/downloads/zapisnica-oz-z-12-11-2021.pdf,assets/migrated/documents/889574cacaad_zapisnica-oz-z-12-11-2021.pdf,539210,200
asset,https://www.ochodnica.sk/files/downloads/uznesenia-oz-v-ochodnici-12-11-2021.pdf,assets/migrated/documents/a2aa3f51bd7c_uznesenia-oz-v-ochodnici-12-11-2021.pdf,384917,200
asset,https://www.ochodnica.sk/files/downloads/uznesenia-oz-v-ochodnici-13-8-2021.pdf,assets/migrated/documents/bfc7c1688222_uznesenia-oz-v-ochodnici-13-8-2021.pdf,597906,200
asset,https://www.ochodnica.sk/files/downloads/zapisnica-oz-z-13-08-2021-pdf.pdf,assets/migrated/documents/9f070f8bd40b_zapisnica-oz-z-13-08-2021-pdf.pdf,383692,200
asset,https://www.ochodnica.sk/files/downloads/uznesenia-oz-v-ochodnici-18-6-2021-pdf.pdf,assets/migrated/documents/5453e59a96a0_uznesenia-oz-v-ochodnici-18-6-2021-pdf.pdf,394023,200
asset,https://www.ochodnica.sk/files/downloads/zapisnica-oz-z-18-06-2021.pdf,assets/migrated/documents/ff47a84a63a5_zapisnica-oz-z-18-06-2021.pdf,684736,200
asset,https://www.ochodnica.sk/files/downloads/uznesenia-oz-v-ochodnici-30-5-2021.pdf,assets/migrated/documents/cd6ac2bf2dba_uznesenia-oz-v-ochodnici-30-5-2021.pdf,369046,200
asset,https://www.ochodnica.sk/files/downloads/zapisnica-oz-z-30-05-2021.pdf,assets/migrated/documents/4434bdf8287a_zapisnica-oz-z-30-05-2021.pdf,387112,200
asset,https://www.ochodnica.sk/files/downloads/uznesenie-oz-zo-dna-30-04-2021.pdf,assets/migrated/documents/f7b858583c87_uznesenie-oz-zo-dna-30-04-2021.pdf,212419,200
asset,https://www.ochodnica.sk/files/downloads/zapisnica-z-oz-30-4-2021.pdf,assets/migrated/documents/3e1ea4250a96_zapisnica-z-oz-30-4-2021.pdf,258160,200
asset,https://www.ochodnica.sk/files/downloads/uznesenia-oz-9-4-2021.pdf,assets/migrated/documents/9f557cad1725_uznesenia-oz-9-4-2021.pdf,205492,200
asset,https://www.ochodnica.sk/files/downloads/zapisnica-oz-9-4-2021.pdf,assets/migrated/documents/9646c0815889_zapisnica-oz-9-4-2021.pdf,310448,200
asset,https://www.ochodnica.sk/files/downloads/uznesenia-oz-19-3-2021.pdf,assets/migrated/documents/3ba52d36812e_uznesenia-oz-19-3-2021.pdf,203488,200
asset,https://www.ochodnica.sk/files/downloads/zapisnica-oz-19-3-2021.pdf,assets/migrated/documents/48490d5e28f9_zapisnica-oz-19-3-2021.pdf,392895,200
asset,https://www.ochodnica.sk/files/downloads/uznesenia-oz-19-2-2021.pdf,assets/migrated/documents/b057146a3ea6_uznesenia-oz-19-2-2021.pdf,996507,200
asset,https://www.ochodnica.sk/files/downloads/zapisnica-oz-19-2-2021.pdf,assets/migrated/documents/6a6ac28a9d11_zapisnica-oz-19-2-2021.pdf,591940,200
asset,https://www.ochodnica.sk/files/downloads/zapisnica-oz-29-12-2020.pdf,assets/migrated/documents/13a2b641f3d6_zapisnica-oz-29-12-2020.pdf,514062,200
asset,https://www.ochodnica.sk/files/downloads/uznesenia-oz-29-12-2020.pdf,assets/migrated/documents/7d76f92832d2_uznesenia-oz-29-12-2020.pdf,560746,200
asset,https://www.ochodnica.sk/files/downloads/uznesenia-oz-16-12-2020.pdf,assets/migrated/documents/9dd5b9baef18_uznesenia-oz-16-12-2020.pdf,192295,200
asset,https://www.ochodnica.sk/files/downloads/zapisnica-oz-16-12-2020.pdf,assets/migrated/documents/1ca81393f5e5_zapisnica-oz-16-12-2020.pdf,383144,200
asset,https://www.ochodnica.sk/files/downloads/uznesenia-oz-27-11-2020.pdf,assets/migrated/documents/5f08b95af4a0_uznesenia-oz-27-11-2020.pdf,554294,200
asset,https://www.ochodnica.sk/files/downloads/zapisnica-oz-27-11-2020.pdf,assets/migrated/documents/043ded273597_zapisnica-oz-27-11-2020.pdf,532779,200
asset,https://www.ochodnica.sk/files/downloads/uznesenia-oz-6-11-2020.pdf,assets/migrated/documents/53cebedca911_uznesenia-oz-6-11-2020.pdf,1256525,200
asset,https://www.ochodnica.sk/files/downloads/zapisnica-oz-6-11-2020.pdf,assets/migrated/documents/7baee5b14dff_zapisnica-oz-6-11-2020.pdf,623228,200
asset,https://www.ochodnica.sk/files/downloads/uznesenia-oz-4-9-2020.pdf,assets/migrated/documents/b1547645215b_uznesenia-oz-4-9-2020.pdf,573313,200
asset,https://www.ochodnica.sk/files/downloads/zapisnica-oz-4-9-2020.pdf,assets/migrated/documents/da92b81ee916_zapisnica-oz-4-9-2020.pdf,581607,200
asset,https://www.ochodnica.sk/files/downloads/uznesenia-oz-24-7-2020.pdf,assets/migrated/documents/844e0b3858b7_uznesenia-oz-24-7-2020.pdf,374027,200
asset,https://www.ochodnica.sk/files/downloads/zapisnica-oz-24-7-2020.pdf,assets/migrated/documents/a7d0c7b78413_zapisnica-oz-24-7-2020.pdf,496162,200
asset,https://www.ochodnica.sk/files/downloads/uznesenia-oz-3-7-2020.pdf,assets/migrated/documents/dc9c6d88dce3_uznesenia-oz-3-7-2020.pdf,378017,200
asset,https://www.ochodnica.sk/files/downloads/zapisnica-oz-3-7-2020.pdf,assets/migrated/documents/269f05ed5304_zapisnica-oz-3-7-2020.pdf,561229,200
asset,https://www.ochodnica.sk/files/downloads/uznesenia-oz-25-6-2020.pdf,assets/migrated/documents/0208315cb15f_uznesenia-oz-25-6-2020.pdf,368672,200
asset,https://www.ochodnica.sk/files/downloads/zapisnica-oz-25-6-2020.pdf,assets/migrated/documents/a11b47e58b46_zapisnica-oz-25-6-2020.pdf,649621,200
asset,https://www.ochodnica.sk/files/downloads/uznesenia-oz-28-5-2020.pdf,assets/migrated/documents/a92464c4e6b2_uznesenia-oz-28-5-2020.pdf,948954,200
asset,https://www.ochodnica.sk/files/downloads/zapisnica-oz-28-5-2020.pdf,assets/migrated/documents/dcc0bf885e0c_zapisnica-oz-28-5-2020.pdf,577484,200
asset,https://www.ochodnica.sk/files/downloads/uznesenia-oz-1-5-2020.pdf,assets/migrated/documents/7587c090f2f2_uznesenia-oz-1-5-2020.pdf,723884,200
asset,https://www.ochodnica.sk/files/downloads/zapisnica-oz-1-5-2020.pdf,assets/migrated/documents/b2894dc3f2db_zapisnica-oz-1-5-2020.pdf,582224,200
asset,https://www.ochodnica.sk/files/downloads/uznesenia-oz-13-2-2020.pdf,assets/migrated/documents/2b13a7473886_uznesenia-oz-13-2-2020.pdf,793667,200
asset,https://www.ochodnica.sk/files/downloads/zapisnica-oz-13-2-2020.pdf,assets/migrated/documents/f0af3ea1d7a6_zapisnica-oz-13-2-2020.pdf,585107,200
asset,https://www.ochodnica.sk/files/downloads/uznesenia-oz-24-1-2020.pdf,assets/migrated/documents/befda88b8ef3_uznesenia-oz-24-1-2020.pdf,188577,200
asset,https://www.ochodnica.sk/files/downloads/zapisnica-oz-24-1-2020.pdf,assets/migrated/documents/fd74e6769872_zapisnica-oz-24-1-2020.pdf,301880,200
asset,https://www.ochodnica.sk/files/downloads/zapisnica-oz-27-12-2019.pdf,assets/migrated/documents/fba2478ff5ab_zapisnica-oz-27-12-2019.pdf,311010,200
asset,https://www.ochodnica.sk/files/downloads/uznesenia-oz-27-12-2019.pdf,assets/migrated/documents/cb01be98ec31_uznesenia-oz-27-12-2019.pdf,469606,200
asset,https://www.ochodnica.sk/files/downloads/uznesenia-oz-14-12-2019.pdf,assets/migrated/documents/22e7c397dab7_uznesenia-oz-14-12-2019.pdf,1119266,200
asset,https://www.ochodnica.sk/files/downloads/zapisnica-oz-14-12-2019-pdf.pdf,assets/migrated/documents/d4aa2b097e28_zapisnica-oz-14-12-2019-pdf.pdf,212170,200
asset,https://www.ochodnica.sk/files/downloads/zapisnica-oz-22-11-2019-pdf.pdf,assets/migrated/documents/bc31455b28b8_zapisnica-oz-22-11-2019-pdf.pdf,285915,200
asset,https://www.ochodnica.sk/files/downloads/uznesenia-oz-22-11-2019.pdf,assets/migrated/documents/206a682a8639_uznesenia-oz-22-11-2019.pdf,217143,200
asset,https://www.ochodnica.sk/files/downloads/uznesenia-oz-13-9-2019.pdf,assets/migrated/documents/8cc5041858c9_uznesenia-oz-13-9-2019.pdf,1147667,200
asset,https://www.ochodnica.sk/files/downloads/zapisnica-oz-13-09-2019-pdf.pdf,assets/migrated/documents/74932c4f2e5f_zapisnica-oz-13-09-2019-pdf.pdf,223257,200
asset,https://www.ochodnica.sk/files/downloads/uznesenia-oz-28-6-2019.pdf,assets/migrated/documents/93a58f0805da_uznesenia-oz-28-6-2019.pdf,254717,200
asset,https://www.ochodnica.sk/files/downloads/zapisnica-oz-28-06-2019.pdf,assets/migrated/documents/9688ba6d71d6_zapisnica-oz-28-06-2019.pdf,289948,200
asset,https://www.ochodnica.sk/files/downloads/uznesenia-oz-26-4-2019.pdf,assets/migrated/documents/81dc71a0b6e4_uznesenia-oz-26-4-2019.pdf,796560,200
asset,https://www.ochodnica.sk/files/downloads/zapisnica-oz-26-04-2019.pdf,assets/migrated/documents/9d658e6d7604_zapisnica-oz-26-04-2019.pdf,212097,200
asset,https://www.ochodnica.sk/files/downloads/uznesenie-oz-15-3-2019.pdf,assets/migrated/documents/94632d729a42_uznesenie-oz-15-3-2019.pdf,129000,200
asset,https://www.ochodnica.sk/files/downloads/zapisnica-oz-15-3-2019.pdf,assets/migrated/documents/5728fccb6545_zapisnica-oz-15-3-2019.pdf,271243,200
asset,https://www.ochodnica.sk/files/downloads/zapisnica-oz-10-3-2019.pdf,assets/migrated/documents/ff9fc3c06478_zapisnica-oz-10-3-2019.pdf,272266,200
asset,https://www.ochodnica.sk/files/downloads/uznesenia-oz-22-2-2019.pdf,assets/migrated/documents/45c2f7fda4cd_uznesenia-oz-22-2-2019.pdf,305954,200
asset,https://www.ochodnica.sk/files/downloads/zapisnica-oz-22-2-2019.pdf,assets/migrated/documents/9c6e554528f0_zapisnica-oz-22-2-2019.pdf,244783,200
asset,https://www.ochodnica.sk/files/downloads/uznesenia-oz-1-2-2019.pdf,assets/migrated/documents/12d0191e4de6_uznesenia-oz-1-2-2019.pdf,239933,200
asset,https://www.ochodnica.sk/files/downloads/zapisnica-oz-1-2-2019.pdf,assets/migrated/documents/4a477c9e4e03_zapisnica-oz-1-2-2019.pdf,283376,200
asset,https://www.ochodnica.sk/files/downloads/zapisnica-oz-28-12-2018.pdf,assets/migrated/documents/f476877eebe4_zapisnica-oz-28-12-2018.pdf,325671,200
asset,https://www.ochodnica.sk/files/downloads/uznesenia-oz-28-12-2018.pdf,assets/migrated/documents/039515482201_uznesenia-oz-28-12-2018.pdf,351527,200
asset,https://www.ochodnica.sk/files/downloads/uznesenia-oz-10-12-2018.pdf,assets/migrated/documents/70cf15d99245_uznesenia-oz-10-12-2018.pdf,193070,200
asset,https://www.ochodnica.sk/files/downloads/zapisnica-oz-10-12-2018.pdf,assets/migrated/documents/a25900871a5c_zapisnica-oz-10-12-2018.pdf,285565,200
asset,https://www.ochodnica.sk/files/downloads/uznesenia-oz-5-10-2018.pdf,assets/migrated/documents/851eda10f6a1_uznesenia-oz-5-10-2018.pdf,193385,200
asset,https://www.ochodnica.sk/files/downloads/zapisnica-oz-5-10-2018.pdf,assets/migrated/documents/e6faf8d0f6a3_zapisnica-oz-5-10-2018.pdf,281023,200
asset,https://www.ochodnica.sk/files/downloads/uznesenie-oz-29-6-2018.pdf,assets/migrated/documents/b76511505b10_uznesenie-oz-29-6-2018.pdf,269918,200
asset,https://www.ochodnica.sk/files/downloads/zapisnica-oz-29-6-2018.pdf,assets/migrated/documents/c7f91170a5c1_zapisnica-oz-29-6-2018.pdf,149516,200
asset,https://www.ochodnica.sk/files/downloads/uznesenia-oz-27-04-2018.pdf,assets/migrated/documents/8c72fbf9bfe1_uznesenia-oz-27-04-2018.pdf,275640,200
asset,https://www.ochodnica.sk/files/downloads/zapisnica-oz-27-4-2018.pdf,assets/migrated/documents/6a17af2fcbc4_zapisnica-oz-27-4-2018.pdf,359786,200
asset,https://www.ochodnica.sk/files/downloads/uznesenia-oz-2-3-2018.pdf,assets/migrated/documents/f87aae0c2f1c_uznesenia-oz-2-3-2018.pdf,230700,200
asset,https://www.ochodnica.sk/files/downloads/zapisnica-oz-2-3-2018.pdf,assets/migrated/documents/a7247e4a4c6c_zapisnica-oz-2-3-2018.pdf,220332,200
asset,https://www.ochodnica.sk/files/downloads/uznesenia-oz-14-12-2017.pdf,assets/migrated/documents/4d740c176a38_uznesenia-oz-14-12-2017.pdf,424014,200
asset,https://www.ochodnica.sk/files/downloads/zapisnica-oz-14-12-2017.pdf,assets/migrated/documents/8392de4d09b7_zapisnica-oz-14-12-2017.pdf,238914,200
asset,https://www.ochodnica.sk/files/downloads/uznesenia-oz-24-11-2017.pdf,assets/migrated/documents/4b951ece1410_uznesenia-oz-24-11-2017.pdf,178563,200
asset,https://www.ochodnica.sk/files/downloads/zapisnica-oz-24-11-2017.pdf,assets/migrated/documents/c3cef76ad71a_zapisnica-oz-24-11-2017.pdf,211313,200
asset,https://www.ochodnica.sk/files/downloads/uznesenia-oz-9-10-2017.pdf,assets/migrated/documents/32f9b7858a29_uznesenia-oz-9-10-2017.pdf,408744,200
asset,https://www.ochodnica.sk/files/downloads/zapisnica-oz-9-10-2017.pdf,assets/migrated/documents/63cc90a6dc8d_zapisnica-oz-9-10-2017.pdf,348210,200
asset,https://www.ochodnica.sk/files/downloads/uznesenia-oz-29-09-2017.pdf,assets/migrated/documents/9e397dfc692d_uznesenia-oz-29-09-2017.pdf,259168,200
asset,https://www.ochodnica.sk/files/downloads/zapisnica-oz-29-09-2017.pdf,assets/migrated/documents/f10578e84116_zapisnica-oz-29-09-2017.pdf,213426,200
asset,https://www.ochodnica.sk/files/downloads/uznesenia-oz-29-06-2017.pdf,assets/migrated/documents/6594c7e3a568_uznesenia-oz-29-06-2017.pdf,421095,200
asset,https://www.ochodnica.sk/files/downloads/zapisnica-oz-29-06-2017.pdf,assets/migrated/documents/c14693501e14_zapisnica-oz-29-06-2017.pdf,354031,200
asset,https://www.ochodnica.sk/files/downloads/uznesenia-oz-23-6-2017.pdf,assets/migrated/documents/d38c03cb1fb9_uznesenia-oz-23-6-2017.pdf,62117,200
asset,https://www.ochodnica.sk/files/downloads/zapisnica-oz-23-6-2017.pdf,assets/migrated/documents/582e665611d5_zapisnica-oz-23-6-2017.pdf,218273,200
asset,https://www.ochodnica.sk/files/downloads/uznesenia-oz-19-5-2017.pdf,assets/migrated/documents/ed0e7b0123a4_uznesenia-oz-19-5-2017.pdf,128654,200
asset,https://www.ochodnica.sk/files/downloads/zapisnica-oz-19-5-2017.pdf,assets/migrated/documents/1a1197d16472_zapisnica-oz-19-5-2017.pdf,151707,200
asset,https://www.ochodnica.sk/files/downloads/uznesenia-oz-23-02-2017.pdf,assets/migrated/documents/276a7d3028f3_uznesenia-oz-23-02-2017.pdf,386457,200
asset,https://www.ochodnica.sk/files/downloads/zapisnica-oz-23-2-2017.pdf,assets/migrated/documents/d0c1237e6045_zapisnica-oz-23-2-2017.pdf,343367,200
asset,https://www.ochodnica.sk/files/downloads/uznesenia-oz-17-02-2017.pdf,assets/migrated/documents/6344b7452afc_uznesenia-oz-17-02-2017.pdf,121557,200
asset,https://www.ochodnica.sk/files/downloads/zapisnica-oz-17-02-2017.pdf,assets/migrated/documents/adea5979fbd7_zapisnica-oz-17-02-2017.pdf,104391,200
asset,https://www.ochodnica.sk/files/downloads/uznesenie-oz-16-12-2016.pdf,assets/migrated/documents/84aa8768e961_uznesenie-oz-16-12-2016.pdf,196001,200
asset,https://www.ochodnica.sk/files/downloads/zapisnica-oz-16-12-2016.pdf,assets/migrated/documents/457ecb07c1a6_zapisnica-oz-16-12-2016.pdf,220203,200
asset,https://www.ochodnica.sk/files/downloads/uznesenia-oz-04-11-2016.pdf,assets/migrated/documents/e2eeef2fd821_uznesenia-oz-04-11-2016.pdf,411432,200
asset,https://www.ochodnica.sk/files/downloads/zapisnica-oz-04-11-2016.pdf,assets/migrated/documents/030e233bcbb3_zapisnica-oz-04-11-2016.pdf,362165,200
asset,https://www.ochodnica.sk/files/downloads/uznesenie-oz-30-09-2016.pdf,assets/migrated/documents/3effb11e6d09_uznesenie-oz-30-09-2016.pdf,180740,200
asset,https://www.ochodnica.sk/files/downloads/zapisnica-oz-30-09-2016.pdf,assets/migrated/documents/0d2c8539b410_zapisnica-oz-30-09-2016.pdf,364987,200
asset,https://www.ochodnica.sk/files/downloads/uznesenie-oz-24-06-2016.pdf,assets/migrated/documents/ca0ece46d462_uznesenie-oz-24-06-2016.pdf,404892,200
asset,https://www.ochodnica.sk/files/downloads/zapisnica-oz-24-06-2016.pdf,assets/migrated/documents/c246536d5756_zapisnica-oz-24-06-2016.pdf,251460,200
asset,https://www.ochodnica.sk/files/downloads/uznesenie-oz-11-03-2016.pdf,assets/migrated/documents/7bba4ce13b3f_uznesenie-oz-11-03-2016.pdf,263081,200
asset,https://www.ochodnica.sk/files/downloads/zapisnica-oz-11-03-2016.pdf,assets/migrated/documents/61742d7531f7_zapisnica-oz-11-03-2016.pdf,220791,200
asset,https://www.ochodnica.sk/files/downloads/uznesenia-oz-15-12-2015.pdf,assets/migrated/documents/3f69f875a33f_uznesenia-oz-15-12-2015.pdf,200139,200
asset,https://www.ochodnica.sk/files/downloads/zapisnica-oz-15-12-2015.pdf,assets/migrated/documents/b920e21a0d4c_zapisnica-oz-15-12-2015.pdf,306302,200
asset,https://www.ochodnica.sk/files/downloads/uznesenia-oz-6-11-2015.pdf,assets/migrated/documents/a6b5be6096ac_uznesenia-oz-6-11-2015.pdf,274566,200
asset,https://www.ochodnica.sk/files/downloads/zapisnica-oz-6-11-2015.pdf,assets/migrated/documents/547dd91cee65_zapisnica-oz-6-11-2015.pdf,299325,200
asset,https://www.ochodnica.sk/files/downloads/uznesenia-oz-25-9-2015.pdf,assets/migrated/documents/adbba99b60c8_uznesenia-oz-25-9-2015.pdf,358817,200
asset,https://www.ochodnica.sk/files/downloads/zapisnica-oz-25-9-2015.pdf,assets/migrated/documents/3285f2628108_zapisnica-oz-25-9-2015.pdf,221420,200
asset,https://www.ochodnica.sk/files/downloads/uznesenia-oz-14-8-2015.pdf,assets/migrated/documents/ec64497dc3c5_uznesenia-oz-14-8-2015.pdf,255333,200
asset,https://www.ochodnica.sk/files/downloads/uznesenia-oz-19-6-2015.pdf,assets/migrated/documents/5784715c3fed_uznesenia-oz-19-6-2015.pdf,147604,200
asset,https://www.ochodnica.sk/files/downloads/zapisnica-19-6-2015.pdf,assets/migrated/documents/2110f18931f5_zapisnica-19-6-2015.pdf,151000,200
asset,https://www.ochodnica.sk/files/downloads/uznesenia-oz-22-5-2015.pdf,assets/migrated/documents/9a259927b11c_uznesenia-oz-22-5-2015.pdf,67239,200
asset,https://www.ochodnica.sk/files/downloads/zapisnica-22-5-2015.pdf,assets/migrated/documents/7f735f51ccc4_zapisnica-22-5-2015.pdf,206773,200
asset,https://www.ochodnica.sk/files/downloads/uznesenia-oz-24-4-2015.pdf,assets/migrated/documents/e8d40da70367_uznesenia-oz-24-4-2015.pdf,211168,200
asset,https://www.ochodnica.sk/files/downloads/zapisnica-24-4-2015.pdf,assets/migrated/documents/15b04d8887b8_zapisnica-24-4-2015.pdf,248572,200
asset,https://www.ochodnica.sk/files/downloads/uznesenia-oz-26-3-2015.pdf,assets/migrated/documents/b16993a7e223_uznesenia-oz-26-3-2015.pdf,282114,200
asset,https://www.ochodnica.sk/files/downloads/uznesenia-oz-30-1-2015.pdf,assets/migrated/documents/2528223d01ed_uznesenia-oz-30-1-2015.pdf,126728,200
asset,https://www.ochodnica.sk/files/downloads/zapisnica-30-1-2015.pdf,assets/migrated/documents/692bc5a9592f_zapisnica-30-1-2015.pdf,229995,200
asset,https://www.ochodnica.sk/files/downloads/uznesenia-30-12-2014.pdf,assets/migrated/documents/ab96c1ba2057_uznesenia-30-12-2014.pdf,292485,200
asset,https://www.ochodnica.sk/files/downloads/uznesenia-07-11-2014.pdf,assets/migrated/documents/dbb3983c74d8_uznesenia-07-11-2014.pdf,133052,200
asset,https://www.ochodnica.sk/files/downloads/uznesenie-15-08-2014.pdf,assets/migrated/documents/96b8ef1636c6_uznesenie-15-08-2014.pdf,134012,200
asset,https://www.ochodnica.sk/files/downloads/uznesenie-06-08-2014.pdf,assets/migrated/documents/54f7b89eb346_uznesenie-06-08-2014.pdf,359021,200
asset,https://www.ochodnica.sk/files/downloads/uznesenie-27-06-2014.pdf,assets/migrated/documents/c685c42d6746_uznesenie-27-06-2014.pdf,270240,200
asset,https://www.ochodnica.sk/files/downloads/uznesenie-09-05-2014.pdf,assets/migrated/documents/1947f838862d_uznesenie-09-05-2014.pdf,343658,200
asset,https://www.ochodnica.sk/files/downloads/uznesenie-25-04-2014.pdf,assets/migrated/documents/78ec8ce33ce5_uznesenie-25-04-2014.pdf,127915,200
asset,https://www.ochodnica.sk/files/downloads/uznesenie-14-2-2014.pdf,assets/migrated/documents/022dbd370af3_uznesenie-14-2-2014.pdf,128023,200
asset,https://www.ochodnica.sk/files/downloads/uznesenie-19-12-2013.pdf,assets/migrated/documents/150d70fc8b7f_uznesenie-19-12-2013.pdf,0,200
asset,https://www.ochodnica.sk/files/downloads/uznesenia-27-11-2013.pdf,assets/migrated/documents/e436b77ee63e_uznesenia-27-11-2013.pdf,201109,200
asset,https://www.ochodnica.sk/files/downloads/uznesenia-22-11-2013.pdf,assets/migrated/documents/ea58e4d9e702_uznesenia-22-11-2013.pdf,349865,200
asset,https://www.ochodnica.sk/files/downloads/uznesenia-8-11-2013.pdf,assets/migrated/documents/09c87bce37bb_uznesenia-8-11-2013.pdf,367163,200
asset,https://www.ochodnica.sk/files/downloads/uznesenia-26-9-2013.pdf,assets/migrated/documents/54f41677231c_uznesenia-26-9-2013.pdf,116634,200
asset,https://www.ochodnica.sk/files/downloads/uznesenia-20-9-2013.pdf,assets/migrated/documents/a90b1611e0ef_uznesenia-20-9-2013.pdf,125260,200
asset,https://www.ochodnica.sk/files/downloads/uznesenia-02-8-2013.pdf,assets/migrated/documents/f35f137d73e4_uznesenia-02-8-2013.pdf,350566,200
asset,https://www.ochodnica.sk/files/downloads/uznesenia-28-6-2013.pdf,assets/migrated/documents/78bd1a3857a4_uznesenia-28-6-2013.pdf,69748,200
asset,https://www.ochodnica.sk/files/downloads/uznesenia-31-5-2013.pdf,assets/migrated/documents/ed6604e974e4_uznesenia-31-5-2013.pdf,281169,200
asset,https://www.ochodnica.sk/files/downloads/uznesenia-1-3-2013.pdf,assets/migrated/documents/e896aa63edcc_uznesenia-1-3-2013.pdf,82211,200
asset,https://www.ochodnica.sk/files/downloads/uznesenia-oz-15-12-2012.pdf,assets/migrated/documents/e9bfe67834ee_uznesenia-oz-15-12-2012.pdf,169479,200
asset,https://www.ochodnica.sk/files/downloads/uznesenia-oz-30-11-2012.pdf,assets/migrated/documents/1a7a03c805c8_uznesenia-oz-30-11-2012.pdf,88756,200
asset,https://www.ochodnica.sk/files/downloads/uznesenia-oz-21-9-2012.pdf,assets/migrated/documents/8357eb98a87f_uznesenia-oz-21-9-2012.pdf,87690,200
asset,https://www.ochodnica.sk/files/downloads/uznesenia-oz-22-6-2012.pdf,assets/migrated/documents/33c13aabc0f4_uznesenia-oz-22-6-2012.pdf,90631,200
asset,https://www.ochodnica.sk/files/downloads/uznesenia-oz-18-5-2012.pdf,assets/migrated/documents/9ce2ee5ac1d1_uznesenia-oz-18-5-2012.pdf,75255,200
asset,https://www.ochodnica.sk/files/downloads/uznesenia-oz-23-3-2012.pdf,assets/migrated/documents/daa396c9c158_uznesenia-oz-23-3-2012.pdf,85897,200
asset,https://www.ochodnica.sk/files/downloads/uznesenia-oz-4-2-2012.pdf,assets/migrated/documents/89d16a6d8a4b_uznesenia-oz-4-2-2012.pdf,73324,200
asset,https://www.ochodnica.sk/files/downloads/uznesenia-oz-16-12-2011.pdf,assets/migrated/documents/49e8cf0d34b9_uznesenia-oz-16-12-2011.pdf,80976,200
asset,https://www.ochodnica.sk/files/downloads/uznesenia-oz-2-12-2011.pdf,assets/migrated/documents/82e94dadaabd_uznesenia-oz-2-12-2011.pdf,80976,200
asset,https://www.ochodnica.sk/files/downloads/uznesenia-oz-14-10-2011.pdf,assets/migrated/documents/86eecab2312a_uznesenia-oz-14-10-2011.pdf,85466,200
asset,https://www.ochodnica.sk/files/downloads/uznesenia-oz-12-8-2011.pdf,assets/migrated/documents/da6870923b6d_uznesenia-oz-12-8-2011.pdf,84429,200
asset,https://www.ochodnica.sk/files/downloads/uznesenia-oz-24-6-2011.pdf,assets/migrated/documents/3934df42838b_uznesenia-oz-24-6-2011.pdf,108459,200
asset,https://www.ochodnica.sk/files/downloads/uznesenia-oz-27-5-2011.pdf,assets/migrated/documents/979dc11a1cb2_uznesenia-oz-27-5-2011.pdf,48362,200
asset,https://www.ochodnica.sk/files/downloads/uznesenia-oz-15-4-2011.pdf,assets/migrated/documents/663407ac1258_uznesenia-oz-15-4-2011.pdf,86172,200
asset,https://www.ochodnica.sk/files/downloads/uznesenia-oz-29-1-2011.pdf,assets/migrated/documents/a9518ff9c4e2_uznesenia-oz-29-1-2011.pdf,77537,200
asset,https://www.ochodnica.sk/files/downloads/uznesenia-oz-7-1-2011.pdf,assets/migrated/documents/1d5e65d6b7c5_uznesenia-oz-7-1-2011.pdf,91500,200
asset,https://www.ochodnica.sk/files/downloads/uznesenia-oz-27-12-2010.pdf,assets/migrated/documents/4d8fb0435be5_uznesenia-oz-27-12-2010.pdf,20347,200
page,https://www.ochodnica.sk/sk/subory/uznesenia-obecneho-zastupitelstva,sk/subory/uznesenia-obecneho-zastupitelstva/index.html,133960,200
asset,https://www.ochodnica.sk/img/thumbnails/small/1732808301.jpg,assets/migrated/images/b31ab9beeb97_1732808301.jpg,48052,200
asset,https://www.ochodnica.sk/img/thumbnails/big/@2x1732808301.jpg,assets/migrated/images/b62b171c7402__2x1732808301.jpg,365643,200
page,https://www.ochodnica.sk/sk/kategoria/stavebne-investicie,sk/kategoria/stavebne-investicie/index.html,39052,200
asset,https://www.ochodnica.sk/img/thumbnails/small/default_img.jpg,assets/migrated/images/f6b6e8aeb7e8_default_img.jpg,7067,200
asset,https://www.ochodnica.sk/img/thumbnails/big/@2xdefault_img.jpg,assets/migrated/images/0120c3154ab9__2xdefault_img.jpg,13004,200
page,https://www.ochodnica.sk/sk/kategoria/stavebne-povolenia,sk/kategoria/stavebne-povolenia/index.html,50337,200
page,https://www.ochodnica.sk/sk/stranky/obcan-a-podnikatel,sk/stranky/obcan-a-podnikatel/index.html,41172,200
asset,https://www.ochodnica.sk/app/webroot/img/ckeditor/logo-cvc-ochodnica.jpg,assets/migrated/images/7d02dbb025cd_logo-cvc-ochodnica.jpg,267428,200
asset,https://www.ochodnica.sk/app/webroot/img/ckeditor/logo-cvc-ochodnica.png,assets/migrated/images/7fdc2856aebd_logo-cvc-ochodnica.png,56965,200
page,https://www.ochodnica.sk/sk/obcan-a-podnikatel/centrum-volneho-casu.html,sk/obcan-a-podnikatel/centrum-volneho-casu.html,41157,200
asset,https://www.ochodnica.sk/files/downloads/vyveska-prijimacie-konanie-do-materskej-skoly.pdf,assets/migrated/documents/465104c1366d_vyveska-prijimacie-konanie-do-materskej-skoly.pdf,224088,200
asset,https://www.ochodnica.sk/files/downloads/zapisnica-rady-skoly-ms-29-6-2026.pdf,assets/migrated/documents/0758541a7320_zapisnica-rady-skoly-ms-29-6-2026.pdf,2624986,200
asset,https://www.ochodnica.sk/files/downloads/zapisnica-rady-skoly-ms-3-7-2026.pdf,assets/migrated/documents/4e4671ba0b26_zapisnica-rady-skoly-ms-3-7-2026.pdf,686350,200
asset,https://www.ochodnica.sk/files/downloads/oznam-2-percenta-ms.pdf,assets/migrated/documents/13d1d8a85d66_oznam-2-percenta-ms.pdf,308071,200
asset,https://www.ochodnica.sk/files/downloads/vyhlasenie-o-zd-2022.pdf,assets/migrated/documents/057f1f3fe9b9_vyhlasenie-o-zd-2022.pdf,96191,200
asset,https://www.ochodnica.sk/files/downloads/potvrdenie-o-zd-2022-editovatelne.pdf,assets/migrated/documents/8ff32e12f250_potvrdenie-o-zd-2022-editovatelne.pdf,88571,200
asset,https://www.ochodnica.sk/files/downloads/ziadost-o-prijatie-ms-2025.pdf,assets/migrated/documents/91d14577a042_ziadost-o-prijatie-ms-2025.pdf,770139,200
asset,https://www.ochodnica.sk/files/downloads/ochrana-osobnych-udajov-gdpr.pdf,assets/migrated/documents/7ba9ff6afd34_ochrana-osobnych-udajov-gdpr.pdf,145484,200
asset,https://www.ochodnica.sk/files/downloads/informacie-pre-dotknute-osoby-deti-rodicia-zakonni-zastupcovia.pdf,assets/migrated/documents/59ef744950a5_informacie-pre-dotknute-osoby-deti-rodicia-zakonni-zastupcovia.pdf,342169,200
asset,https://www.ochodnica.sk/files/downloads/informacie-pre-dotknute-osoby-zamestnancov.pdf,assets/migrated/documents/c3b02ee5535f_informacie-pre-dotknute-osoby-zamestnancov.pdf,341712,200
asset,https://www.ochodnica.sk/files/downloads/informacie-pre-dotknute-osoby-zmluvne-vztahy.pdf,assets/migrated/documents/0be1c16fdf5c_informacie-pre-dotknute-osoby-zmluvne-vztahy.pdf,341534,200
asset,https://www.ochodnica.sk/files/downloads/skolsky-poriadok-ms-ochodnica.doc,assets/migrated/documents/cec213864337_skolsky-poriadok-ms-ochodnica.doc,173056,200
asset,https://www.ochodnica.sk/files/downloads/dodatok-c-1-k-skolskemu-poriadku.pdf,assets/migrated/documents/26529101c385_dodatok-c-1-k-skolskemu-poriadku.pdf,155692,200
asset,https://www.ochodnica.sk/files/downloads/denny-poriadok-ms-ochodnica.docx,assets/migrated/documents/a633f8f5b296_denny-poriadok-ms-ochodnica.docx,279104,200
asset,https://www.ochodnica.sk/files/downloads/skolsky-vzdelavaci-program-vesele-vcielky.pdf,assets/migrated/documents/f1ecc9647f85_skolsky-vzdelavaci-program-vesele-vcielky.pdf,1169340,200
asset,https://www.ochodnica.sk/files/downloads/sprava-o-vysledkoch-ms-2024-2025.pdf,assets/migrated/documents/83556001d71f_sprava-o-vysledkoch-ms-2024-2025.pdf,345143,200
asset,https://www.ochodnica.sk/files/attachments/vyhlasenie-volieb-do-rady-skoly-pri-materskej-skole.pdf,assets/migrated/documents/1291010762df_vyhlasenie-volieb-do-rady-skoly-pri-materskej-skole.pdf,157210,200
page,https://www.ochodnica.sk/sk/obcan-a-podnikatel/materska-skola.html,sk/obcan-a-podnikatel/materska-skola.html,44182,200
asset,https://www.ochodnica.sk/img/galleries/36/big/5cefc34c75323.jpg,assets/migrated/images/a1e117224040_5cefc34c75323.jpg,165454,200
asset,https://www.ochodnica.sk/img/galleries/36/small/5cefc34c75323.jpg,assets/migrated/images/0225b7b6e1d0_5cefc34c75323.jpg,81590,200
asset,https://www.ochodnica.sk/img/galleries/36/big/5cefc34c9d67f.jpg,assets/migrated/images/9793a84a970c_5cefc34c9d67f.jpg,98871,200
asset,https://www.ochodnica.sk/img/galleries/36/small/5cefc34c9d67f.jpg,assets/migrated/images/cc1a693174aa_5cefc34c9d67f.jpg,61310,200
asset,https://www.ochodnica.sk/img/galleries/36/big/5cefc34cc695c.jpg,assets/migrated/images/b4246258ea2b_5cefc34cc695c.jpg,92269,200
asset,https://www.ochodnica.sk/img/galleries/36/small/5cefc34cc695c.jpg,assets/migrated/images/fba9f6071225_5cefc34cc695c.jpg,58007,200
asset,https://www.ochodnica.sk/img/galleries/36/big/5cefc34cf1491.jpg,assets/migrated/images/2566cf5b2fa3_5cefc34cf1491.jpg,100072,200
asset,https://www.ochodnica.sk/img/galleries/36/small/5cefc34cf1491.jpg,assets/migrated/images/5ca9c8989fbc_5cefc34cf1491.jpg,59303,200
asset,https://www.ochodnica.sk/img/galleries/36/big/5cefc34d296a4.jpg,assets/migrated/images/d422f14c6324_5cefc34d296a4.jpg,94426,200
asset,https://www.ochodnica.sk/img/galleries/36/small/5cefc34d296a4.jpg,assets/migrated/images/da7230fce654_5cefc34d296a4.jpg,55246,200
asset,https://www.ochodnica.sk/img/galleries/36/big/5cefc34d4e6d5.jpg,assets/migrated/images/9ee443489e8a_5cefc34d4e6d5.jpg,70532,200
asset,https://www.ochodnica.sk/img/galleries/36/small/5cefc34d4e6d5.jpg,assets/migrated/images/415b73b69e71_5cefc34d4e6d5.jpg,43725,200
asset,https://www.ochodnica.sk/img/galleries/36/big/5cefc34d70434.jpg,assets/migrated/images/9031bcc8bd65_5cefc34d70434.jpg,89554,200
asset,https://www.ochodnica.sk/img/galleries/36/small/5cefc34d70434.jpg,assets/migrated/images/15297949120d_5cefc34d70434.jpg,51873,200
asset,https://www.ochodnica.sk/img/galleries/36/big/5cefc34d8d63f.jpg,assets/migrated/images/f9ec5b4a0493_5cefc34d8d63f.jpg,93765,200
asset,https://www.ochodnica.sk/img/galleries/36/small/5cefc34d8d63f.jpg,assets/migrated/images/04e380c05b5d_5cefc34d8d63f.jpg,56577,200
asset,https://www.ochodnica.sk/img/galleries/36/big/5cefc34db6a19.jpg,assets/migrated/images/c9cb400e284a_5cefc34db6a19.jpg,42045,200
asset,https://www.ochodnica.sk/img/galleries/36/small/5cefc34db6a19.jpg,assets/migrated/images/117c1fd2e9e1_5cefc34db6a19.jpg,37447,200
asset,https://www.ochodnica.sk/img/galleries/36/big/5cefc34dd1cf5.jpg,assets/migrated/images/229ed7df5a08_5cefc34dd1cf5.jpg,70474,200
asset,https://www.ochodnica.sk/img/galleries/36/small/5cefc34dd1cf5.jpg,assets/migrated/images/669091f462cf_5cefc34dd1cf5.jpg,54452,200
asset,https://www.ochodnica.sk/img/galleries/36/big/5cefc34dee26b.jpg,assets/migrated/images/86593ff78872_5cefc34dee26b.jpg,98533,200
asset,https://www.ochodnica.sk/img/galleries/36/small/5cefc34dee26b.jpg,assets/migrated/images/28f89f850639_5cefc34dee26b.jpg,72121,200
asset,https://www.ochodnica.sk/img/galleries/36/big/5cefc34e149fa.jpg,assets/migrated/images/98b94970e646_5cefc34e149fa.jpg,107768,200
asset,https://www.ochodnica.sk/img/galleries/36/small/5cefc34e149fa.jpg,assets/migrated/images/0d9a1f6aee1b_5cefc34e149fa.jpg,74227,200
asset,https://www.ochodnica.sk/img/galleries/36/big/5cefc34e2fb44.jpg,assets/migrated/images/eb835c0bd437_5cefc34e2fb44.jpg,53031,200
asset,https://www.ochodnica.sk/img/galleries/36/small/5cefc34e2fb44.jpg,assets/migrated/images/c9855884e364_5cefc34e2fb44.jpg,46354,200
asset,https://www.ochodnica.sk/img/galleries/36/big/5cefc34e4c119.jpg,assets/migrated/images/9e5871583429_5cefc34e4c119.jpg,83179,200
asset,https://www.ochodnica.sk/img/galleries/36/small/5cefc34e4c119.jpg,assets/migrated/images/b40e0a245832_5cefc34e4c119.jpg,62183,200
asset,https://www.ochodnica.sk/img/galleries/36/big/5cefc34e689b5.jpg,assets/migrated/images/de10fda8d6c2_5cefc34e689b5.jpg,81136,200
asset,https://www.ochodnica.sk/img/galleries/36/small/5cefc34e689b5.jpg,assets/migrated/images/41e50afdab20_5cefc34e689b5.jpg,58116,200
page,https://www.ochodnica.sk/sk/obcan-a-podnikatel/zakladna-skola.html,sk/obcan-a-podnikatel/zakladna-skola.html,46315,200
asset,https://www.ochodnica.sk/files/downloads/statistika2006.pdf,assets/migrated/documents/c0b9142dc20e_statistika2006.pdf,112357,200
asset,https://www.ochodnica.sk/files/downloads/statistika2008.pdf,assets/migrated/documents/83bda2bbfc72_statistika2008.pdf,135988,200
asset,https://www.ochodnica.sk/files/downloads/statistika2009.pdf,assets/migrated/documents/927a202aa61d_statistika2009.pdf,183104,200
asset,https://www.ochodnica.sk/files/downloads/statistika2010.pdf,assets/migrated/documents/ee81908e9b49_statistika2010.pdf,988296,200
asset,https://www.ochodnica.sk/img/galleries/33/big/5cefac017d102.jpg,assets/migrated/images/25e933514a5a_5cefac017d102.jpg,152018,200
asset,https://www.ochodnica.sk/img/galleries/33/small/5cefac017d102.jpg,assets/migrated/images/54ead43d1953_5cefac017d102.jpg,79483,200
asset,https://www.ochodnica.sk/img/galleries/33/big/61e3eba2aa66c.jpg,assets/migrated/images/5a88c2829298_61e3eba2aa66c.jpg,108851,200
asset,https://www.ochodnica.sk/img/galleries/33/small/61e3eba2aa66c.jpg,assets/migrated/images/c4b656690fd1_61e3eba2aa66c.jpg,61924,200
asset,https://www.ochodnica.sk/img/galleries/33/big/5cefac01a1408.jpg,assets/migrated/images/12706c9293ad_5cefac01a1408.jpg,85061,200
asset,https://www.ochodnica.sk/img/galleries/33/small/5cefac01a1408.jpg,assets/migrated/images/6fa43be6e9db_5cefac01a1408.jpg,88511,200
asset,https://www.ochodnica.sk/img/galleries/33/big/61e3eaec4f90b.jpg,assets/migrated/images/ef560657a7a7_61e3eaec4f90b.jpg,114216,200
asset,https://www.ochodnica.sk/img/galleries/33/small/61e3eaec4f90b.jpg,assets/migrated/images/d9b7e1471fe9_61e3eaec4f90b.jpg,67968,200
asset,https://www.ochodnica.sk/img/galleries/33/big/5cefac01b93a3.jpg,assets/migrated/images/6ae15763e447_5cefac01b93a3.jpg,72772,200
asset,https://www.ochodnica.sk/img/galleries/33/small/5cefac01b93a3.jpg,assets/migrated/images/9b0a6d94aaa9_5cefac01b93a3.jpg,40798,200
asset,https://www.ochodnica.sk/img/galleries/33/big/61e3eaec80386.jpg,assets/migrated/images/65471f46caf5_61e3eaec80386.jpg,260198,200
asset,https://www.ochodnica.sk/img/galleries/33/small/61e3eaec80386.jpg,assets/migrated/images/05440a762d76_61e3eaec80386.jpg,98108,200
asset,https://www.ochodnica.sk/img/galleries/33/big/5cefac01db540.jpg,assets/migrated/images/698ac994c9c8_5cefac01db540.jpg,156802,200
asset,https://www.ochodnica.sk/img/galleries/33/small/5cefac01db540.jpg,assets/migrated/images/40d2fe5a426c_5cefac01db540.jpg,79043,200
asset,https://www.ochodnica.sk/img/galleries/33/big/5cefac020a13f.jpg,assets/migrated/images/93e4470a5dc7_5cefac020a13f.jpg,128714,200
asset,https://www.ochodnica.sk/img/galleries/33/small/5cefac020a13f.jpg,assets/migrated/images/f44feef8f243_5cefac020a13f.jpg,74466,200
asset,https://www.ochodnica.sk/img/galleries/33/big/5cefac022b37a.jpg,assets/migrated/images/f2faf4f5954d_5cefac022b37a.jpg,169093,200
asset,https://www.ochodnica.sk/img/galleries/33/small/5cefac022b37a.jpg,assets/migrated/images/e3819d078c3b_5cefac022b37a.jpg,82237,200
page,https://www.ochodnica.sk/sk/obcan-a-podnikatel/farnost.html,sk/obcan-a-podnikatel/farnost.html,48349,200
asset,https://www.ochodnica.sk/files/downloads/uprava-hroboveho-miesta.pdf,assets/migrated/documents/fa313ad631e2_uprava-hroboveho-miesta.pdf,275560,200
page,https://www.ochodnica.sk/sk/obcan-a-podnikatel/cintorin.html,sk/obcan-a-podnikatel/cintorin.html,44933,200
asset,https://www.ochodnica.sk/img/galleries/22/big/5cea648871389.jpg,assets/migrated/images/f5e9cb8ebe36_5cea648871389.jpg,150269,200
asset,https://www.ochodnica.sk/img/galleries/22/small/5cea648871389.jpg,assets/migrated/images/a842ef560cd0_5cea648871389.jpg,93892,200
asset,https://www.ochodnica.sk/img/galleries/22/big/5cea648891c73.jpg,assets/migrated/images/cf9a5c86e737_5cea648891c73.jpg,146501,200
asset,https://www.ochodnica.sk/img/galleries/22/small/5cea648891c73.jpg,assets/migrated/images/f1ebca2f2451_5cea648891c73.jpg,94298,200
asset,https://www.ochodnica.sk/img/galleries/22/big/5cea6488b3f45.jpg,assets/migrated/images/a8921b25fc26_5cea6488b3f45.jpg,146386,200
asset,https://www.ochodnica.sk/img/galleries/22/small/5cea6488b3f45.jpg,assets/migrated/images/75f8d48e5719_5cea6488b3f45.jpg,90162,200
asset,https://www.ochodnica.sk/img/galleries/22/big/5cea6488d347f.jpg,assets/migrated/images/90069082dd0c_5cea6488d347f.jpg,147982,200
asset,https://www.ochodnica.sk/img/galleries/22/small/5cea6488d347f.jpg,assets/migrated/images/31520b1f8236_5cea6488d347f.jpg,94625,200
asset,https://www.ochodnica.sk/img/galleries/22/big/5cea64890171e.jpg,assets/migrated/images/ff15014df5f4_5cea64890171e.jpg,147013,200
asset,https://www.ochodnica.sk/img/galleries/22/small/5cea64890171e.jpg,assets/migrated/images/ee27e665d0f3_5cea64890171e.jpg,89965,200
asset,https://www.ochodnica.sk/img/galleries/22/big/5cea648923eee.jpg,assets/migrated/images/2bff08445732_5cea648923eee.jpg,131974,200
asset,https://www.ochodnica.sk/img/galleries/22/small/5cea648923eee.jpg,assets/migrated/images/2aad90315fbd_5cea648923eee.jpg,85534,200
asset,https://www.ochodnica.sk/img/galleries/22/big/5cea648943599.jpg,assets/migrated/images/2b65df303bdf_5cea648943599.jpg,148499,200
asset,https://www.ochodnica.sk/img/galleries/22/small/5cea648943599.jpg,assets/migrated/images/e235093a2eee_5cea648943599.jpg,85641,200
asset,https://www.ochodnica.sk/img/galleries/22/big/5cea648962e71.jpg,assets/migrated/images/9ca70435becc_5cea648962e71.jpg,114474,200
asset,https://www.ochodnica.sk/img/galleries/22/small/5cea648962e71.jpg,assets/migrated/images/5ed38f1851fc_5cea648962e71.jpg,81433,200
page,https://www.ochodnica.sk/sk/obcan-a-podnikatel/obecna-kniznica.html,sk/obcan-a-podnikatel/obecna-kniznica.html,42240,200
page,https://www.ochodnica.sk/sk/obcan-a-podnikatel/zaujmove-organizacie.html,sk/obcan-a-podnikatel/zaujmove-organizacie.html,39176,200
asset,https://www.ochodnica.sk/app/webroot/img/ckeditor/ochodnica-byt.jpg,assets/migrated/images/fe375e3e6f87_ochodnica-byt.jpg,50480,200
asset,https://www.ochodnica.sk/files/downloads/ziadost-o-pridelenie-najomneho-bytu.pdf,assets/migrated/documents/8ded9a4f4306_ziadost-o-pridelenie-najomneho-bytu.pdf,201961,200
asset,https://www.ochodnica.sk/files/attachments/projekt_byty.pdf,assets/migrated/documents/a5b80171a4d7_projekt_byty.pdf,421538,200
page,https://www.ochodnica.sk/sk/obcan-a-podnikatel/najomne-byty.html,sk/obcan-a-podnikatel/najomne-byty.html,39414,200
page,https://www.ochodnica.sk/sk/obcan-a-podnikatel/firmy-a-organizacie.html,sk/obcan-a-podnikatel/firmy-a-organizacie.html,39701,200
asset,https://www.ochodnica.sk/app/webroot/img/ckeditor/umiestnenie-kontajnerov-ochodnica_m.jpg,assets/migrated/images/78024f4942da_umiestnenie-kontajnerov-ochodnica_m.jpg,61524,200
asset,https://www.ochodnica.sk/app/webroot/img/ckeditor/separovany-zber-kontajnery.jpg,assets/migrated/images/a2ca1187b76d_separovany-zber-kontajnery.jpg,36577,200
page,https://www.ochodnica.sk/sk/obcan-a-podnikatel/separovany-zber-a-vyvoz-odpadu.html,sk/obcan-a-podnikatel/separovany-zber-a-vyvoz-odpadu.html,44856,200
asset,https://www.ochodnica.sk/files/downloads/informacie-pre-verejnost-ou-km.pdf,assets/migrated/documents/318e47a7da49_informacie-pre-verejnost-ou-km.pdf,828033,200
asset,https://www.ochodnica.sk/files/downloads/analyza-mu-knm.pdf,assets/migrated/documents/fa77db97506d_analyza-mu-knm.pdf,941559,200
asset,https://www.ochodnica.sk/files/downloads/zoznam-obce-mesta-ou-km.pdf,assets/migrated/documents/ac94c3a2261c_zoznam-obce-mesta-ou-km.pdf,81016,200
asset,https://www.ochodnica.sk/files/downloads/vav-signaly-co-km.pdf,assets/migrated/documents/41ed0c7fbb63_vav-signaly-co-km.pdf,184105,200
asset,https://www.ochodnica.sk/files/downloads/odporuc-obyvatel-vznik-mimoriad-udal.pdf,assets/migrated/documents/b930d22ad054_odporuc-obyvatel-vznik-mimoriad-udal.pdf,45425,200
page,https://www.ochodnica.sk/sk/obcan-a-podnikatel/civilna-ochrana.html,sk/obcan-a-podnikatel/civilna-ochrana.html,41104,200
page,https://www.ochodnica.sk/sk/obcan-a-podnikatel/dolezite-telefonne-cisla.html,sk/obcan-a-podnikatel/dolezite-telefonne-cisla.html,38912,200
page,https://www.ochodnica.sk/sk/obcan-a-podnikatel/kontakt.html,sk/obcan-a-podnikatel/kontakt.html,42200,200
asset,https://www.ochodnica.sk/app/webroot/img/ckeditor/youtube-icon.png,assets/migrated/images/2538875765df_youtube-icon.png,1213,200
page,https://www.ochodnica.sk/sk/obcan-a-podnikatel/videogaleria.html,sk/obcan-a-podnikatel/videogaleria.html,45613,200
asset,https://www.ochodnica.sk/files/downloads/ziadost-o-poskytnutie-dotacie.pdf,assets/migrated/documents/9c4bafd94062_ziadost-o-poskytnutie-dotacie.pdf,1360353,200
page,https://www.ochodnica.sk/sk/obcan-a-podnikatel/poskytnutie-dotacie-z-rozpoctu-obce.html,sk/obcan-a-podnikatel/poskytnutie-dotacie-z-rozpoctu-obce.html,39754,200
asset,https://www.ochodnica.sk/files/downloads/ziadost-o-prenajom-saly-kulturneho-domu.pdf,assets/migrated/documents/23a86a1ae443_ziadost-o-prenajom-saly-kulturneho-domu.pdf,372698,200
asset,https://www.ochodnica.sk/img/galleries/149/big/5e62313186a0a.jpg,assets/migrated/images/db9dafcf2044_5e62313186a0a.jpg,98383,200
asset,https://www.ochodnica.sk/img/galleries/149/small/5e62313186a0a.jpg,assets/migrated/images/ae9a33f3b40a_5e62313186a0a.jpg,73698,200
asset,https://www.ochodnica.sk/img/galleries/149/big/5e62316af290e.jpg,assets/migrated/images/5515328377d2_5e62316af290e.jpg,73676,200
asset,https://www.ochodnica.sk/img/galleries/149/small/5e62316af290e.jpg,assets/migrated/images/54e75b03325a_5e62316af290e.jpg,73219,200
asset,https://www.ochodnica.sk/img/galleries/149/big/5e623131a8aa6.jpg,assets/migrated/images/17849b438e35_5e623131a8aa6.jpg,76654,200
asset,https://www.ochodnica.sk/img/galleries/149/small/5e623131a8aa6.jpg,assets/migrated/images/85d301dc3868_5e623131a8aa6.jpg,60307,200
asset,https://www.ochodnica.sk/img/galleries/149/big/5e623131ce96b.jpg,assets/migrated/images/1955c5f60b26_5e623131ce96b.jpg,109144,200
asset,https://www.ochodnica.sk/img/galleries/149/small/5e623131ce96b.jpg,assets/migrated/images/d78bf5e02753_5e623131ce96b.jpg,75441,200
asset,https://www.ochodnica.sk/img/galleries/149/big/5e6231320592a.jpg,assets/migrated/images/3c9d3c5d26a7_5e6231320592a.jpg,75691,200
asset,https://www.ochodnica.sk/img/galleries/149/small/5e6231320592a.jpg,assets/migrated/images/66ae0d946816_5e6231320592a.jpg,62179,200
asset,https://www.ochodnica.sk/img/galleries/149/big/5e62313229228.jpg,assets/migrated/images/606a32710ca5_5e62313229228.jpg,95358,200
asset,https://www.ochodnica.sk/img/galleries/149/small/5e62313229228.jpg,assets/migrated/images/800a446ef266_5e62313229228.jpg,71844,200
asset,https://www.ochodnica.sk/img/galleries/149/big/5e6231324bd5f.jpg,assets/migrated/images/c4ef45386128_5e6231324bd5f.jpg,75113,200
asset,https://www.ochodnica.sk/img/galleries/149/small/5e6231324bd5f.jpg,assets/migrated/images/28e769e8fc92_5e6231324bd5f.jpg,78069,200
asset,https://www.ochodnica.sk/img/galleries/149/big/5e62313262a1e.jpg,assets/migrated/images/b92f28ab5c2f_5e62313262a1e.jpg,112845,200
asset,https://www.ochodnica.sk/img/galleries/149/small/5e62313262a1e.jpg,assets/migrated/images/38aeecd3ba25_5e62313262a1e.jpg,78333,200
asset,https://www.ochodnica.sk/img/galleries/149/big/5e62313286e8e.jpg,assets/migrated/images/c219f748af47_5e62313286e8e.jpg,109111,200
asset,https://www.ochodnica.sk/img/galleries/149/small/5e62313286e8e.jpg,assets/migrated/images/89c688333b04_5e62313286e8e.jpg,71556,200
asset,https://www.ochodnica.sk/img/galleries/149/big/5e623132a979e.jpg,assets/migrated/images/8ef8d59ec0f7_5e623132a979e.jpg,110553,200
asset,https://www.ochodnica.sk/img/galleries/149/small/5e623132a979e.jpg,assets/migrated/images/5be1f0cd94e8_5e623132a979e.jpg,75105,200
asset,https://www.ochodnica.sk/img/galleries/149/big/5e623132cc679.jpg,assets/migrated/images/1ff7856b324b_5e623132cc679.jpg,54937,200
asset,https://www.ochodnica.sk/img/galleries/149/small/5e623132cc679.jpg,assets/migrated/images/c1ef35d16692_5e623132cc679.jpg,67259,200
asset,https://www.ochodnica.sk/img/galleries/149/big/5e623132e2ef6.jpg,assets/migrated/images/7a429e29c292_5e623132e2ef6.jpg,91270,200
asset,https://www.ochodnica.sk/img/galleries/149/small/5e623132e2ef6.jpg,assets/migrated/images/045230f65c76_5e623132e2ef6.jpg,68100,200
asset,https://www.ochodnica.sk/img/galleries/149/big/5e6231331161f.jpg,assets/migrated/images/39e721a93589_5e6231331161f.jpg,128699,200
asset,https://www.ochodnica.sk/img/galleries/149/small/5e6231331161f.jpg,assets/migrated/images/a004102be3ee_5e6231331161f.jpg,83303,200
asset,https://www.ochodnica.sk/img/galleries/149/big/5e623133357dd.jpg,assets/migrated/images/b98359abd460_5e623133357dd.jpg,98845,200
asset,https://www.ochodnica.sk/img/galleries/149/small/5e623133357dd.jpg,assets/migrated/images/09a5914abf89_5e623133357dd.jpg,77281,200
asset,https://www.ochodnica.sk/img/galleries/149/big/5e62313357aee.jpg,assets/migrated/images/225cdcd967ef_5e62313357aee.jpg,93705,200
asset,https://www.ochodnica.sk/img/galleries/149/small/5e62313357aee.jpg,assets/migrated/images/a77cd4bb9442_5e62313357aee.jpg,73358,200
asset,https://www.ochodnica.sk/img/galleries/149/big/5e6231337a8b4.jpg,assets/migrated/images/5ef1be8254d9_5e6231337a8b4.jpg,104453,200
asset,https://www.ochodnica.sk/img/galleries/149/small/5e6231337a8b4.jpg,assets/migrated/images/4237afecf35b_5e6231337a8b4.jpg,75320,200
asset,https://www.ochodnica.sk/img/galleries/149/big/5e6231339cabb.jpg,assets/migrated/images/09a73a1ed253_5e6231339cabb.jpg,90852,200
asset,https://www.ochodnica.sk/img/galleries/149/small/5e6231339cabb.jpg,assets/migrated/images/b473edc992a8_5e6231339cabb.jpg,69241,200
asset,https://www.ochodnica.sk/img/galleries/149/big/5e623133c15e3.jpg,assets/migrated/images/10cde3c3d23a_5e623133c15e3.jpg,88578,200
asset,https://www.ochodnica.sk/img/galleries/149/small/5e623133c15e3.jpg,assets/migrated/images/5f1550bafe9d_5e623133c15e3.jpg,70074,200
asset,https://www.ochodnica.sk/img/galleries/149/big/5e623133e3eef.jpg,assets/migrated/images/26e2fa7e77b8_5e623133e3eef.jpg,106666,200
asset,https://www.ochodnica.sk/img/galleries/149/small/5e623133e3eef.jpg,assets/migrated/images/1c47435ad98b_5e623133e3eef.jpg,76635,200
asset,https://www.ochodnica.sk/img/galleries/149/big/5e62313412709.jpg,assets/migrated/images/922c557d2e78_5e62313412709.jpg,106922,200
asset,https://www.ochodnica.sk/img/galleries/149/small/5e62313412709.jpg,assets/migrated/images/7336fb4f9a54_5e62313412709.jpg,76005,200
asset,https://www.ochodnica.sk/img/galleries/149/big/5e6231343629c.jpg,assets/migrated/images/61e1e3df4c10_5e6231343629c.jpg,73284,200
asset,https://www.ochodnica.sk/img/galleries/149/small/5e6231343629c.jpg,assets/migrated/images/5e9d01962d9c_5e6231343629c.jpg,73719,200
asset,https://www.ochodnica.sk/img/galleries/149/big/5e62313450c5f.jpg,assets/migrated/images/5b19edddd66e_5e62313450c5f.jpg,74598,200
asset,https://www.ochodnica.sk/img/galleries/149/small/5e62313450c5f.jpg,assets/migrated/images/49c5cd343d19_5e62313450c5f.jpg,59254,200
asset,https://www.ochodnica.sk/img/galleries/149/big/5e62313482bc6.jpg,assets/migrated/images/36680d9a9f01_5e62313482bc6.jpg,91011,200
asset,https://www.ochodnica.sk/img/galleries/149/small/5e62313482bc6.jpg,assets/migrated/images/33cc5e4bb0d2_5e62313482bc6.jpg,67568,200
asset,https://www.ochodnica.sk/img/galleries/149/big/5e623134a6fa9.jpg,assets/migrated/images/92a5aca357c7_5e623134a6fa9.jpg,104696,200
asset,https://www.ochodnica.sk/img/galleries/149/small/5e623134a6fa9.jpg,assets/migrated/images/76d83a93f277_5e623134a6fa9.jpg,74996,200
asset,https://www.ochodnica.sk/img/galleries/149/big/5e623134c921f.jpg,assets/migrated/images/79c64751bd2a_5e623134c921f.jpg,92471,200
asset,https://www.ochodnica.sk/img/galleries/149/small/5e623134c921f.jpg,assets/migrated/images/f0c467701846_5e623134c921f.jpg,71690,200
asset,https://www.ochodnica.sk/img/galleries/149/big/5e623134ebd0f.jpg,assets/migrated/images/150cb1ada49b_5e623134ebd0f.jpg,113231,200
asset,https://www.ochodnica.sk/img/galleries/149/small/5e623134ebd0f.jpg,assets/migrated/images/52d213a9d8ce_5e623134ebd0f.jpg,78252,200
asset,https://www.ochodnica.sk/img/galleries/149/big/5e62313518621.jpg,assets/migrated/images/000cc039482b_5e62313518621.jpg,103438,200
asset,https://www.ochodnica.sk/img/galleries/149/small/5e62313518621.jpg,assets/migrated/images/4f2cb21dc1b6_5e62313518621.jpg,66569,200
asset,https://www.ochodnica.sk/img/galleries/149/big/5e62313537604.jpg,assets/migrated/images/c0c5c6143458_5e62313537604.jpg,118389,200
asset,https://www.ochodnica.sk/img/galleries/149/small/5e62313537604.jpg,assets/migrated/images/924436ddd8da_5e62313537604.jpg,79191,200
asset,https://www.ochodnica.sk/img/galleries/149/big/5e623135592f6.jpg,assets/migrated/images/f009c678c79e_5e623135592f6.jpg,104774,200
asset,https://www.ochodnica.sk/img/galleries/149/small/5e623135592f6.jpg,assets/migrated/images/dcd94e6ac2ca_5e623135592f6.jpg,69802,200
asset,https://www.ochodnica.sk/img/galleries/149/big/5e623135805ee.jpg,assets/migrated/images/b54ae2b4ac38_5e623135805ee.jpg,82853,200
asset,https://www.ochodnica.sk/img/galleries/149/small/5e623135805ee.jpg,assets/migrated/images/52f551b857ad_5e623135805ee.jpg,60653,200
asset,https://www.ochodnica.sk/img/galleries/149/big/5e623135a61f4.jpg,assets/migrated/images/df929e9f7e27_5e623135a61f4.jpg,188025,200
asset,https://www.ochodnica.sk/img/galleries/149/small/5e623135a61f4.jpg,assets/migrated/images/8942beaecfd9_5e623135a61f4.jpg,98289,200
asset,https://www.ochodnica.sk/img/galleries/149/big/5e623135ca526.jpg,assets/migrated/images/4b3a73962e36_5e623135ca526.jpg,75230,200
asset,https://www.ochodnica.sk/img/galleries/149/small/5e623135ca526.jpg,assets/migrated/images/2c9588ba6d0a_5e623135ca526.jpg,60893,200
asset,https://www.ochodnica.sk/img/galleries/149/big/5e623135eb40f.jpg,assets/migrated/images/a246c32c82ae_5e623135eb40f.jpg,92648,200
asset,https://www.ochodnica.sk/img/galleries/149/small/5e623135eb40f.jpg,assets/migrated/images/8a0b4cb68425_5e623135eb40f.jpg,71239,200
asset,https://www.ochodnica.sk/img/galleries/149/big/5e6231361a277.jpg,assets/migrated/images/687ef683287f_5e6231361a277.jpg,102045,200
asset,https://www.ochodnica.sk/img/galleries/149/small/5e6231361a277.jpg,assets/migrated/images/7bc38cdc7206_5e6231361a277.jpg,74469,200
asset,https://www.ochodnica.sk/img/galleries/149/big/5e6231363c85c.jpg,assets/migrated/images/0ce0c774728a_5e6231363c85c.jpg,66969,200
asset,https://www.ochodnica.sk/img/galleries/149/small/5e6231363c85c.jpg,assets/migrated/images/fabd104b91c0_5e6231363c85c.jpg,67753,200
asset,https://www.ochodnica.sk/img/galleries/149/big/5e62313651487.jpg,assets/migrated/images/c76092f2a29d_5e62313651487.jpg,104747,200
asset,https://www.ochodnica.sk/img/galleries/149/small/5e62313651487.jpg,assets/migrated/images/552f96e3dcd6_5e62313651487.jpg,68142,200
asset,https://www.ochodnica.sk/img/galleries/149/big/5e62313670af3.jpg,assets/migrated/images/3922cfc72799_5e62313670af3.jpg,137354,200
asset,https://www.ochodnica.sk/img/galleries/149/small/5e62313670af3.jpg,assets/migrated/images/0eb04076afd2_5e62313670af3.jpg,86214,200
asset,https://www.ochodnica.sk/img/galleries/149/big/5e62313693c57.jpg,assets/migrated/images/4d0b17d80c1c_5e62313693c57.jpg,96125,200
asset,https://www.ochodnica.sk/img/galleries/149/small/5e62313693c57.jpg,assets/migrated/images/644febd44158_5e62313693c57.jpg,73390,200
asset,https://www.ochodnica.sk/img/galleries/149/big/5e623136badce.jpg,assets/migrated/images/2c10692b1cfb_5e623136badce.jpg,70579,200
asset,https://www.ochodnica.sk/img/galleries/149/small/5e623136badce.jpg,assets/migrated/images/dd74bdb61132_5e623136badce.jpg,60042,200
asset,https://www.ochodnica.sk/img/galleries/149/big/5e623136e06de.jpg,assets/migrated/images/91796a1bb3ec_5e623136e06de.jpg,72203,200
asset,https://www.ochodnica.sk/img/galleries/149/small/5e623136e06de.jpg,assets/migrated/images/75176c25107b_5e623136e06de.jpg,71888,200
asset,https://www.ochodnica.sk/img/galleries/149/big/5e6231370381b.jpg,assets/migrated/images/bc8a159e05bd_5e6231370381b.jpg,67617,200
asset,https://www.ochodnica.sk/img/galleries/149/small/5e6231370381b.jpg,assets/migrated/images/d6e9ccb0f723_5e6231370381b.jpg,67616,200
asset,https://www.ochodnica.sk/img/galleries/149/big/5e6231371a8cd.jpg,assets/migrated/images/7a243c9ac5bf_5e6231371a8cd.jpg,80117,200
asset,https://www.ochodnica.sk/img/galleries/149/small/5e6231371a8cd.jpg,assets/migrated/images/1f4a8538eceb_5e6231371a8cd.jpg,78866,200
page,https://www.ochodnica.sk/sk/obcan-a-podnikatel/kulturny-dom.html,sk/obcan-a-podnikatel/kulturny-dom.html,57945,200
page,https://www.ochodnica.sk/sk/obcan-a-podnikatel/zoznam-danovych-dlznikov.html,sk/obcan-a-podnikatel/zoznam-danovych-dlznikov.html,39447,200
asset,https://www.ochodnica.sk/img/galleries/1032/small/6a8d4b62a1246.jpg,assets/migrated/images/625bd7e8e47f_6a8d4b62a1246.jpg,115028,200
asset,https://www.ochodnica.sk/img/galleries/1015/small/754798229_1997650307552774_6213084331185830161_n.jpg,assets/migrated/images/a8e91d1db286_754798229_1997650307552774_6213084331185830161_n.jpg,413187,200
asset,https://www.ochodnica.sk/img/galleries/1010/small/6a562169b8983.jpg,assets/migrated/images/2de29ef53c93_6a562169b8983.jpg,96789,200
asset,https://www.ochodnica.sk/img/galleries/1009/small/6a553b25c5c8c.jpg,assets/migrated/images/ed62e51084f0_6a553b25c5c8c.jpg,135821,200
asset,https://www.ochodnica.sk/img/galleries/993/small/6a301ec938934.jpg,assets/migrated/images/ebb4752c8528_6a301ec938934.jpg,158256,200
asset,https://www.ochodnica.sk/img/galleries/962/small/6a02da765e062.jpg,assets/migrated/images/80397486b849_6a02da765e062.jpg,92971,200
asset,https://www.ochodnica.sk/img/galleries/960/small/6a02b75beb7af.jpg,assets/migrated/images/83ccc2c24599_6a02b75beb7af.jpg,106022,200
asset,https://www.ochodnica.sk/img/galleries/940/small/69c130589e1d7.jpg,assets/migrated/images/7c33449d7464_69c130589e1d7.jpg,127385,200
asset,https://www.ochodnica.sk/img/galleries/911/small/6935d0db4e44b.jpg,assets/migrated/images/27358973c72c_6935d0db4e44b.jpg,94817,200
asset,https://www.ochodnica.sk/img/galleries/899/small/6919c7cf8e8e0.jpg,assets/migrated/images/99c11f15a82b_6919c7cf8e8e0.jpg,124803,200
page,https://www.ochodnica.sk/sk/galerie,sk/galerie/index.html,47971,200
asset,https://www.ochodnica.sk/files/downloads/plnomocenstvo.pdf,assets/migrated/documents/f23fa286f015_plnomocenstvo.pdf,112218,200
asset,https://www.ochodnica.sk/files/downloads/cestne-vyhlasenie.pdf,assets/migrated/documents/b64d4eb252cc_cestne-vyhlasenie.pdf,165716,200
asset,https://www.ochodnica.sk/files/downloads/zapis-o-uzavreti-manzelstva-v-cudzine.pdf,assets/migrated/documents/49d6d5376a40_zapis-o-uzavreti-manzelstva-v-cudzine.pdf,237821,200
asset,https://www.ochodnica.sk/files/downloads/zapis-o-umrti-obcana-v-cudzine.pdf,assets/migrated/documents/0f2fcf1e0fde_zapis-o-umrti-obcana-v-cudzine.pdf,184461,200
asset,https://www.ochodnica.sk/files/downloads/zapis-o-narodeni-dietata-v-cudzine.pdf,assets/migrated/documents/bec1d469c3a6_zapis-o-narodeni-dietata-v-cudzine.pdf,200010,200
asset,https://www.ochodnica.sk/files/downloads/ziadost-o-zapis-zenskeho-priezviska-bez-koncovky.pdf,assets/migrated/documents/5c98944f9fdd_ziadost-o-zapis-zenskeho-priezviska-bez-koncovky.pdf,188426,200
asset,https://www.ochodnica.sk/files/downloads/oznamenie-o-prijati-predosleho-priezviska.pdf,assets/migrated/documents/d8d12a9393ea_oznamenie-o-prijati-predosleho-priezviska.pdf,169620,200
asset,https://www.ochodnica.sk/files/downloads/ziadost-o-vydanie-duplikatu-matricneho-dokladu.pdf,assets/migrated/documents/563e46e9423e_ziadost-o-vydanie-duplikatu-matricneho-dokladu.pdf,315830,200
asset,https://www.ochodnica.sk/files/downloads/ziadost-o-zmenu-zrusenie-cisla.pdf,assets/migrated/documents/5e5ad12855ce_ziadost-o-zmenu-zrusenie-cisla.pdf,317834,200
asset,https://www.ochodnica.sk/files/downloads/oznamenie-o-konani-verejneho-kulturneho-podujatia.pdf,assets/migrated/documents/a08bfa49e936_oznamenie-o-konani-verejneho-kulturneho-podujatia.pdf,248493,200
asset,https://www.ochodnica.sk/files/downloads/oznamenie-o-konani-sportoveho-podujatia.pdf,assets/migrated/documents/3d4b87a5ec99_oznamenie-o-konani-sportoveho-podujatia.pdf,246167,200
asset,https://www.ochodnica.sk/files/downloads/ziadost-o-prenajom-amfiteatra.pdf,assets/migrated/documents/b218aa7064c3_ziadost-o-prenajom-amfiteatra.pdf,341075,200
asset,https://www.ochodnica.sk/files/downloads/cestne-vyhlasenie-na-doplnenie-ziadosti.pdf,assets/migrated/documents/e07aa33c7b9a_cestne-vyhlasenie-na-doplnenie-ziadosti.pdf,135147,200
asset,https://www.ochodnica.sk/files/downloads/ziadost-o-urcenie-supisneho-cisla.pdf,assets/migrated/documents/f46658509e2a_ziadost-o-urcenie-supisneho-cisla.pdf,402307,200
asset,https://www.ochodnica.sk/files/downloads/ziadost-o-vydanie-suhlasu-na-vyrub-dreviny.pdf,assets/migrated/documents/64d3f5a1a16a_ziadost-o-vydanie-suhlasu-na-vyrub-dreviny.pdf,172198,200
asset,https://www.ochodnica.sk/files/downloads/ohlasenie-ko-podnikatel-ochodnica.pdf,assets/migrated/documents/5b7dcd7b57a2_ohlasenie-ko-podnikatel-ochodnica.pdf,417904,200
asset,https://www.ochodnica.sk/files/downloads/ohlasenie-ko-osoba-ochodnica.pdf,assets/migrated/documents/9daa60a82a6b_ohlasenie-ko-osoba-ochodnica.pdf,419084,200
asset,https://www.ochodnica.sk/files/downloads/ziadost-o-znizenie-odpustenie-poplatku.pdf,assets/migrated/documents/55024058a65b_ziadost-o-znizenie-odpustenie-poplatku.pdf,109083,200
asset,https://www.ochodnica.sk/files/downloads/oznamenie-o-vzniku-danovej-povinnosti-za-ubytovanie.pdf,assets/migrated/documents/386a12d0b277_oznamenie-o-vzniku-danovej-povinnosti-za-ubytovanie.pdf,248333,200
asset,https://www.ochodnica.sk/files/downloads/ziadost-o-schvalenie-zmenu-otvaracich-hodin.pdf,assets/migrated/documents/a431496caf46_ziadost-o-schvalenie-zmenu-otvaracich-hodin.pdf,73347,200
asset,https://www.ochodnica.sk/files/downloads/ziadost-o-zriadenie-vodovodnej-pripojky.pdf,assets/migrated/documents/c655eb362430_ziadost-o-zriadenie-vodovodnej-pripojky.pdf,346101,200
asset,https://www.ochodnica.sk/files/downloads/namietka-dotknutej-osoby-a-ziadost-o-vymaz-ou-1.pdf,assets/migrated/documents/d56202467c55_namietka-dotknutej-osoby-a-ziadost-o-vymaz-ou-1.pdf,193970,200
asset,https://www.ochodnica.sk/files/downloads/ziadost-na-obmedzenie-spracuvania-osobnych-udajov-gdpr-1.pdf,assets/migrated/documents/96d83170f683_ziadost-na-obmedzenie-spracuvania-osobnych-udajov-gdpr-1.pdf,197291,200
asset,https://www.ochodnica.sk/files/downloads/ziadost-o-vymaz-osobnych-udajov-gdpr-1.pdf,assets/migrated/documents/61e80731707a_ziadost-o-vymaz-osobnych-udajov-gdpr-1.pdf,192474,200
asset,https://www.ochodnica.sk/files/downloads/suhlas-so-spracovanim-osobnych-udajov-gdpr-1.pdf,assets/migrated/documents/f412fa9c534a_suhlas-so-spracovanim-osobnych-udajov-gdpr-1.pdf,195426,200
asset,https://www.ochodnica.sk/files/downloads/ziadost-o-byt.pdf,assets/migrated/documents/24788decff28_ziadost-o-byt.pdf,410654,200
page,https://www.ochodnica.sk/sk/subory/tlaciva-na-stiahnutie,sk/subory/tlaciva-na-stiahnutie/index.html,51968,200
page,https://www.ochodnica.sk/sk/vyhladavanie,sk/vyhladavanie/index.html,37622,200
page,https://www.ochodnica.sk/sk/kategoria/novinky-z-obce,sk/kategoria/novinky-z-obce/index.html,50755,200
page,https://www.ochodnica.sk/sk/novinky-z-obce/2026/zmeny-v-overovani-podpisov-a-listin-platne-od-01-09-2026.html,sk/novinky-z-obce/2026/zmeny-v-overovani-podpisov-a-listin-platne-od-01-09-2026.html,41735,200
asset,https://www.ochodnica.sk/files/attachments/vyrozumenie-4.pdf,assets/migrated/documents/3ce63309b88e_vyrozumenie-4.pdf,392013,200
page,https://www.ochodnica.sk/sk/novinky-z-obce/2026/oznamenie-o-preruseni-distribucie-elektriny-dna-22-09-2026.html,sk/novinky-z-obce/2026/oznamenie-o-preruseni-distribucie-elektriny-dna-22-09-2026.html,39652,200
page,https://www.ochodnica.sk/sk/novinky-z-obce/2026/odstavka-vody-dna-27-08-2026.html,sk/novinky-z-obce/2026/odstavka-vody-dna-27-08-2026.html,39047,200
asset,https://www.ochodnica.sk/app/webroot/img/ckeditor/784351596_1498150482117611_3515236115965742613_n.jpg,assets/migrated/images/f754cb47208e_784351596_1498150482117611_3515236115965742613_n.jpg,133502,200
page,https://www.ochodnica.sk/sk/novinky-z-obce/2026/vystava-ovocia-zeleniny-a-aranzovania-v-ochodnici-2026.html,sk/novinky-z-obce/2026/vystava-ovocia-zeleniny-a-aranzovania-v-ochodnici-2026.html,41401,200
page,https://www.ochodnica.sk/sk/novinky-z-obce/2026/zaciatok-roka-v-ms.html,sk/novinky-z-obce/2026/zaciatok-roka-v-ms.html,38979,200
asset,https://www.ochodnica.sk/img/galleries/1032/big/6a8d4b62a1246.jpg,assets/migrated/images/97dc7b327a2a_6a8d4b62a1246.jpg,150033,200
asset,https://www.ochodnica.sk/img/galleries/1032/big/6a8d4b6328066.jpg,assets/migrated/images/5ca0e1da2e3a_6a8d4b6328066.jpg,75339,200
asset,https://www.ochodnica.sk/img/galleries/1032/small/6a8d4b6328066.jpg,assets/migrated/images/75daa871853b_6a8d4b6328066.jpg,93255,200
asset,https://www.ochodnica.sk/img/galleries/1032/big/6a8d4b6389da1.jpg,assets/migrated/images/c3751722c764_6a8d4b6389da1.jpg,67252,200
asset,https://www.ochodnica.sk/img/galleries/1032/small/6a8d4b6389da1.jpg,assets/migrated/images/4a47c19177fe_6a8d4b6389da1.jpg,78046,200
asset,https://www.ochodnica.sk/img/galleries/1032/big/6a8d4b63e5232.jpg,assets/migrated/images/fa44edecd2ac_6a8d4b63e5232.jpg,206240,200
asset,https://www.ochodnica.sk/img/galleries/1032/small/6a8d4b63e5232.jpg,assets/migrated/images/ae78f1c3a54f_6a8d4b63e5232.jpg,149077,200
asset,https://www.ochodnica.sk/img/galleries/1032/big/6a8d4b64654ce.jpg,assets/migrated/images/2e23235191fe_6a8d4b64654ce.jpg,166856,200
asset,https://www.ochodnica.sk/img/galleries/1032/small/6a8d4b64654ce.jpg,assets/migrated/images/35007c1dac30_6a8d4b64654ce.jpg,136331,200
page,https://www.ochodnica.sk/sk/novinky-z-obce/2026/podakovanie-dhz-ochodnica.html,sk/novinky-z-obce/2026/podakovanie-dhz-ochodnica.html,42287,200
asset,https://www.ochodnica.sk/files/attachments/zamer-kd.pdf,assets/migrated/documents/f9ae0f0bbf28_zamer-kd.pdf,713952,200
page,https://www.ochodnica.sk/sk/uradne-oznamy/2026/zverejnenie-zameru-prenajmu-nebytovych-priestorov-vo-vlastnictve-obce.html,sk/uradne-oznamy/2026/zverejnenie-zameru-prenajmu-nebytovych-priestorov-vo-vlastnictve-obce.html,46095,200
page,https://www.ochodnica.sk/sk/uradne-oznamy/2026/oznamenie-o-akcii-22-23-08-2026.html,sk/uradne-oznamy/2026/oznamenie-o-akcii-22-23-08-2026.html,38584,200
page,https://www.ochodnica.sk/sk/kategoria/uradne-oznamy,sk/kategoria/uradne-oznamy/index.html,50585,200
asset,https://www.ochodnica.sk/files/attachments/infooso.pdf,assets/migrated/documents/02d95e41a7b9_infooso.pdf,206458,200
asset,https://www.ochodnica.sk/files/attachments/infovuc.pdf,assets/migrated/documents/342b5dc41331_infovuc.pdf,206126,200
asset,https://www.ochodnica.sk/files/attachments/vyhlasenie-volieb.pdf,assets/migrated/documents/7c3c497787c0_vyhlasenie-volieb.pdf,188164,200
asset,https://www.ochodnica.sk/files/attachments/uznesenie.pdf,assets/migrated/documents/dd52a7317307_uznesenie.pdf,164383,200
asset,https://www.ochodnica.sk/files/attachments/volebny-okrsok.pdf,assets/migrated/documents/89b2a277a123_volebny-okrsok.pdf,113561,200
asset,https://www.ochodnica.sk/files/attachments/zapisovatelka-1.pdf,assets/migrated/documents/5c5d68081bef_zapisovatelka-1.pdf,163789,200
asset,https://www.ochodnica.sk/files/attachments/zoznam-zaregistrovanych-kandidatov-vo-volbach-do-obecneho-zastupitelstva-v-obci-ochodnica.pdf,assets/migrated/documents/df2c3fef48cc_zoznam-zaregistrovanych-kandidatov-vo-volbach-do-obecneho-zastupitelstva-v-obci-ochodnica.pdf,111662,200
asset,https://www.ochodnica.sk/files/attachments/zoznam-zaregistrovanych-kandidatov-vo-volbach-starostu-obce-ochodnica.pdf,assets/migrated/documents/1abcd169e23a_zoznam-zaregistrovanych-kandidatov-vo-volbach-starostu-obce-ochodnica.pdf,149432,200
page,https://www.ochodnica.sk/sk/novinky-z-obce/2026/volby-do-organov-samospravy-obci-a-volby-do-organov-samospravnych-krajov.html,sk/novinky-z-obce/2026/volby-do-organov-samospravy-obci-a-volby-do-organov-samospravnych-krajov.html,48525,200
asset,https://www.ochodnica.sk/app/webroot/img/ckeditor/plagat-aplikacia-ochodnica.jpg,assets/migrated/images/c1f6ebb1d0e4_plagat-aplikacia-ochodnica.jpg,744057,200
page,https://www.ochodnica.sk/sk/novinky-z-obce/2021/stiahnite-si-ochodnicu-do-svojho-mobilu.html,sk/novinky-z-obce/2021/stiahnite-si-ochodnicu-do-svojho-mobilu.html,43526,200
page,https://www.ochodnica.sk/sk/separovany-zber-a-vyvoz-odpadu.html,sk/separovany-zber-a-vyvoz-odpadu.html,44837,200
page,https://www.ochodnica.sk/sk/elektronicke-sluzby.html,sk/elektronicke-sluzby.html,40423,200
asset,https://www.ochodnica.sk/files/downloads/autobusy-ochodnica-2024.pdf,assets/migrated/documents/7928fd43ca28_autobusy-ochodnica-2024.pdf,588969,200
asset,https://www.ochodnica.sk/files/downloads/odchody-vlakov-ochodnica-2024.pdf,assets/migrated/documents/67a60b0d73b8_odchody-vlakov-ochodnica-2024.pdf,420641,200
asset,https://www.ochodnica.sk/files/downloads/poriadok-cadca-zilina-2024.pdf,assets/migrated/documents/e8b9207a60e5_poriadok-cadca-zilina-2024.pdf,639257,200
page,https://www.ochodnica.sk/sk/cestovny-poriadok.html,sk/cestovny-poriadok.html,38828,200
asset,https://www.ochodnica.sk/files/attachments/ziadost-o-vymaz-osobnych-udajov-gdpr.pdf,assets/migrated/documents/f2ddcd1a953c_ziadost-o-vymaz-osobnych-udajov-gdpr.pdf,188114,200
asset,https://www.ochodnica.sk/files/attachments/ziadost-na-obmedzenie-spracuvania-osobnych-udajov-gdpr.pdf,assets/migrated/documents/d75b7cf3ddda_ziadost-na-obmedzenie-spracuvania-osobnych-udajov-gdpr.pdf,193584,200
asset,https://www.ochodnica.sk/files/attachments/suhlas-so-spracovanim-osobnych-udajov-gdpr.pdf,assets/migrated/documents/d3352eb87170_suhlas-so-spracovanim-osobnych-udajov-gdpr.pdf,190142,200
asset,https://www.ochodnica.sk/files/attachments/namietka-dotknutej-osoby-a-ziadost-o-vymaz-osobnych-udajov.pdf,assets/migrated/documents/3dca37f0b2bd_namietka-dotknutej-osoby-a-ziadost-o-vymaz-osobnych-udajov.pdf,189162,200
page,https://www.ochodnica.sk/sk/ochrana-osobnych-udajov.html,sk/ochrana-osobnych-udajov.html,51067,200
page,https://www.ochodnica.sk/sk/prehlasenie-o-pristupnosti.html,sk/prehlasenie-o-pristupnosti.html,39755,200
page,https://www.ochodnica.sk/sk/autorske-prava.html,sk/autorske-prava.html,38984,200
page,https://www.ochodnica.sk/sk/webove-sidlo.html,sk/webove-sidlo.html,38819,200
page,https://www.ochodnica.sk/sk/materska-skola.html,sk/materska-skola.html,44163,200
page,https://www.ochodnica.sk/sk/farnost.html,sk/farnost.html,48330,200
page,https://www.ochodnica.sk/sk/odkaz-pre-starostu.html,sk/odkaz-pre-starostu.html,38854,200
page,https://www.ochodnica.sk/sk/novinky-z-obce/2026/odstavka-vody-25-08-026-26-08-2026.html,sk/novinky-z-obce/2026/odstavka-vody-25-08-026-26-08-2026.html,39642,200
page,https://www.ochodnica.sk/sk/novinky-z-obce/2026/vyjadrenie-k-dovodu-neotvorenia-triedy-materskej-skoly-v zakladnej-skole.html,sk/novinky-z-obce/2026/vyjadrenie-k-dovodu-neotvorenia-triedy-materskej-skoly-v zakladnej-skole.html,40130,200
page,https://www.ochodnica.sk/sk/novinky-z-obce/2026/odstavka-vody-25-08-2026-26-08-2026.html,sk/novinky-z-obce/2026/odstavka-vody-25-08-2026-26-08-2026.html,42082,200
asset,https://www.ochodnica.sk/files/attachments/pzv-5.pdf,assets/migrated/documents/d9e8825fde5d_pzv-5.pdf,545783,200
page,https://www.ochodnica.sk/sk/novinky-z-obce/2026/pozvanka-na-zasadnutie-oz-dna-20-08-2026.html,sk/novinky-z-obce/2026/pozvanka-na-zasadnutie-oz-dna-20-08-2026.html,44220,200
asset,https://www.ochodnica.sk/img/thumbnails/small/1785265238.jpg,assets/migrated/images/da275e643804_1785265238.jpg,70215,200
asset,https://www.ochodnica.sk/img/thumbnails/big/@2x1785265238.jpg,assets/migrated/images/f41947e676ab__2x1785265238.jpg,464085,200
asset,https://www.ochodnica.sk/img/thumbnails/small/1785226127.jpg,assets/migrated/images/48279a96f7ad_1785226127.jpg,56181,200
asset,https://www.ochodnica.sk/img/thumbnails/big/@2x1785226127.jpg,assets/migrated/images/856f618e1e95__2x1785226127.jpg,423766,200
asset,https://www.ochodnica.sk/img/thumbnails/small/1784789594.jpg,assets/migrated/images/22dfc5c6bd73_1784789594.jpg,48310,200
asset,https://www.ochodnica.sk/img/thumbnails/big/@2x1784789594.jpg,assets/migrated/images/84bd03067204__2x1784789594.jpg,361040,200
asset,https://www.ochodnica.sk/img/thumbnails/small/1784029545.jpg,assets/migrated/images/f316e0029ca2_1784029545.jpg,46301,200
asset,https://www.ochodnica.sk/img/thumbnails/big/@2x1784029545.jpg,assets/migrated/images/f010dd0629f7__2x1784029545.jpg,331634,200
asset,https://www.ochodnica.sk/img/thumbnails/small/1783971395.jpg,assets/migrated/images/ab2b12628970_1783971395.jpg,53791,200
asset,https://www.ochodnica.sk/img/thumbnails/big/@2x1783971395.jpg,assets/migrated/images/8d9181f138fd__2x1783971395.jpg,406474,200
asset,https://www.ochodnica.sk/img/thumbnails/small/1783872778.jpg,assets/migrated/images/94420c6caaa8_1783872778.jpg,69622,200
asset,https://www.ochodnica.sk/img/thumbnails/big/@2x1783872778.jpg,assets/migrated/images/79a27a11ea82__2x1783872778.jpg,510709,200
asset,https://www.ochodnica.sk/img/thumbnails/small/1783684819.jpg,assets/migrated/images/4e93e5aa681e_1783684819.jpg,51683,200
asset,https://www.ochodnica.sk/img/thumbnails/big/@2x1783684819.jpg,assets/migrated/images/5c98e0b7d871__2x1783684819.jpg,352664,200
asset,https://www.ochodnica.sk/img/thumbnails/small/1781786363.jpg,assets/migrated/images/bea773cd6ea9_1781786363.jpg,55910,200
asset,https://www.ochodnica.sk/img/thumbnails/big/@2x1781786363.jpg,assets/migrated/images/782cc9655e2e__2x1781786363.jpg,377769,200
asset,https://www.ochodnica.sk/img/thumbnails/small/1783245386.jpg,assets/migrated/images/e27d8b4847d7_1783245386.jpg,46196,200
asset,https://www.ochodnica.sk/img/thumbnails/big/@2x1783245386.jpg,assets/migrated/images/98e8d4f73330__2x1783245386.jpg,273167,200
asset,https://www.ochodnica.sk/img/thumbnails/small/1781357764.jpg,assets/migrated/images/04a8dc134f21_1781357764.jpg,62238,200
asset,https://www.ochodnica.sk/img/thumbnails/big/@2x1781357764.jpg,assets/migrated/images/cf6013cc97bf__2x1781357764.jpg,468845,200
page,https://www.ochodnica.sk/sk/kategoria/novinky-z-obce/page:2,sk/kategoria/novinky-z-obce/page:2/index.html,51166,200
asset,https://www.ochodnica.sk/img/thumbnails/small/1782717969.jpg,assets/migrated/images/c45e1362d154_1782717969.jpg,70813,200
asset,https://www.ochodnica.sk/img/thumbnails/big/@2x1782717969.jpg,assets/migrated/images/8420b7023135__2x1782717969.jpg,519049,200
asset,https://www.ochodnica.sk/img/thumbnails/small/1782460617.jpg,assets/migrated/images/1b40a75676fe_1782460617.jpg,53792,200
asset,https://www.ochodnica.sk/img/thumbnails/big/@2x1782460617.jpg,assets/migrated/images/3a675245533e__2x1782460617.jpg,339122,200
asset,https://www.ochodnica.sk/img/thumbnails/small/1782309030.jpg,assets/migrated/images/c81e491fdb4a_1782309030.jpg,46178,200
asset,https://www.ochodnica.sk/img/thumbnails/big/@2x1782309030.jpg,assets/migrated/images/1836a2c41a7f__2x1782309030.jpg,277892,200
asset,https://www.ochodnica.sk/img/thumbnails/small/1782222248.jpg,assets/migrated/images/6af3a91a2d2c_1782222248.jpg,46972,200
asset,https://www.ochodnica.sk/img/thumbnails/big/@2x1782222248.jpg,assets/migrated/images/ef5fbbd83046__2x1782222248.jpg,297056,200
asset,https://www.ochodnica.sk/img/thumbnails/small/1781870595.jpg,assets/migrated/images/24b5a49cee63_1781870595.jpg,74337,200
asset,https://www.ochodnica.sk/img/thumbnails/big/@2x1781870595.jpg,assets/migrated/images/b658f7a0bcfb__2x1781870595.jpg,550075,200
asset,https://www.ochodnica.sk/img/thumbnails/small/1781538537.jpg,assets/migrated/images/60dc0aab970f_1781538537.jpg,57636,200
asset,https://www.ochodnica.sk/img/thumbnails/big/@2x1781538537.jpg,assets/migrated/images/ade54e566514__2x1781538537.jpg,454341,200
asset,https://www.ochodnica.sk/img/thumbnails/small/1781464506.jpg,assets/migrated/images/abfe536b7a78_1781464506.jpg,53006,200
asset,https://www.ochodnica.sk/img/thumbnails/big/@2x1781464506.jpg,assets/migrated/images/5b2f5acd760a__2x1781464506.jpg,358958,200
asset,https://www.ochodnica.sk/img/thumbnails/small/1781248120.jpg,assets/migrated/images/a1591d52a134_1781248120.jpg,41684,200
asset,https://www.ochodnica.sk/img/thumbnails/big/@2x1781248120.jpg,assets/migrated/images/e07999ecfe10__2x1781248120.jpg,235480,200
asset,https://www.ochodnica.sk/img/thumbnails/small/1781100595.jpg,assets/migrated/images/62912f80a35e_1781100595.jpg,63239,200
asset,https://www.ochodnica.sk/img/thumbnails/big/@2x1781100595.jpg,assets/migrated/images/4a2d7d981a56__2x1781100595.jpg,434223,200
asset,https://www.ochodnica.sk/img/thumbnails/small/1780660639.jpg,assets/migrated/images/a2ee9f188df5_1780660639.jpg,30462,200
asset,https://www.ochodnica.sk/img/thumbnails/big/@2x1780660639.jpg,assets/migrated/images/1d202aa5c5d5__2x1780660639.jpg,187177,200
page,https://www.ochodnica.sk/sk/kategoria/novinky-z-obce/page:3,sk/kategoria/novinky-z-obce/page:3/index.html,51047,200
asset,https://www.ochodnica.sk/img/thumbnails/small/1780657527.jpg,assets/migrated/images/1dcaf39f9858_1780657527.jpg,65382,200
asset,https://www.ochodnica.sk/img/thumbnails/big/@2x1780657527.jpg,assets/migrated/images/983caf7dc893__2x1780657527.jpg,536462,200
asset,https://www.ochodnica.sk/img/thumbnails/small/1780657230.jpg,assets/migrated/images/b9c72686dc77_1780657230.jpg,41300,200
asset,https://www.ochodnica.sk/img/thumbnails/big/@2x1780657230.jpg,assets/migrated/images/98e68ed3fba0__2x1780657230.jpg,291950,200
asset,https://www.ochodnica.sk/img/thumbnails/small/1780643584.jpg,assets/migrated/images/eae91d8a3b1e_1780643584.jpg,56920,200
asset,https://www.ochodnica.sk/img/thumbnails/big/@2x1780643584.jpg,assets/migrated/images/77ccfd661127__2x1780643584.jpg,367187,200
asset,https://www.ochodnica.sk/img/thumbnails/small/1780480507.jpg,assets/migrated/images/99cc8e081923_1780480507.jpg,46178,200
asset,https://www.ochodnica.sk/img/thumbnails/big/@2x1780480507.jpg,assets/migrated/images/230d7374b268__2x1780480507.jpg,277892,200
asset,https://www.ochodnica.sk/img/thumbnails/small/1780469258.jpg,assets/migrated/images/b4d163cd1fae_1780469258.jpg,60951,200
asset,https://www.ochodnica.sk/img/thumbnails/big/@2x1780469258.jpg,assets/migrated/images/8a153aaaca1c__2x1780469258.jpg,384461,200
asset,https://www.ochodnica.sk/img/thumbnails/small/1780324593.jpg,assets/migrated/images/4e5b34f8f553_1780324593.jpg,40416,200
asset,https://www.ochodnica.sk/img/thumbnails/big/@2x1780324593.jpg,assets/migrated/images/e9b9baa5c892__2x1780324593.jpg,250277,200
asset,https://www.ochodnica.sk/img/thumbnails/small/1780046415.jpg,assets/migrated/images/5bc5d7c85164_1780046415.jpg,68193,200
asset,https://www.ochodnica.sk/img/thumbnails/big/@2x1780046415.jpg,assets/migrated/images/d0612c3c7beb__2x1780046415.jpg,492829,200
asset,https://www.ochodnica.sk/img/thumbnails/small/1780044033.jpg,assets/migrated/images/655776a4915b_1780044033.jpg,70097,200
asset,https://www.ochodnica.sk/img/thumbnails/big/@2x1780044033.jpg,assets/migrated/images/807d0926405c__2x1780044033.jpg,485287,200
asset,https://www.ochodnica.sk/img/thumbnails/small/1779453537.jpg,assets/migrated/images/3f428a3b2352_1779453537.jpg,40523,200
asset,https://www.ochodnica.sk/img/thumbnails/big/@2x1779453537.jpg,assets/migrated/images/5b75240df7c9__2x1779453537.jpg,348537,200
asset,https://www.ochodnica.sk/img/thumbnails/small/1779259043.jpg,assets/migrated/images/8bdbc1478e4c_1779259043.jpg,39657,200
asset,https://www.ochodnica.sk/img/thumbnails/big/@2x1779259043.jpg,assets/migrated/images/876af0f52db0__2x1779259043.jpg,212116,200
page,https://www.ochodnica.sk/sk/kategoria/novinky-z-obce/page:4,sk/kategoria/novinky-z-obce/page:4/index.html,50615,200
asset,https://www.ochodnica.sk/img/thumbnails/small/1779189278.jpg,assets/migrated/images/1d4fefa25c98_1779189278.jpg,76685,200
asset,https://www.ochodnica.sk/img/thumbnails/big/@2x1779189278.jpg,assets/migrated/images/cd969b0d3a01__2x1779189278.jpg,579436,200
asset,https://www.ochodnica.sk/img/thumbnails/small/1778843885.jpg,assets/migrated/images/ce36f59106a4_1778843885.jpg,32454,200
asset,https://www.ochodnica.sk/img/thumbnails/big/@2x1778843885.jpg,assets/migrated/images/f53942ed865d__2x1778843885.jpg,280990,200
asset,https://www.ochodnica.sk/img/thumbnails/small/1778659682.jpg,assets/migrated/images/6e3020fcc5a7_1778659682.jpg,56239,200
asset,https://www.ochodnica.sk/img/thumbnails/big/@2x1778659682.jpg,assets/migrated/images/3c5be7650631__2x1778659682.jpg,447485,200
asset,https://www.ochodnica.sk/img/thumbnails/small/1778658780.jpg,assets/migrated/images/f7e7fa2f21b3_1778658780.jpg,56047,200
asset,https://www.ochodnica.sk/img/thumbnails/big/@2x1778658780.jpg,assets/migrated/images/38d035f68470__2x1778658780.jpg,407175,200
asset,https://www.ochodnica.sk/img/thumbnails/small/1778571893.jpg,assets/migrated/images/7c7cad045691_1778571893.jpg,47482,200
asset,https://www.ochodnica.sk/img/thumbnails/big/@2x1778571893.jpg,assets/migrated/images/3a438bd37501__2x1778571893.jpg,317973,200
asset,https://www.ochodnica.sk/img/thumbnails/small/1778570640.jpg,assets/migrated/images/a697a613f158_1778570640.jpg,51205,200
asset,https://www.ochodnica.sk/img/thumbnails/big/@2x1778570640.jpg,assets/migrated/images/be92181b0f9e__2x1778570640.jpg,325716,200
asset,https://www.ochodnica.sk/img/thumbnails/small/1778562907.jpg,assets/migrated/images/02cf9fa457e4_1778562907.jpg,41058,200
asset,https://www.ochodnica.sk/img/thumbnails/big/@2x1778562907.jpg,assets/migrated/images/27f13f5238aa__2x1778562907.jpg,300054,200
asset,https://www.ochodnica.sk/img/thumbnails/small/1777896768.jpg,assets/migrated/images/4e7d40df1b29_1777896768.jpg,48331,200
asset,https://www.ochodnica.sk/img/thumbnails/big/@2x1777896768.jpg,assets/migrated/images/d93e3cbe0c2b__2x1777896768.jpg,346560,200
asset,https://www.ochodnica.sk/img/thumbnails/small/1777533332.jpg,assets/migrated/images/fa5e63ad3cac_1777533332.jpg,41684,200
asset,https://www.ochodnica.sk/img/thumbnails/big/@2x1777533332.jpg,assets/migrated/images/e39d72f16b31__2x1777533332.jpg,235480,200
asset,https://www.ochodnica.sk/img/thumbnails/small/1777399930.jpg,assets/migrated/images/ee8411ca9175_1777399930.jpg,80107,200
asset,https://www.ochodnica.sk/img/thumbnails/big/@2x1777399930.jpg,assets/migrated/images/789c716592b0__2x1777399930.jpg,611035,200
page,https://www.ochodnica.sk/sk/kategoria/novinky-z-obce/page:5,sk/kategoria/novinky-z-obce/page:5/index.html,50996,200
asset,https://www.ochodnica.sk/img/thumbnails/small/1777357742.jpg,assets/migrated/images/dcd7d218fc37_1777357742.jpg,68336,200
asset,https://www.ochodnica.sk/img/thumbnails/big/@2x1777357742.jpg,assets/migrated/images/354f37c1cc4b__2x1777357742.jpg,448222,200
asset,https://www.ochodnica.sk/img/thumbnails/small/1777018791.jpg,assets/migrated/images/50af19eeda1d_1777018791.jpg,71511,200
asset,https://www.ochodnica.sk/img/thumbnails/big/@2x1777018791.jpg,assets/migrated/images/decce91f774c__2x1777018791.jpg,468190,200
asset,https://www.ochodnica.sk/img/thumbnails/small/1776849542.jpg,assets/migrated/images/d6548838eff2_1776849542.jpg,41300,200
asset,https://www.ochodnica.sk/img/thumbnails/big/@2x1776849542.jpg,assets/migrated/images/bebe4e988d9e__2x1776849542.jpg,291950,200
asset,https://www.ochodnica.sk/img/thumbnails/small/1776840760.jpg,assets/migrated/images/3136d1b93c08_1776840760.jpg,52852,200
asset,https://www.ochodnica.sk/img/thumbnails/big/@2x1776840760.jpg,assets/migrated/images/2c2a0b176ca8__2x1776840760.jpg,342893,200
asset,https://www.ochodnica.sk/img/thumbnails/small/1775913178.jpg,assets/migrated/images/2ead120f5e2c_1775913178.jpg,41684,200
asset,https://www.ochodnica.sk/img/thumbnails/big/@2x1775913178.jpg,assets/migrated/images/ec75f96a7159__2x1775913178.jpg,235480,200
asset,https://www.ochodnica.sk/img/thumbnails/small/1775326842.jpg,assets/migrated/images/0b53f177b028_1775326842.jpg,47891,200
asset,https://www.ochodnica.sk/img/thumbnails/big/@2x1775326842.jpg,assets/migrated/images/d719e11c45c5__2x1775326842.jpg,307096,200
asset,https://www.ochodnica.sk/img/thumbnails/small/1775114946.jpg,assets/migrated/images/924dcf877306_1775114946.jpg,71235,200
asset,https://www.ochodnica.sk/img/thumbnails/big/@2x1775114946.jpg,assets/migrated/images/806c6099991b__2x1775114946.jpg,532754,200
asset,https://www.ochodnica.sk/img/thumbnails/small/1775044076.jpg,assets/migrated/images/ef4caa1994ea_1775044076.jpg,77327,200
asset,https://www.ochodnica.sk/img/thumbnails/big/@2x1775044076.jpg,assets/migrated/images/bea8932bdbd1__2x1775044076.jpg,560699,200
asset,https://www.ochodnica.sk/img/thumbnails/small/1774961327.jpg,assets/migrated/images/f760bbbf47f8_1774961327.jpg,39657,200
asset,https://www.ochodnica.sk/img/thumbnails/big/@2x1774961327.jpg,assets/migrated/images/3b0232276478__2x1774961327.jpg,212116,200
asset,https://www.ochodnica.sk/img/thumbnails/small/1774687317.jpg,assets/migrated/images/37c236909807_1774687317.jpg,62272,200
asset,https://www.ochodnica.sk/img/thumbnails/big/@2x1774687317.jpg,assets/migrated/images/d62eddafa756__2x1774687317.jpg,477749,200
page,https://www.ochodnica.sk/sk/kategoria/novinky-z-obce/page:6,sk/kategoria/novinky-z-obce/page:6/index.html,50999,200
asset,https://www.ochodnica.sk/img/thumbnails/small/1774606089.jpg,assets/migrated/images/e57a8bee7443_1774606089.jpg,79781,200
asset,https://www.ochodnica.sk/img/thumbnails/big/@2x1774606089.jpg,assets/migrated/images/4cc8c487cc42__2x1774606089.jpg,589466,200
asset,https://www.ochodnica.sk/img/thumbnails/small/1774268504.jpg,assets/migrated/images/1f77f6825468_1774268504.jpg,46323,200
asset,https://www.ochodnica.sk/img/thumbnails/big/@2x1774268504.jpg,assets/migrated/images/83d14d207f80__2x1774268504.jpg,387130,200
asset,https://www.ochodnica.sk/img/thumbnails/small/1774010925.jpg,assets/migrated/images/6ee840c5ec78_1774010925.jpg,41300,200
asset,https://www.ochodnica.sk/img/thumbnails/big/@2x1774010925.jpg,assets/migrated/images/f70abcf671b0__2x1774010925.jpg,291950,200
asset,https://www.ochodnica.sk/img/thumbnails/small/1773821876.jpg,assets/migrated/images/4bd271c643ad_1773821876.jpg,30507,200
asset,https://www.ochodnica.sk/img/thumbnails/big/@2x1773821876.jpg,assets/migrated/images/3d140b5a6fc1__2x1773821876.jpg,165894,200
asset,https://www.ochodnica.sk/img/thumbnails/small/1772981784.jpg,assets/migrated/images/f8f03ea28ade_1772981784.jpg,65669,200
asset,https://www.ochodnica.sk/img/thumbnails/big/@2x1772981784.jpg,assets/migrated/images/9aa5182482b4__2x1772981784.jpg,453445,200
asset,https://www.ochodnica.sk/img/thumbnails/small/1772700198.jpg,assets/migrated/images/abcafae678c9_1772700198.jpg,69129,200
asset,https://www.ochodnica.sk/img/thumbnails/big/@2x1772700198.jpg,assets/migrated/images/6e39c68d91a6__2x1772700198.jpg,532404,200
asset,https://www.ochodnica.sk/img/thumbnails/small/1772029956.jpg,assets/migrated/images/45fe7a188eb0_1772029956.jpg,61425,200
asset,https://www.ochodnica.sk/img/thumbnails/big/@2x1772029956.jpg,assets/migrated/images/ef9871854dec__2x1772029956.jpg,499448,200
asset,https://www.ochodnica.sk/img/thumbnails/small/1771838235.jpg,assets/migrated/images/a51ebb797bb1_1771838235.jpg,64159,200
asset,https://www.ochodnica.sk/img/thumbnails/big/@2x1771838235.jpg,assets/migrated/images/a989631821ab__2x1771838235.jpg,518928,200
asset,https://www.ochodnica.sk/img/thumbnails/small/1770805601.jpg,assets/migrated/images/c5fe69d0d8bc_1770805601.jpg,55747,200
asset,https://www.ochodnica.sk/img/thumbnails/big/@2x1770805601.jpg,assets/migrated/images/a82b2cabb9df__2x1770805601.jpg,393563,200
page,https://www.ochodnica.sk/sk/kategoria/novinky-z-obce/page:7,sk/kategoria/novinky-z-obce/page:7/index.html,50779,200
asset,https://www.ochodnica.sk/img/thumbnails/small/1770025651.jpg,assets/migrated/images/e6df49c797e8_1770025651.jpg,41684,200
asset,https://www.ochodnica.sk/img/thumbnails/big/@2x1770025651.jpg,assets/migrated/images/91ae46301c27__2x1770025651.jpg,235480,200
asset,https://www.ochodnica.sk/img/thumbnails/small/1769149118.jpg,assets/migrated/images/14b09a1c128b_1769149118.jpg,64484,200
asset,https://www.ochodnica.sk/img/thumbnails/big/@2x1769149118.jpg,assets/migrated/images/91c145821261__2x1769149118.jpg,473077,200
asset,https://www.ochodnica.sk/img/thumbnails/small/1768816412.jpg,assets/migrated/images/6822f3802ce6_1768816412.jpg,79732,200
asset,https://www.ochodnica.sk/img/thumbnails/big/@2x1768816412.jpg,assets/migrated/images/4114c315b7b3__2x1768816412.jpg,564729,200
asset,https://www.ochodnica.sk/img/thumbnails/small/1579166725.jpg,assets/migrated/images/aa605ff5cf25_1579166725.jpg,28581,200
asset,https://www.ochodnica.sk/img/thumbnails/big/@2x1579166725.jpg,assets/migrated/images/36a09d257003__2x1579166725.jpg,229536,200
asset,https://www.ochodnica.sk/img/thumbnails/small/1768125229.jpg,assets/migrated/images/1705112f12de_1768125229.jpg,52681,200
asset,https://www.ochodnica.sk/img/thumbnails/big/@2x1768125229.jpg,assets/migrated/images/1548ef449636__2x1768125229.jpg,383044,200
asset,https://www.ochodnica.sk/img/thumbnails/small/1767270207.jpg,assets/migrated/images/6351d3c07897_1767270207.jpg,58121,200
asset,https://www.ochodnica.sk/img/thumbnails/big/@2x1767270207.jpg,assets/migrated/images/05c7a70ce39d__2x1767270207.jpg,448343,200
asset,https://www.ochodnica.sk/img/thumbnails/small/1766910464.jpg,assets/migrated/images/2ebc030ef58e_1766910464.jpg,40038,200
asset,https://www.ochodnica.sk/img/thumbnails/big/@2x1766910464.jpg,assets/migrated/images/13e56bd5cd9b__2x1766910464.jpg,267089,200
asset,https://www.ochodnica.sk/img/thumbnails/small/1766408130.jpg,assets/migrated/images/10aacc7ee14a_1766408130.jpg,37050,200
asset,https://www.ochodnica.sk/img/thumbnails/big/@2x1766408130.jpg,assets/migrated/images/558759909faf__2x1766408130.jpg,288657,200
asset,https://www.ochodnica.sk/img/thumbnails/small/1766144626.jpg,assets/migrated/images/61081c1ef004_1766144626.jpg,49613,200
asset,https://www.ochodnica.sk/img/thumbnails/big/@2x1766144626.jpg,assets/migrated/images/64b76c35d416__2x1766144626.jpg,329912,200
asset,https://www.ochodnica.sk/img/thumbnails/small/1765562425.jpg,assets/migrated/images/2184335cb025_1765562425.jpg,62549,200
asset,https://www.ochodnica.sk/img/thumbnails/big/@2x1765562425.jpg,assets/migrated/images/d698a2f1c0d3__2x1765562425.jpg,424025,200
page,https://www.ochodnica.sk/sk/kategoria/novinky-z-obce/page:8,sk/kategoria/novinky-z-obce/page:8/index.html,51054,200
asset,https://www.ochodnica.sk/img/thumbnails/small/1765355208.jpg,assets/migrated/images/fe47fab36bf7_1765355208.jpg,27816,200
asset,https://www.ochodnica.sk/img/thumbnails/big/@2x1765355208.jpg,assets/migrated/images/a9d6b2facaad__2x1765355208.jpg,178219,200
asset,https://www.ochodnica.sk/img/thumbnails/small/1765134512.jpg,assets/migrated/images/07a17291a877_1765134512.jpg,65532,200
asset,https://www.ochodnica.sk/img/thumbnails/big/@2x1765134512.jpg,assets/migrated/images/6dd265cf74ee__2x1765134512.jpg,516864,200
asset,https://www.ochodnica.sk/img/thumbnails/small/1764877730.jpg,assets/migrated/images/d9443969edc8_1764877730.jpg,38296,200
asset,https://www.ochodnica.sk/img/thumbnails/big/@2x1764877730.jpg,assets/migrated/images/4621c9b95b83__2x1764877730.jpg,253735,200
asset,https://www.ochodnica.sk/img/thumbnails/small/1764757052.jpg,assets/migrated/images/92a4c0634a46_1764757052.jpg,41684,200
asset,https://www.ochodnica.sk/img/thumbnails/big/@2x1764757052.jpg,assets/migrated/images/cc5708ecc67b__2x1764757052.jpg,293260,200
asset,https://www.ochodnica.sk/img/thumbnails/small/1763815026.jpg,assets/migrated/images/e4b16e674acb_1763815026.jpg,58413,200
asset,https://www.ochodnica.sk/img/thumbnails/big/@2x1763815026.jpg,assets/migrated/images/79a88801442e__2x1763815026.jpg,372251,200
asset,https://www.ochodnica.sk/img/thumbnails/small/1763715167.jpg,assets/migrated/images/eecbe81581e8_1763715167.jpg,53490,200
asset,https://www.ochodnica.sk/img/thumbnails/big/@2x1763715167.jpg,assets/migrated/images/3be0f596a238__2x1763715167.jpg,352642,200
asset,https://www.ochodnica.sk/img/thumbnails/small/1763657291.jpg,assets/migrated/images/e945da6ed54f_1763657291.jpg,46803,200
asset,https://www.ochodnica.sk/img/thumbnails/big/@2x1763657291.jpg,assets/migrated/images/b62b8d3478e2__2x1763657291.jpg,259866,200
asset,https://www.ochodnica.sk/img/thumbnails/small/1763297231.jpg,assets/migrated/images/63e878474fa5_1763297231.jpg,51255,200
asset,https://www.ochodnica.sk/img/thumbnails/big/@2x1763297231.jpg,assets/migrated/images/15a34ed006aa__2x1763297231.jpg,358363,200
asset,https://www.ochodnica.sk/img/thumbnails/small/1763295740.jpg,assets/migrated/images/1cd2f2c029c7_1763295740.jpg,57251,200
asset,https://www.ochodnica.sk/img/thumbnails/big/@2x1763295740.jpg,assets/migrated/images/22d1151220a7__2x1763295740.jpg,439724,200
asset,https://www.ochodnica.sk/img/thumbnails/small/1762507492.jpg,assets/migrated/images/c700318b4219_1762507492.jpg,41684,200
asset,https://www.ochodnica.sk/img/thumbnails/big/@2x1762507492.jpg,assets/migrated/images/fa845a771de9__2x1762507492.jpg,293260,200
page,https://www.ochodnica.sk/sk/kategoria/novinky-z-obce/page:9,sk/kategoria/novinky-z-obce/page:9/index.html,51196,200
asset,https://www.ochodnica.sk/sk/kategoria/novinky-z-obce.rss,assets/migrated/misc/49f08b427bd4_novinky-z-obce.rss,12186,200
asset,https://www.ochodnica.sk/sk/kategoria/uradne-oznamy.rss,assets/migrated/misc/bab36428f4fa_uradne-oznamy.rss,9463,200
page,https://www.ochodnica.sk/sk/pre-turistov/turisticke-trasy.html,sk/pre-turistov/turisticke-trasy.html,40620,200
asset,https://www.ochodnica.sk/img/galleries/40/big/5cf941996e9c5.jpg,assets/migrated/images/8e08674e2aa7_5cf941996e9c5.jpg,77497,200
asset,https://www.ochodnica.sk/img/galleries/40/small/5cf941996e9c5.jpg,assets/migrated/images/ee962bdc3fdb_5cf941996e9c5.jpg,53313,200
asset,https://www.ochodnica.sk/img/galleries/40/big/5cf94199a0985.jpg,assets/migrated/images/3083791d8066_5cf94199a0985.jpg,67564,200
asset,https://www.ochodnica.sk/img/galleries/40/small/5cf94199a0985.jpg,assets/migrated/images/b4e0287647e9_5cf94199a0985.jpg,50205,200
asset,https://www.ochodnica.sk/img/galleries/40/big/5cf94199ce454.jpg,assets/migrated/images/0c67d58f7bf2_5cf94199ce454.jpg,191046,200
asset,https://www.ochodnica.sk/img/galleries/40/small/5cf94199ce454.jpg,assets/migrated/images/3b6d4af51193_5cf94199ce454.jpg,97901,200
asset,https://www.ochodnica.sk/img/galleries/40/big/5cf9419a0854c.jpg,assets/migrated/images/16321325598b_5cf9419a0854c.jpg,138583,200
asset,https://www.ochodnica.sk/img/galleries/40/small/5cf9419a0854c.jpg,assets/migrated/images/c12fb18ee12f_5cf9419a0854c.jpg,83675,200
asset,https://www.ochodnica.sk/img/galleries/40/big/5cf9419a339c8.jpg,assets/migrated/images/36f12dd569b0_5cf9419a339c8.jpg,142809,200
asset,https://www.ochodnica.sk/img/galleries/40/small/5cf9419a339c8.jpg,assets/migrated/images/0dacbd24a2ae_5cf9419a339c8.jpg,86047,200
asset,https://www.ochodnica.sk/img/galleries/40/big/5cf9419a5f1e6.jpg,assets/migrated/images/7c18d880028c_5cf9419a5f1e6.jpg,217702,200
asset,https://www.ochodnica.sk/img/galleries/40/small/5cf9419a5f1e6.jpg,assets/migrated/images/daca30fbed34_5cf9419a5f1e6.jpg,95021,200
asset,https://www.ochodnica.sk/img/galleries/40/big/5cf9419a90eb3.jpg,assets/migrated/images/7609e58b8c16_5cf9419a90eb3.jpg,154974,200
asset,https://www.ochodnica.sk/img/galleries/40/small/5cf9419a90eb3.jpg,assets/migrated/images/7c117a3d76c6_5cf9419a90eb3.jpg,86401,200
asset,https://www.ochodnica.sk/img/galleries/40/big/5cf9419abe41d.jpg,assets/migrated/images/689a04ca34b4_5cf9419abe41d.jpg,95288,200
asset,https://www.ochodnica.sk/img/galleries/40/small/5cf9419abe41d.jpg,assets/migrated/images/f8e55f38733b_5cf9419abe41d.jpg,83488,200
asset,https://www.ochodnica.sk/img/galleries/40/big/5cf9419ad8682.jpg,assets/migrated/images/2ea84f42f008_5cf9419ad8682.jpg,206426,200
asset,https://www.ochodnica.sk/img/galleries/40/small/5cf9419ad8682.jpg,assets/migrated/images/82271d54287e_5cf9419ad8682.jpg,93333,200
asset,https://www.ochodnica.sk/img/galleries/40/big/5cf9419b187ee.jpg,assets/migrated/images/e1969124c354_5cf9419b187ee.jpg,106111,200
asset,https://www.ochodnica.sk/img/galleries/40/small/5cf9419b187ee.jpg,assets/migrated/images/07dc02000a41_5cf9419b187ee.jpg,73859,200
asset,https://www.ochodnica.sk/img/galleries/40/big/5cf9419b46dc3.jpg,assets/migrated/images/f1d1235ceb51_5cf9419b46dc3.jpg,113165,200
asset,https://www.ochodnica.sk/img/galleries/40/small/5cf9419b46dc3.jpg,assets/migrated/images/9f071b3f1f9f_5cf9419b46dc3.jpg,68644,200
asset,https://www.ochodnica.sk/img/galleries/40/big/5cf9419b7272b.jpg,assets/migrated/images/635d79ecb2a2_5cf9419b7272b.jpg,119601,200
asset,https://www.ochodnica.sk/img/galleries/40/small/5cf9419b7272b.jpg,assets/migrated/images/7a53885f9669_5cf9419b7272b.jpg,79369,200
asset,https://www.ochodnica.sk/img/galleries/40/big/5cf9419b9d731.jpg,assets/migrated/images/ceac321c7d50_5cf9419b9d731.jpg,80348,200
asset,https://www.ochodnica.sk/img/galleries/40/small/5cf9419b9d731.jpg,assets/migrated/images/ab9137fcdf3a_5cf9419b9d731.jpg,65661,200
asset,https://www.ochodnica.sk/img/galleries/40/big/5cf9419bb6ae3.jpg,assets/migrated/images/2556216aa332_5cf9419bb6ae3.jpg,66901,200
asset,https://www.ochodnica.sk/img/galleries/40/small/5cf9419bb6ae3.jpg,assets/migrated/images/3fadc0199d0f_5cf9419bb6ae3.jpg,68880,200
asset,https://www.ochodnica.sk/img/galleries/40/big/5cf9419bcf559.jpg,assets/migrated/images/aa0e2483c839_5cf9419bcf559.jpg,58079,200
asset,https://www.ochodnica.sk/img/galleries/40/small/5cf9419bcf559.jpg,assets/migrated/images/0b28f96fd98b_5cf9419bcf559.jpg,62981,200
asset,https://www.ochodnica.sk/img/galleries/40/big/5cf9419be4ee1.jpg,assets/migrated/images/89e5e366d79f_5cf9419be4ee1.jpg,69541,200
asset,https://www.ochodnica.sk/img/galleries/40/small/5cf9419be4ee1.jpg,assets/migrated/images/4f1cc55b4894_5cf9419be4ee1.jpg,69253,200
asset,https://www.ochodnica.sk/img/galleries/40/big/5cf9419c06721.jpg,assets/migrated/images/49d55c09827f_5cf9419c06721.jpg,135783,200
asset,https://www.ochodnica.sk/img/galleries/40/small/5cf9419c06721.jpg,assets/migrated/images/da6e2b03c268_5cf9419c06721.jpg,105778,200
asset,https://www.ochodnica.sk/img/galleries/40/big/5cf9419c1e48d.jpg,assets/migrated/images/2bee63642934_5cf9419c1e48d.jpg,164181,200
asset,https://www.ochodnica.sk/img/galleries/40/small/5cf9419c1e48d.jpg,assets/migrated/images/1b3c8b074e42_5cf9419c1e48d.jpg,95544,200
asset,https://www.ochodnica.sk/img/galleries/40/big/5cf9419c4a3a2.jpg,assets/migrated/images/68a8f2d79b66_5cf9419c4a3a2.jpg,175498,200
asset,https://www.ochodnica.sk/img/galleries/40/small/5cf9419c4a3a2.jpg,assets/migrated/images/2d1e3578253f_5cf9419c4a3a2.jpg,95468,200
asset,https://www.ochodnica.sk/img/galleries/40/big/5cf9419c771a0.jpg,assets/migrated/images/1cbb551c3b13_5cf9419c771a0.jpg,38258,200
asset,https://www.ochodnica.sk/img/galleries/40/small/5cf9419c771a0.jpg,assets/migrated/images/439d2c28cc0a_5cf9419c771a0.jpg,48269,200
asset,https://www.ochodnica.sk/img/galleries/40/big/5cf9419c8def6.jpg,assets/migrated/images/7b7fe60e4d21_5cf9419c8def6.jpg,114023,200
asset,https://www.ochodnica.sk/img/galleries/40/small/5cf9419c8def6.jpg,assets/migrated/images/c52fba20caff_5cf9419c8def6.jpg,88999,200
asset,https://www.ochodnica.sk/img/galleries/40/big/5cf9419ca69fa.jpg,assets/migrated/images/cb8b70463296_5cf9419ca69fa.jpg,148675,200
asset,https://www.ochodnica.sk/img/galleries/40/small/5cf9419ca69fa.jpg,assets/migrated/images/7f1809b2f1b9_5cf9419ca69fa.jpg,86871,200
asset,https://www.ochodnica.sk/img/galleries/40/big/5cf9419cd6444.jpg,assets/migrated/images/f962db742829_5cf9419cd6444.jpg,114182,200
asset,https://www.ochodnica.sk/img/galleries/40/small/5cf9419cd6444.jpg,assets/migrated/images/f7b7f5eb0c1f_5cf9419cd6444.jpg,92495,200
asset,https://www.ochodnica.sk/img/galleries/40/big/5cf9419cefef4.jpg,assets/migrated/images/7018530ac072_5cf9419cefef4.jpg,133998,200
asset,https://www.ochodnica.sk/img/galleries/40/small/5cf9419cefef4.jpg,assets/migrated/images/315eb129f9ba_5cf9419cefef4.jpg,103830,200
asset,https://www.ochodnica.sk/img/galleries/40/big/5cf9419d1aabc.jpg,assets/migrated/images/4e452d417d43_5cf9419d1aabc.jpg,234424,200
asset,https://www.ochodnica.sk/img/galleries/40/small/5cf9419d1aabc.jpg,assets/migrated/images/a63f5a6a7622_5cf9419d1aabc.jpg,104385,200
asset,https://www.ochodnica.sk/img/galleries/40/big/5cf9419d495b9.jpg,assets/migrated/images/a862ca479643_5cf9419d495b9.jpg,210529,200
asset,https://www.ochodnica.sk/img/galleries/40/small/5cf9419d495b9.jpg,assets/migrated/images/ebeeb35cf20b_5cf9419d495b9.jpg,99532,200
page,https://www.ochodnica.sk/sk/pre-turistov/cyklotrasy.html,sk/pre-turistov/cyklotrasy.html,49118,200
page,https://www.ochodnica.sk/sk/pre-turistov/zimne-bezkovanie.html,sk/pre-turistov/zimne-bezkovanie.html,38872,200
asset,https://www.ochodnica.sk/app/webroot/img/ckeditor/restauracia-ochodnica.jpg,assets/migrated/images/d5d1a54d0770_restauracia-ochodnica.jpg,100194,200
asset,https://www.ochodnica.sk/app/webroot/img/ckeditor/farma-ochodnica.jpg,assets/migrated/images/ac9de08994f3_farma-ochodnica.jpg,159812,200
asset,https://www.ochodnica.sk/app/webroot/img/ckeditor/chata-start-ochodnica.jpg,assets/migrated/images/9dbc49d991fb_chata-start-ochodnica.jpg,192200,200
asset,https://www.ochodnica.sk/app/webroot/img/ckeditor/chata-u-chrusta.jpg,assets/migrated/images/635c08a7a516_chata-u-chrusta.jpg,133346,200
asset,https://www.ochodnica.sk/app/webroot/img/ckeditor/pizza-nicca.jpg,assets/migrated/images/eea7f0496aa7_pizza-nicca.jpg,161037,200
asset,https://www.ochodnica.sk/files/downloads/pizza-nicca-jedalny-listok.pdf,assets/migrated/documents/04befb5b541f_pizza-nicca-jedalny-listok.pdf,314517,200
page,https://www.ochodnica.sk/sk/pre-turistov/ubytovanie-a-strava.html,sk/pre-turistov/ubytovanie-a-strava.html,44743,200
asset,https://www.ochodnica.sk/app/webroot/img/ckeditor/folklorny-subor-kycera-ochodnica.jpg,assets/migrated/images/08e955256dbd_folklorny-subor-kycera-ochodnica.jpg,275031,200
page,https://www.ochodnica.sk/sk/folklorna-skupina-kycera.html,sk/folklorna-skupina-kycera.html,40218,200
asset,https://www.ochodnica.sk/app/webroot/img/ckeditor/1-m.jpg,assets/migrated/images/50e4aab15943_1-m.jpg,46905,200
asset,https://www.ochodnica.sk/app/webroot/img/ckeditor/2-m.jpg,assets/migrated/images/e22547f4241a_2-m.jpg,41958,200
asset,https://www.ochodnica.sk/app/webroot/img/ckeditor/3-m.jpg,assets/migrated/images/e22b576f0248_3-m.jpg,66094,200
asset,https://www.ochodnica.sk/app/webroot/img/ckeditor/4-m.jpg,assets/migrated/images/577b26d196ef_4-m.jpg,67305,200
page,https://www.ochodnica.sk/sk/mapovy-portal-obce.html,sk/mapovy-portal-obce.html,40820,200
page,https://www.ochodnica.sk/sk/turisticke-trasy.html,sk/turisticke-trasy.html,40607,200
page,https://www.ochodnica.sk/sk/cyklotrasy.html,sk/cyklotrasy.html,49105,200
page,https://www.ochodnica.sk/sk/ubytovanie-a-strava.html,sk/ubytovanie-a-strava.html,44730,200
page,https://www.ochodnica.sk/sk/zimne-bezkovanie.html,sk/zimne-bezkovanie.html,38859,200
asset,https://www.ochodnica.sk/app/webroot/img/ckeditor/kia-motors-nadacia-pontis.png,assets/migrated/images/648a5219e9e0_kia-motors-nadacia-pontis.png,23459,200
page,https://www.ochodnica.sk/sk/novinky-z-obce/2014/odpocivadlo-na-cyklotrase.html,sk/novinky-z-obce/2014/odpocivadlo-na-cyklotrase.html,40943,200
page,https://www.ochodnica.sk/sk/komunalne-volby/komunalne-volby-2010.html,sk/komunalne-volby/komunalne-volby-2010.html,39224,200
page,https://www.ochodnica.sk/sk/komunalne-volby/komunalne-volby-2014.html,sk/komunalne-volby/komunalne-volby-2014.html,40283,200
page,https://www.ochodnica.sk/sk/komunalne-volby/komunalne-volby-2018.html,sk/komunalne-volby/komunalne-volby-2018.html,40064,200
page,https://www.ochodnica.sk/sk/zmluvy-faktury-a-objednavky/zmluvy-obce.html,sk/zmluvy-faktury-a-objednavky/zmluvy-obce.html,30720,200
page,https://www.ochodnica.sk/sk/zmluvy-faktury-a-objednavky/faktury.html,sk/zmluvy-faktury-a-objednavky/faktury.html,30705,200
page,https://www.ochodnica.sk/sk/zmluvy-faktury-a-objednavky/objednavky.html,sk/zmluvy-faktury-a-objednavky/objednavky.html,30723,200
asset,https://www.ochodnica.sk/app/webroot/img/ckeditor/spojene-volby-2022.jpg,assets/migrated/images/307d78427811_spojene-volby-2022.jpg,65763,200
asset,https://www.ochodnica.sk/files/downloads/2022-209.pdf,assets/migrated/documents/7c79eca2db46_2022-209.pdf,212534,200
asset,https://www.ochodnica.sk/files/attachments/Zoznam%20zaregistrovan%C3%BDch%20kandid%C3%A1tov%20pre%20vo%C4%BEby%20starostu%20obce.pdf,assets/migrated/documents/747b143301f8_Zoznam_zaregistrovan_ch_kandid_tov_pre_vo_by_starostu_obce.pdf,373286,200
asset,https://www.ochodnica.sk/files/attachments/Zoznam%20zaregistrovan%C3%BDch%20kandid%C3%A1tov%20pre%20vo%C4%BEby%20do%20obecn%C3%A9ho%20zastupite%C4%BEstva.pdf,assets/migrated/documents/a45c26d7663f_Zoznam_zaregistrovan_ch_kandid_tov_pre_vo_by_do_obecn_ho_zastupite_stva.pdf,381053,200
asset,https://www.ochodnica.sk/files/downloads/zoznam-zaregistrovanych-kandidatov-pre-volby-predsedu-zsk-v-r.pdf,assets/migrated/documents/8874dd3338f3_zoznam-zaregistrovanych-kandidatov-pre-volby-predsedu-zsk-v-r.pdf,404220,200
asset,https://www.ochodnica.sk/files/downloads/zoznam-zaregistrovanych-kandidatov-do-zastupitelstva-zsk-v-r.pdf,assets/migrated/documents/fb9697f05157_zoznam-zaregistrovanych-kandidatov-do-zastupitelstva-zsk-v-r.pdf,412860,200
asset,https://www.ochodnica.sk/files/attachments/Zoznam zaregistrovaných kandidátov pre voľby do obecného zastupiteľstva.pdf,assets/migrated/documents/846c3b68e910_Zoznam_zaregistrovan_ch_kandid_tov_pre_vo_by_do_obecn_ho_zastupite_stva.pdf,381053,200
asset,https://www.ochodnica.sk/files/attachments/Zoznam zaregistrovaných kandidátov pre voľby starostu obce.pdf,assets/migrated/documents/bfa8e63fbbf4_Zoznam_zaregistrovan_ch_kandid_tov_pre_vo_by_starostu_obce.pdf,373286,200
page,https://www.ochodnica.sk/sk/komunalne-volby/spojene-volby-2022.html,sk/komunalne-volby/spojene-volby-2022.html,44654,200
page,https://www.ochodnica.sk/sk/zmluvy-faktury-a-objednavky/zmluvy-hrobove-miesta.html,sk/zmluvy-faktury-a-objednavky/zmluvy-hrobove-miesta.html,37998,200
asset,https://www.ochodnica.sk/files/attachments/zapisnica-komisia-o-ochrane-verejneho-zaujmu-pri-vykone-funkcii-verejnych-funkcionarov.pdf,assets/migrated/documents/2200db0115d2_zapisnica-komisia-o-ochrane-verejneho-zaujmu-pri-vykone-funkcii-verejnych-funkcionarov.pdf,127658,200
page,https://www.ochodnica.sk/sk/komisia-o-ochrane-verejneho-zaujmu-pri-vykone-funkcii-verejnych-funkcionarov.html,sk/komisia-o-ochrane-verejneho-zaujmu-pri-vykone-funkcii-verejnych-funkcionarov.html,38519,200
asset,https://www.ochodnica.sk/files/attachments/Zápisnica z 1. zasadania KFSM.pdf,assets/migrated/documents/4f570b572e96_Z_pisnica_z_1._zasadania_KFSM.pdf,365777,200
asset,https://www.ochodnica.sk/files/attachments/Zápisnica z 2. zasadania KFSM.pdf,assets/migrated/documents/812713081a8b_Z_pisnica_z_2._zasadania_KFSM.pdf,405675,200
asset,https://www.ochodnica.sk/files/attachments/Zápisnica z 3. zasadania KFSM.pdf,assets/migrated/documents/40de9190cf92_Z_pisnica_z_3._zasadania_KFSM.pdf,383609,200
asset,https://www.ochodnica.sk/files/attachments/Zápisnica z 5. zasadania KFSM.pdf,assets/migrated/documents/6371faa82447_Z_pisnica_z_5._zasadania_KFSM.pdf,319643,200
asset,https://www.ochodnica.sk/files/attachments/Zápisnica zo 6. zasadania KFSM.pdf,assets/migrated/documents/aebc49f84c27_Z_pisnica_zo_6._zasadania_KFSM.pdf,354916,200
page,https://www.ochodnica.sk/sk/komisia-financna-a-spravy-majetku.html,sk/komisia-financna-a-spravy-majetku.html,39298,200
asset,https://www.ochodnica.sk/files/attachments/Zápisnica č.2 životného prostredia.pdf,assets/migrated/documents/e4dbc5411dd3_Z_pisnica_.2_ivotn_ho_prostredia.pdf,210163,200
asset,https://www.ochodnica.sk/files/attachments/Zápisnica č.4 životného prostredia.pdf,assets/migrated/documents/e97a7eac3c68_Z_pisnica_.4_ivotn_ho_prostredia.pdf,501670,200
asset,https://www.ochodnica.sk/files/attachments/Zápisnica č.1 životného prostredia.pdf,assets/migrated/documents/e641244b8b29_Z_pisnica_.1_ivotn_ho_prostredia.pdf,200334,200
asset,https://www.ochodnica.sk/files/attachments/Zápisnica č.3 životného prostredia.pdf,assets/migrated/documents/21d803f84543_Z_pisnica_.3_ivotn_ho_prostredia.pdf,197460,200
asset,https://www.ochodnica.sk/files/attachments/zapisnica-komisia-zp-a-sportu-10-2025.pdf,assets/migrated/documents/f714416d113a_zapisnica-komisia-zp-a-sportu-10-2025.pdf,492102,200
asset,https://www.ochodnica.sk/files/attachments/zapisnica-komisia-zp-a-sportu-11-2025.pdf,assets/migrated/documents/8ac1a7a9672c_zapisnica-komisia-zp-a-sportu-11-2025.pdf,488508,200
asset,https://www.ochodnica.sk/files/attachments/zapisnica-komisia-zp-a-sportu-12-2025.pdf,assets/migrated/documents/b3cd993caaf5_zapisnica-komisia-zp-a-sportu-12-2025.pdf,496109,200
asset,https://www.ochodnica.sk/files/attachments/zapisnica-komisia-zp-a-sportu-4-2025.pdf,assets/migrated/documents/7417f5d73a63_zapisnica-komisia-zp-a-sportu-4-2025.pdf,433893,200
asset,https://www.ochodnica.sk/files/attachments/zapisnica-komisia-zp-a-sportu-5-2025.pdf,assets/migrated/documents/17344e4ad272_zapisnica-komisia-zp-a-sportu-5-2025.pdf,451511,200
asset,https://www.ochodnica.sk/files/attachments/zapisnica-komisia-zp-a-sportu-6-2025.pdf,assets/migrated/documents/aa6acfefb59e_zapisnica-komisia-zp-a-sportu-6-2025.pdf,498619,200
asset,https://www.ochodnica.sk/files/attachments/zapisnica-komisia-zp-a-sportu-7-2025.pdf,assets/migrated/documents/7a1a01efb844_zapisnica-komisia-zp-a-sportu-7-2025.pdf,443769,200
asset,https://www.ochodnica.sk/files/attachments/zapisnica-komisia-zp-a-sportu-8-2025.pdf,assets/migrated/documents/15f5952229d1_zapisnica-komisia-zp-a-sportu-8-2025.pdf,474659,200
asset,https://www.ochodnica.sk/files/attachments/zapisnica-komisia-zp-a-sportu-9-2025.pdf,assets/migrated/documents/d949beb3fe47_zapisnica-komisia-zp-a-sportu-9-2025.pdf,456735,200
asset,https://www.ochodnica.sk/files/attachments/zapisnica-komisia-zp-a-sportu-1-2026.pdf,assets/migrated/documents/22ca27c457a2_zapisnica-komisia-zp-a-sportu-1-2026.pdf,225878,200
asset,https://www.ochodnica.sk/files/attachments/zapisnica-komisia-zp-a-sportu-2-2026.pdf,assets/migrated/documents/f6d2cf03fc41_zapisnica-komisia-zp-a-sportu-2-2026.pdf,227208,200
asset,https://www.ochodnica.sk/files/attachments/zapisnica-komisia-zp-a-sportu-3-2026.pdf,assets/migrated/documents/0379d83f48a0_zapisnica-komisia-zp-a-sportu-3-2026.pdf,228472,200
asset,https://www.ochodnica.sk/files/attachments/zapisnica-komisia-zp-a-sportu-4-2026.pdf,assets/migrated/documents/7d57f0e224c4_zapisnica-komisia-zp-a-sportu-4-2026.pdf,336129,200
asset,https://www.ochodnica.sk/files/attachments/zapisnica-komisia-zp-a-sportu-5-2026.pdf,assets/migrated/documents/7d2666b37b48_zapisnica-komisia-zp-a-sportu-5-2026.pdf,336844,200
asset,https://www.ochodnica.sk/files/attachments/zapisnica-komisia-zp-a-sportu-6-2026.pdf,assets/migrated/documents/2869d22b03c9_zapisnica-komisia-zp-a-sportu-6-2026.pdf,231940,200
asset,https://www.ochodnica.sk/files/attachments/zapisnica-komisia-zp-a-sportu-7-2026.pdf,assets/migrated/documents/02ed7df3cb84_zapisnica-komisia-zp-a-sportu-7-2026.pdf,501102,200
page,https://www.ochodnica.sk/sk/komisia-zivotneho-prostredia-a-sportu.html,sk/komisia-zivotneho-prostredia-a-sportu.html,47426,200
asset,https://www.ochodnica.sk/files/attachments/zapisnica-bytova-komisia-21-8-2026.pdf,assets/migrated/documents/9b0a6efc0f5f_zapisnica-bytova-komisia-21-8-2026.pdf,613945,200
asset,https://www.ochodnica.sk/files/attachments/zapisnica-bytova-komisia-23-7-2026.pdf,assets/migrated/documents/1f385d8708d1_zapisnica-bytova-komisia-23-7-2026.pdf,298245,200
asset,https://www.ochodnica.sk/files/attachments/zapisnica-zo-zasadnutia-komisie-kulturnej-a-bytovej-7-5-2026.pdf,assets/migrated/documents/65f90f9c5960_zapisnica-zo-zasadnutia-komisie-kulturnej-a-bytovej-7-5-2026.pdf,521884,200
page,https://www.ochodnica.sk/sk/komisia-bytova-a-kulturna.html,sk/komisia-bytova-a-kulturna.html,38757,200
asset,https://www.ochodnica.sk/files/downloads/vecne-vyhodnotenie.pdf,assets/migrated/documents/1276525e8315_vecne-vyhodnotenie.pdf,280474,200
asset,https://www.ochodnica.sk/files/downloads/suhrna-sprava.pdf,assets/migrated/documents/84e07ea26745_suhrna-sprava.pdf,282225,200
asset,https://www.ochodnica.sk/files/downloads/zaverecna-sprava.pdf,assets/migrated/documents/d3dc15021846_zaverecna-sprava.pdf,244827,200
asset,https://www.ochodnica.sk/files/downloads/zapisnica-z-vyhodnotenia.pdf,assets/migrated/documents/32c446bb1876_zapisnica-z-vyhodnotenia.pdf,386320,200
asset,https://www.ochodnica.sk/img/galleries/126/big/5df7e881aafd8.jpg,assets/migrated/images/968387c10767_5df7e881aafd8.jpg,144288,200
asset,https://www.ochodnica.sk/img/galleries/126/small/5df7e881aafd8.jpg,assets/migrated/images/081d88e4ac17_5df7e881aafd8.jpg,82502,200
asset,https://www.ochodnica.sk/img/galleries/126/big/5df7e881c5d2d.jpg,assets/migrated/images/7f8db858ea5e_5df7e881c5d2d.jpg,93132,200
asset,https://www.ochodnica.sk/img/galleries/126/small/5df7e881c5d2d.jpg,assets/migrated/images/2dccc3056152_5df7e881c5d2d.jpg,90788,200
asset,https://www.ochodnica.sk/img/galleries/126/big/5df7e881d6761.jpg,assets/migrated/images/3a33d140bc6d_5df7e881d6761.jpg,154631,200
asset,https://www.ochodnica.sk/img/galleries/126/small/5df7e881d6761.jpg,assets/migrated/images/5b648d4fedf5_5df7e881d6761.jpg,88231,200
asset,https://www.ochodnica.sk/img/galleries/126/big/5df7e881f0238.jpg,assets/migrated/images/07ba56e45930_5df7e881f0238.jpg,65685,200
asset,https://www.ochodnica.sk/img/galleries/126/small/5df7e881f0238.jpg,assets/migrated/images/c4e3d6e03656_5df7e881f0238.jpg,66152,200
page,https://www.ochodnica.sk/sk/rekonstrukcia-detskeho-ihriska-pri-ms-ochodnica.html,sk/rekonstrukcia-detskeho-ihriska-pri-ms-ochodnica.html,41559,200
asset,https://www.ochodnica.sk/app/webroot/img/ckeditor/predchadzanie-odpadu-ochodnica.jpg,assets/migrated/images/4fb873d03544_predchadzanie-odpadu-ochodnica.jpg,467168,200
asset,https://www.ochodnica.sk/app/webroot/img/ckeditor/predchadzanie-vzniku-brko.jpg,assets/migrated/images/4a2b14dd5f27_predchadzanie-vzniku-brko.jpg,176496,200
asset,https://www.ochodnica.sk/files/attachments/predchadzanie-vzniku-brko-dolne-kysuce.pdf,assets/migrated/documents/8acb29334a6b_predchadzanie-vzniku-brko-dolne-kysuce.pdf,233626,200
page,https://www.ochodnica.sk/sk/predchadzanie-vzniku-biologicky-rozlozitelneho-komunalneho-odpadu-na-uzemi-dolnych-kysuc.html,sk/predchadzanie-vzniku-biologicky-rozlozitelneho-komunalneho-odpadu-na-uzemi-dolnych-kysuc.html,40276,200
asset,https://www.ochodnica.sk/img/galleries/47/big/5cfe473c73dbf.jpg,assets/migrated/images/15c97108eda5_5cfe473c73dbf.jpg,100250,200
asset,https://www.ochodnica.sk/img/galleries/47/small/5cfe473c73dbf.jpg,assets/migrated/images/63adc103cf1f_5cfe473c73dbf.jpg,65762,200
asset,https://www.ochodnica.sk/img/galleries/47/big/5cfe473ca92f8.jpg,assets/migrated/images/7ec1fd8ac1f8_5cfe473ca92f8.jpg,172953,200
asset,https://www.ochodnica.sk/img/galleries/47/small/5cfe473ca92f8.jpg,assets/migrated/images/73bc784ae88a_5cfe473ca92f8.jpg,94616,200
asset,https://www.ochodnica.sk/img/galleries/47/big/5cfe473cedc13.jpg,assets/migrated/images/c230f7a5fe8b_5cfe473cedc13.jpg,79460,200
asset,https://www.ochodnica.sk/img/galleries/47/small/5cfe473cedc13.jpg,assets/migrated/images/7889ed0c7045_5cfe473cedc13.jpg,56848,200
asset,https://www.ochodnica.sk/img/galleries/47/big/5cfe473d2f929.jpg,assets/migrated/images/8da0b8b339e9_5cfe473d2f929.jpg,168495,200
asset,https://www.ochodnica.sk/img/galleries/47/small/5cfe473d2f929.jpg,assets/migrated/images/2ea4a5a599c5_5cfe473d2f929.jpg,93913,200
asset,https://www.ochodnica.sk/img/galleries/47/big/5cfe473d5dbcb.jpg,assets/migrated/images/5cd920fe1aa3_5cfe473d5dbcb.jpg,169895,200
asset,https://www.ochodnica.sk/img/galleries/47/small/5cfe473d5dbcb.jpg,assets/migrated/images/4c76c69b5655_5cfe473d5dbcb.jpg,88220,200
asset,https://www.ochodnica.sk/img/galleries/47/big/5cfe473d8db64.jpg,assets/migrated/images/c9989e36ab1a_5cfe473d8db64.jpg,176545,200
asset,https://www.ochodnica.sk/img/galleries/47/small/5cfe473d8db64.jpg,assets/migrated/images/844c9530cc9a_5cfe473d8db64.jpg,93464,200
asset,https://www.ochodnica.sk/img/galleries/47/big/5cfe473dc0784.jpg,assets/migrated/images/fea494cf988d_5cfe473dc0784.jpg,74203,200
asset,https://www.ochodnica.sk/img/galleries/47/small/5cfe473dc0784.jpg,assets/migrated/images/567c43f747a3_5cfe473dc0784.jpg,58807,200
asset,https://www.ochodnica.sk/img/galleries/47/big/5cfe473df1c98.jpg,assets/migrated/images/f3b292f172b6_5cfe473df1c98.jpg,137233,200
asset,https://www.ochodnica.sk/img/galleries/47/small/5cfe473df1c98.jpg,assets/migrated/images/1ddc968dfe47_5cfe473df1c98.jpg,84539,200
asset,https://www.ochodnica.sk/img/galleries/47/big/5cfe473e30613.jpg,assets/migrated/images/e8953c65a3b2_5cfe473e30613.jpg,64734,200
asset,https://www.ochodnica.sk/img/galleries/47/small/5cfe473e30613.jpg,assets/migrated/images/fd2396d18b68_5cfe473e30613.jpg,48523,200
asset,https://www.ochodnica.sk/img/galleries/47/big/5cfe473e5e0b9.jpg,assets/migrated/images/784e4a90a8db_5cfe473e5e0b9.jpg,59422,200
asset,https://www.ochodnica.sk/img/galleries/47/small/5cfe473e5e0b9.jpg,assets/migrated/images/bda1a914ce50_5cfe473e5e0b9.jpg,48448,200
asset,https://www.ochodnica.sk/img/galleries/47/big/5cfe473e8bdea.jpg,assets/migrated/images/b32c112552ee_5cfe473e8bdea.jpg,49971,200
asset,https://www.ochodnica.sk/img/galleries/47/small/5cfe473e8bdea.jpg,assets/migrated/images/101b7a6d0ac6_5cfe473e8bdea.jpg,43850,200
asset,https://www.ochodnica.sk/img/galleries/47/big/5cfe473ebb52c.jpg,assets/migrated/images/937befddcb10_5cfe473ebb52c.jpg,51482,200
asset,https://www.ochodnica.sk/img/galleries/47/small/5cfe473ebb52c.jpg,assets/migrated/images/c3ad71e1b12c_5cfe473ebb52c.jpg,44727,200
page,https://www.ochodnica.sk/sk/novinky-z-obce/2018/stavebne-upravy-a-znizenie-energetickej-narocnosti-hasicska-zbrojnica-v-ochodnici.html,sk/novinky-z-obce/2018/stavebne-upravy-a-znizenie-energetickej-narocnosti-hasicska-zbrojnica-v-ochodnici.html,45381,200
asset,https://www.ochodnica.sk/app/webroot/img/ckeditor/zilinsky-kraj.jpg,assets/migrated/images/68316f6b5489_zilinsky-kraj.jpg,51911,200
asset,https://www.ochodnica.sk/img/galleries/34/big/5cefaee37a2f1.jpg,assets/migrated/images/50157f900d5d_5cefaee37a2f1.jpg,212201,200
asset,https://www.ochodnica.sk/img/galleries/34/small/5cefaee37a2f1.jpg,assets/migrated/images/5e703ce92652_5cefaee37a2f1.jpg,75568,200
asset,https://www.ochodnica.sk/img/galleries/34/big/5cefaee4a3f8c.jpg,assets/migrated/images/ca83d573cbb0_5cefaee4a3f8c.jpg,173883,200
asset,https://www.ochodnica.sk/img/galleries/34/small/5cefaee4a3f8c.jpg,assets/migrated/images/a8bf11d76e5b_5cefaee4a3f8c.jpg,67472,200
asset,https://www.ochodnica.sk/img/galleries/34/big/5cefaee5d11cd.jpg,assets/migrated/images/e0179c306a99_5cefaee5d11cd.jpg,110518,200
asset,https://www.ochodnica.sk/img/galleries/34/small/5cefaee5d11cd.jpg,assets/migrated/images/d5b2057de564_5cefaee5d11cd.jpg,79523,200
asset,https://www.ochodnica.sk/img/galleries/34/big/5cefaee5f303b.jpg,assets/migrated/images/9b28fa49a984_5cefaee5f303b.jpg,104156,200
asset,https://www.ochodnica.sk/img/galleries/34/small/5cefaee5f303b.jpg,assets/migrated/images/f92bcbf76b44_5cefaee5f303b.jpg,78088,200
asset,https://www.ochodnica.sk/img/galleries/34/big/5cefaee61b1dd.jpg,assets/migrated/images/9b40a91bc847_5cefaee61b1dd.jpg,133120,200
asset,https://www.ochodnica.sk/img/galleries/34/small/5cefaee61b1dd.jpg,assets/migrated/images/853aaca262cf_5cefaee61b1dd.jpg,92410,200
asset,https://www.ochodnica.sk/img/galleries/34/big/5cefaee637833.jpg,assets/migrated/images/b1f056bec293_5cefaee637833.jpg,116972,200
asset,https://www.ochodnica.sk/img/galleries/34/small/5cefaee637833.jpg,assets/migrated/images/14a3fad7d1c2_5cefaee637833.jpg,87610,200
asset,https://www.ochodnica.sk/img/galleries/34/big/5cefaee658e11.jpg,assets/migrated/images/133f26e4437d_5cefaee658e11.jpg,110842,200
asset,https://www.ochodnica.sk/img/galleries/34/small/5cefaee658e11.jpg,assets/migrated/images/004ff924c5f6_5cefaee658e11.jpg,79005,200
asset,https://www.ochodnica.sk/img/galleries/34/big/5cefaee675db1.jpg,assets/migrated/images/a6ac313f34d0_5cefaee675db1.jpg,61297,200
asset,https://www.ochodnica.sk/img/galleries/34/small/5cefaee675db1.jpg,assets/migrated/images/a0cfdabb0945_5cefaee675db1.jpg,58154,200
asset,https://www.ochodnica.sk/img/galleries/34/big/5cefaee690d7b.jpg,assets/migrated/images/ec5cc60873a4_5cefaee690d7b.jpg,85654,200
asset,https://www.ochodnica.sk/img/galleries/34/small/5cefaee690d7b.jpg,assets/migrated/images/68803cabdb50_5cefaee690d7b.jpg,73127,200
page,https://www.ochodnica.sk/sk/vystavba-chodnikov-na-cintorine-v-obci-ochodnica.html,sk/vystavba-chodnikov-na-cintorine-v-obci-ochodnica.html,42162,200
asset,https://www.ochodnica.sk/app/webroot/img/ckeditor/intereg-logo.jpg,assets/migrated/images/3b71da31852d_intereg-logo.jpg,15778,200
asset,https://www.ochodnica.sk/app/webroot/img/ckeditor/zilinsky-kraj-logo.jpg,assets/migrated/images/061aaca9cd36_zilinsky-kraj-logo.jpg,13906,200
asset,https://www.ochodnica.sk/app/webroot/img/ckeditor/zastresenie-amfiteatra.jpg,assets/migrated/images/4159e51b5a8f_zastresenie-amfiteatra.jpg,76968,200
asset,https://www.ochodnica.sk/img/galleries/35/big/5cefb2ec47f7c.jpg,assets/migrated/images/2ca5ad117731_5cefb2ec47f7c.jpg,103535,200
asset,https://www.ochodnica.sk/img/galleries/35/small/5cefb2ec47f7c.jpg,assets/migrated/images/35124010f8dc_5cefb2ec47f7c.jpg,87245,200
asset,https://www.ochodnica.sk/img/galleries/35/big/5cefb2ec55e58.jpg,assets/migrated/images/730a2252ce9d_5cefb2ec55e58.jpg,98128,200
asset,https://www.ochodnica.sk/img/galleries/35/small/5cefb2ec55e58.jpg,assets/migrated/images/b5137002ed49_5cefb2ec55e58.jpg,82476,200
asset,https://www.ochodnica.sk/img/galleries/35/big/5cefb2ec63154.jpg,assets/migrated/images/860c52f9e7fb_5cefb2ec63154.jpg,198967,200
asset,https://www.ochodnica.sk/img/galleries/35/small/5cefb2ec63154.jpg,assets/migrated/images/af63d3d94510_5cefb2ec63154.jpg,96771,200
asset,https://www.ochodnica.sk/img/galleries/35/big/5cefb2ec8d1c9.jpg,assets/migrated/images/e65b8196310a_5cefb2ec8d1c9.jpg,198393,200
asset,https://www.ochodnica.sk/img/galleries/35/small/5cefb2ec8d1c9.jpg,assets/migrated/images/399d92bfe9df_5cefb2ec8d1c9.jpg,89537,200
asset,https://www.ochodnica.sk/img/galleries/35/big/5cefb2ecb8ee8.jpg,assets/migrated/images/69cb7774108d_5cefb2ecb8ee8.jpg,281686,200
asset,https://www.ochodnica.sk/img/galleries/35/small/5cefb2ecb8ee8.jpg,assets/migrated/images/4d2bf149e518_5cefb2ecb8ee8.jpg,101582,200
asset,https://www.ochodnica.sk/img/galleries/35/big/5cefb2ece6b38.jpg,assets/migrated/images/a5ce49902bc0_5cefb2ece6b38.jpg,285574,200
asset,https://www.ochodnica.sk/img/galleries/35/small/5cefb2ece6b38.jpg,assets/migrated/images/d2cf857309eb_5cefb2ece6b38.jpg,100114,200
asset,https://www.ochodnica.sk/img/galleries/35/big/5cefb2ed19fb9.jpg,assets/migrated/images/ff041d5978b4_5cefb2ed19fb9.jpg,62743,200
asset,https://www.ochodnica.sk/img/galleries/35/small/5cefb2ed19fb9.jpg,assets/migrated/images/7ccba7582b1f_5cefb2ed19fb9.jpg,57492,200
asset,https://www.ochodnica.sk/img/galleries/35/big/5cefb2ed24e7a.jpg,assets/migrated/images/502572de5ebb_5cefb2ed24e7a.jpg,94214,200
asset,https://www.ochodnica.sk/img/galleries/35/small/5cefb2ed24e7a.jpg,assets/migrated/images/5fdab555206f_5cefb2ed24e7a.jpg,88347,200
asset,https://www.ochodnica.sk/img/galleries/35/big/5cefb2ed31f3c.jpg,assets/migrated/images/a607ede870f1_5cefb2ed31f3c.jpg,270952,200
asset,https://www.ochodnica.sk/img/galleries/35/small/5cefb2ed31f3c.jpg,assets/migrated/images/8127cd7b8231_5cefb2ed31f3c.jpg,99731,200
asset,https://www.ochodnica.sk/img/galleries/35/big/5cefb2ed5b24d.jpg,assets/migrated/images/35841138c037_5cefb2ed5b24d.jpg,235572,200
asset,https://www.ochodnica.sk/img/galleries/35/small/5cefb2ed5b24d.jpg,assets/migrated/images/b7284523eb6e_5cefb2ed5b24d.jpg,93526,200
asset,https://www.ochodnica.sk/img/galleries/35/big/5cefb2ed83e51.jpg,assets/migrated/images/d036a2171ba3_5cefb2ed83e51.jpg,236075,200
asset,https://www.ochodnica.sk/img/galleries/35/small/5cefb2ed83e51.jpg,assets/migrated/images/e6b7baeceb3d_5cefb2ed83e51.jpg,93593,200
asset,https://www.ochodnica.sk/img/galleries/35/big/5cefb2edad5a5.jpg,assets/migrated/images/9efa10f55e84_5cefb2edad5a5.jpg,194778,200
asset,https://www.ochodnica.sk/img/galleries/35/small/5cefb2edad5a5.jpg,assets/migrated/images/611b9e067c6f_5cefb2edad5a5.jpg,84229,200
asset,https://www.ochodnica.sk/img/galleries/35/big/5cefb2edd991c.jpg,assets/migrated/images/a9add414e11e_5cefb2edd991c.jpg,187940,200
asset,https://www.ochodnica.sk/img/galleries/35/small/5cefb2edd991c.jpg,assets/migrated/images/64156efda863_5cefb2edd991c.jpg,82427,200
asset,https://www.ochodnica.sk/img/galleries/35/big/5cefb2ee12261.jpg,assets/migrated/images/e7fd8d11ec02_5cefb2ee12261.jpg,180318,200
asset,https://www.ochodnica.sk/img/galleries/35/small/5cefb2ee12261.jpg,assets/migrated/images/3275ef0fbae6_5cefb2ee12261.jpg,79775,200
asset,https://www.ochodnica.sk/img/galleries/35/big/5cefb2ee3e02c.jpg,assets/migrated/images/5502a1d7d137_5cefb2ee3e02c.jpg,211880,200
asset,https://www.ochodnica.sk/img/galleries/35/small/5cefb2ee3e02c.jpg,assets/migrated/images/2d0c422d0666_5cefb2ee3e02c.jpg,88413,200
asset,https://www.ochodnica.sk/img/galleries/35/big/5cefb2ee67a49.jpg,assets/migrated/images/e0f52d35b6ca_5cefb2ee67a49.jpg,209865,200
asset,https://www.ochodnica.sk/img/galleries/35/small/5cefb2ee67a49.jpg,assets/migrated/images/21840d1fb756_5cefb2ee67a49.jpg,87730,200
asset,https://www.ochodnica.sk/img/galleries/35/big/5cefb2ee935dd.jpg,assets/migrated/images/8fdc4883351a_5cefb2ee935dd.jpg,266233,200
asset,https://www.ochodnica.sk/img/galleries/35/small/5cefb2ee935dd.jpg,assets/migrated/images/182ca7c71412_5cefb2ee935dd.jpg,100856,200
asset,https://www.ochodnica.sk/img/galleries/35/big/5cefb2eec0bb4.jpg,assets/migrated/images/e6f5bf49c17e_5cefb2eec0bb4.jpg,179574,200
asset,https://www.ochodnica.sk/img/galleries/35/small/5cefb2eec0bb4.jpg,assets/migrated/images/1598c87710d3_5cefb2eec0bb4.jpg,84952,200
asset,https://www.ochodnica.sk/img/galleries/35/big/5cefb2eee6a7a.jpg,assets/migrated/images/4b0a8836462f_5cefb2eee6a7a.jpg,88863,200
asset,https://www.ochodnica.sk/img/galleries/35/small/5cefb2eee6a7a.jpg,assets/migrated/images/225b8ee2eb28_5cefb2eee6a7a.jpg,87609,200
asset,https://www.ochodnica.sk/img/galleries/35/big/5cefb2eef24a1.jpg,assets/migrated/images/48a8514d8842_5cefb2eef24a1.jpg,89852,200
asset,https://www.ochodnica.sk/img/galleries/35/small/5cefb2eef24a1.jpg,assets/migrated/images/e123594dd62e_5cefb2eef24a1.jpg,82115,200
asset,https://www.ochodnica.sk/img/galleries/35/big/5cefb2ef09076.jpg,assets/migrated/images/343e97f36de8_5cefb2ef09076.jpg,77513,200
asset,https://www.ochodnica.sk/img/galleries/35/small/5cefb2ef09076.jpg,assets/migrated/images/74d036d4c30a_5cefb2ef09076.jpg,66936,200
asset,https://www.ochodnica.sk/img/galleries/35/big/5cefb2ef1509d.jpg,assets/migrated/images/8c6307786007_5cefb2ef1509d.jpg,77576,200
asset,https://www.ochodnica.sk/img/galleries/35/small/5cefb2ef1509d.jpg,assets/migrated/images/6505d6cfa057_5cefb2ef1509d.jpg,67922,200
asset,https://www.ochodnica.sk/img/galleries/35/big/5cefb2ef21d64.jpg,assets/migrated/images/6b044dbcee87_5cefb2ef21d64.jpg,78793,200
asset,https://www.ochodnica.sk/img/galleries/35/small/5cefb2ef21d64.jpg,assets/migrated/images/57e0899acd90_5cefb2ef21d64.jpg,75035,200
asset,https://www.ochodnica.sk/img/galleries/35/big/5cefb2ef2ea79.jpg,assets/migrated/images/8892285212f8_5cefb2ef2ea79.jpg,266456,200
asset,https://www.ochodnica.sk/img/galleries/35/small/5cefb2ef2ea79.jpg,assets/migrated/images/ebb26837c5ec_5cefb2ef2ea79.jpg,98141,200
asset,https://www.ochodnica.sk/img/galleries/35/big/5cefb2ef59897.jpg,assets/migrated/images/f6448d5e1b30_5cefb2ef59897.jpg,268521,200
asset,https://www.ochodnica.sk/img/galleries/35/small/5cefb2ef59897.jpg,assets/migrated/images/a34d6fa6bdda_5cefb2ef59897.jpg,97365,200
asset,https://www.ochodnica.sk/img/galleries/35/big/5cefb2ef83fe5.jpg,assets/migrated/images/30713b40e957_5cefb2ef83fe5.jpg,224588,200
asset,https://www.ochodnica.sk/img/galleries/35/small/5cefb2ef83fe5.jpg,assets/migrated/images/cf598998e8f5_5cefb2ef83fe5.jpg,91389,200
asset,https://www.ochodnica.sk/img/galleries/35/big/5cefb2efa83a3.jpg,assets/migrated/images/bb88f1d4b970_5cefb2efa83a3.jpg,232815,200
asset,https://www.ochodnica.sk/img/galleries/35/small/5cefb2efa83a3.jpg,assets/migrated/images/ceb62cf9e301_5cefb2efa83a3.jpg,93671,200
asset,https://www.ochodnica.sk/img/galleries/35/big/5cefb2efd1efe.jpg,assets/migrated/images/62dd52fa27a7_5cefb2efd1efe.jpg,159958,200
asset,https://www.ochodnica.sk/img/galleries/35/small/5cefb2efd1efe.jpg,assets/migrated/images/41a34be75cea_5cefb2efd1efe.jpg,92350,200
asset,https://www.ochodnica.sk/img/galleries/35/big/5cefb2efefd8d.jpg,assets/migrated/images/b687dbdf54e4_5cefb2efefd8d.jpg,248061,200
asset,https://www.ochodnica.sk/img/galleries/35/small/5cefb2efefd8d.jpg,assets/migrated/images/e80ad37f8e49_5cefb2efefd8d.jpg,84735,200
asset,https://www.ochodnica.sk/img/galleries/35/big/5cefb2f025f59.jpg,assets/migrated/images/86cb63a777c0_5cefb2f025f59.jpg,234055,200
asset,https://www.ochodnica.sk/img/galleries/35/small/5cefb2f025f59.jpg,assets/migrated/images/5cf993ccf325_5cefb2f025f59.jpg,89085,200
page,https://www.ochodnica.sk/sk/ochodnica-a-mucharz-partnerstvo-na-ochranu-nasho-dedicstva.html,sk/ochodnica-a-mucharz-partnerstvo-na-ochranu-nasho-dedicstva.html,48772,200
asset,https://www.ochodnica.sk/app/webroot/img/ckeditor/logominv.png,assets/migrated/images/d0bc3a20a06f_logominv.png,6436,200
page,https://www.ochodnica.sk/sk/uradne-oznamy/2017/kamerovy-system-ochodnica.html,sk/uradne-oznamy/2017/kamerovy-system-ochodnica.html,39775,200
page,https://www.ochodnica.sk/sk/novinky-z-obce/2009/verejne-osvetlenie.html,sk/novinky-z-obce/2009/verejne-osvetlenie.html,39962,200
page,https://www.ochodnica.sk/sk/uradne-oznamy/2022/vyzva-na-predlozenie-cenovej-ponuky-miestne-komunikacie-obec-ochodnica-panelova-cesta-a-parkovisko-cintorin-a-oprava-vytlkov-v-obci-ochodnica.html,sk/uradne-oznamy/2022/vyzva-na-predlozenie-cenovej-ponuky-miestne-komunikacie-obec-ochodnica-panelova-cesta-a-parkovisko-cintorin-a-oprava-vytlkov-v-obci-ochodnica.html,39707,200
page,https://www.ochodnica.sk/sk/vyzva-na-predlozenie-cenovej-ponuky-rekonstrukcia-mosta-pri-mihaldovi-vysny-koniec-v-obci-ochodnica.html,sk/vyzva-na-predlozenie-cenovej-ponuky-rekonstrukcia-mosta-pri-mihaldovi-vysny-koniec-v-obci-ochodnica.html,39008,200
asset,https://www.ochodnica.sk/files/attachments/Príloha c.2 Vykaz vymer.xlsx,assets/migrated/documents/fb330c4904c4_Pr_loha_c.2_Vykaz_vymer.xlsx,57026,200
asset,https://www.ochodnica.sk/files/attachments/Príloha c.4 Projektova dokumentacia.zip,assets/migrated/documents/1994c0452684_Pr_loha_c.4_Projektova_dokumentacia.zip,2795940,200
asset,https://www.ochodnica.sk/files/attachments/Vyzva na predkladanie ponuk.doc,assets/migrated/documents/8d42ac0738bb_Vyzva_na_predkladanie_ponuk.doc,154112,200
asset,https://www.ochodnica.sk/files/attachments/Vyzva na predkladanie ponuk.pdf,assets/migrated/documents/951c9ec3501d_Vyzva_na_predkladanie_ponuk.pdf,390947,200
asset,https://www.ochodnica.sk/files/attachments/priloha c3_Zmluva o dielo.doc,assets/migrated/documents/489f0dbc90c7_priloha_c3_Zmluva_o_dielo.doc,53760,200
asset,https://www.ochodnica.sk/files/attachments/priloha c3_Zmluva o dielo.pdf,assets/migrated/documents/b88442ed9a7d_priloha_c3_Zmluva_o_dielo.pdf,222620,200
page,https://www.ochodnica.sk/sk/vyzva-na-predlozenie-cenovej-ponuky-rekonstrukcia-mo-ochodnica-pri-cernoskovej.html,sk/vyzva-na-predlozenie-cenovej-ponuky-rekonstrukcia-mo-ochodnica-pri-cernoskovej.html,68324,200
asset,https://www.ochodnica.sk/files/attachments/Príloha c.2_Vykaz vymer.xlsx,assets/migrated/documents/a302fdcf711b_Pr_loha_c.2_Vykaz_vymer.xlsx,46961,200
page,https://www.ochodnica.sk/sk/vyzva-na-predlozenie-cenovej-ponuky-kulturny-dom-ochodnica-stavebne-upravy.html,sk/vyzva-na-predlozenie-cenovej-ponuky-kulturny-dom-ochodnica-stavebne-upravy.html,66583,200
page,https://www.ochodnica.sk/sk/novinky-z-obce/2021/vyzva-na-predlozenie-cenovej-ponuky-verejne-osvetlenie-obce-ochodnica.html,sk/novinky-z-obce/2021/vyzva-na-predlozenie-cenovej-ponuky-verejne-osvetlenie-obce-ochodnica.html,48329,200
asset,https://www.ochodnica.sk/files/attachments/Priloha c2_Vykaz vymer_1.xlsx,assets/migrated/documents/903ce35d3f51_Priloha_c2_Vykaz_vymer_1.xlsx,22841,200
asset,https://www.ochodnica.sk/files/attachments/Priloha c2_Vykaz vymer_2.xlsx,assets/migrated/documents/6fa171e619c8_Priloha_c2_Vykaz_vymer_2.xlsx,44045,200
asset,https://www.ochodnica.sk/files/attachments/Príloha c4_Projektová dokumentácia.zip,assets/migrated/documents/6bf07f39eb0c_Pr_loha_c4_Projektov_dokument_cia.zip,2970342,200
page,https://www.ochodnica.sk/sk/vyzva-na-predlozenie-cenovej-ponuky-autobusova-zastavka-v-ochodnici.html,sk/vyzva-na-predlozenie-cenovej-ponuky-autobusova-zastavka-v-ochodnici.html,58785,200
page,https://www.ochodnica.sk/sk/vyzva-na-predlozenie-cenovej-ponuky-energeticka-sluzba-verejne-osvetlenie-obce-ochodnica.html,sk/vyzva-na-predlozenie-cenovej-ponuky-energeticka-sluzba-verejne-osvetlenie-obce-ochodnica.html,44421,200
asset,https://www.ochodnica.sk/files/attachments/Uprava%20Vyzvy%20na%20predkladanie%20ponuk.pdf,assets/migrated/documents/6256460cdf7b_Uprava_Vyzvy_na_predkladanie_ponuk.pdf,474077,200
asset,https://www.ochodnica.sk/files/attachments/Vysvetlenie a doplnenie Vyzvy na predkladanie ponuk.pdf,assets/migrated/documents/a7945646aa4c_Vysvetlenie_a_doplnenie_Vyzvy_na_predkladanie_ponuk.pdf,580457,200
asset,https://www.ochodnica.sk/files/attachments/Priloha c_2_vykaz vymer.xlsx,assets/migrated/documents/d3762ad4cdca_Priloha_c_2_vykaz_vymer.xlsx,76641,200
asset,https://www.ochodnica.sk/files/attachments/priloha c_4_projektova dokumentacia.zip,assets/migrated/documents/3d508e07edfe_priloha_c_4_projektova_dokumentacia.zip,4858560,200
asset,https://www.ochodnica.sk/files/attachments/Uprava Vyzvy na predkladanie ponuk.pdf,assets/migrated/documents/c48837534795_Uprava_Vyzvy_na_predkladanie_ponuk.pdf,474077,200
asset,https://www.ochodnica.sk/files/attachments/Zaznam z prieskumu.pdf,assets/migrated/documents/9cf2f993d7ff_Zaznam_z_prieskumu.pdf,557796,200
page,https://www.ochodnica.sk/sk/vyzva-na-predlozenie-cenovej-ponuky-multifunkcne-ihrisko-v-ochodnici.html,sk/vyzva-na-predlozenie-cenovej-ponuky-multifunkcne-ihrisko-v-ochodnici.html,60700,200
asset,https://www.ochodnica.sk/files/attachments/priloha c2_Vykaz vymer.xlsx,assets/migrated/documents/30b9a404d19a_priloha_c2_Vykaz_vymer.xlsx,51769,200
asset,https://www.ochodnica.sk/files/attachments/Oprava vyzvy.pdf,assets/migrated/documents/887f079c2c68_Oprava_vyzvy.pdf,518016,200
page,https://www.ochodnica.sk/sk/vyzva-na-predlozenie-cenovej-ponuky-rekonstrukcia-strechy-obecneho-uradu-v-ochodnici.html,sk/vyzva-na-predlozenie-cenovej-ponuky-rekonstrukcia-strechy-obecneho-uradu-v-ochodnici.html,56341,200
asset,https://www.ochodnica.sk/files/downloads/vyzva-na-predkladanie-ponuk.pdf,assets/migrated/documents/e778ad705007_vyzva-na-predkladanie-ponuk.pdf,371887,200
asset,https://www.ochodnica.sk/files/downloads/priloha-c2-vykaz-vymer-vodomerna-sachta.xlsx,assets/migrated/documents/d374d264ae4a_priloha-c2-vykaz-vymer-vodomerna-sachta.xlsx,52268,200
asset,https://www.ochodnica.sk/files/downloads/priloha-c3-zmluva-o-dielo.pdf,assets/migrated/documents/630736ad5dc0_priloha-c3-zmluva-o-dielo.pdf,218891,200
page,https://www.ochodnica.sk/sk/vyzva-na-predlozenie-cenovej-ponuky-vystavba-vodomernej-zelezobetonovej-sachty-v-obci-ochodnica.html,sk/vyzva-na-predlozenie-cenovej-ponuky-vystavba-vodomernej-zelezobetonovej-sachty-v-obci-ochodnica.html,39247,200
page,https://www.ochodnica.sk/sk/vyzva-na-predlozenie-cenovej-ponuky-vystavba-detskeho-ihriska-ochodnica.html,sk/vyzva-na-predlozenie-cenovej-ponuky-vystavba-detskeho-ihriska-ochodnica.html,47088,200
asset,https://www.ochodnica.sk/files/attachments/navrh-na-plnenie-kriterii.pdf,assets/migrated/documents/8664b57aa253_navrh-na-plnenie-kriterii.pdf,23368,200
asset,https://www.ochodnica.sk/files/attachments/projektova-dokumentacia.zip,assets/migrated/documents/82b2f7074495_projektova-dokumentacia.zip,3215110,200
asset,https://www.ochodnica.sk/files/attachments/vykaz-vymer.pdf,assets/migrated/documents/7b089dbbd518_vykaz-vymer.pdf,412611,200
page,https://www.ochodnica.sk/sk/vyzva-na-predlozenie-cenovej-ponuky-stavebne-upravy-hasicska-zbrojnica-v-ochodnici.html,sk/vyzva-na-predlozenie-cenovej-ponuky-stavebne-upravy-hasicska-zbrojnica-v-ochodnici.html,49220,200
page,https://www.ochodnica.sk/sk/komunalne-volby-2010.html,sk/komunalne-volby-2010.html,39208,200
page,https://www.ochodnica.sk/sk/komunalne-volby-2014.html,sk/komunalne-volby-2014.html,40267,200
page,https://www.ochodnica.sk/sk/komunalne-volby-2018.html,sk/komunalne-volby-2018.html,40048,200
asset,https://www.ochodnica.sk/app/webroot/img/ckeditor/vysledky-volieb.jpg,assets/migrated/images/bf25477d2dac_vysledky-volieb.jpg,623806,200
page,https://www.ochodnica.sk/sk/novinky-z-obce/2022/vysledky-komunalnych-volieb-2022.html,sk/novinky-z-obce/2022/vysledky-komunalnych-volieb-2022.html,40548,200
page,https://www.ochodnica.sk/sk/zmluvy-obce.html,sk/zmluvy-obce.html,30692,200
page,https://www.ochodnica.sk/sk/faktury.html,sk/faktury.html,30677,200
page,https://www.ochodnica.sk/sk/objednavky.html,sk/objednavky.html,30695,200
page,https://www.ochodnica.sk/sk/subory/samosprava,sk/subory/samosprava/index.html,54986,200
page,https://www.ochodnica.sk/sk/kategoria/samosprava,sk/kategoria/samosprava/index.html,50423,200
asset,https://www.ochodnica.sk/files/attachments/rozhodnutie-odkanalizovanie.pdf,assets/migrated/documents/c8035ccad414_rozhodnutie-odkanalizovanie.pdf,9837292,200
page,https://www.ochodnica.sk/sk/stavebne-investicie/2024/odkanalizovanie-obci-ochodnica-a-dunajov.html,sk/stavebne-investicie/2024/odkanalizovanie-obci-ochodnica-a-dunajov.html,41272,200
asset,https://www.ochodnica.sk/files/attachments/sp-rd.pdf,assets/migrated/documents/f04a30e070ca_sp-rd.pdf,3586565,200
page,https://www.ochodnica.sk/sk/stavebne-povolenia/2025/stavebne-povolenie-rd.html,sk/stavebne-povolenia/2025/stavebne-povolenie-rd.html,40283,200
asset,https://www.ochodnica.sk/files/attachments/stavebne-povolenie-inovacia-vedenia.pdf,assets/migrated/documents/6f80a5ef91ea_stavebne-povolenie-inovacia-vedenia.pdf,1159702,200
page,https://www.ochodnica.sk/sk/stavebne-povolenia/2025/verejna-vyhlaska-inovacia-vedenia-v404-varin-st-hranica-sr-cr-stavebne-povolenie.html,sk/stavebne-povolenia/2025/verejna-vyhlaska-inovacia-vedenia-v404-varin-st-hranica-sr-cr-stavebne-povolenie.html,40753,200
asset,https://www.ochodnica.sk/files/attachments/kr-rd-1.pdf,assets/migrated/documents/540dd11da8b2_kr-rd-1.pdf,843662,200
page,https://www.ochodnica.sk/sk/stavebne-povolenia/2025/kolaudacne-rozhodnutie-koptak.html,sk/stavebne-povolenia/2025/kolaudacne-rozhodnutie-koptak.html,40304,200
asset,https://www.ochodnica.sk/files/attachments/kr-rd.pdf,assets/migrated/documents/bc58618eb879_kr-rd.pdf,843662,200
page,https://www.ochodnica.sk/sk/stavebne-povolenia/2025/kolaudacne-rozhodnutie.html,sk/stavebne-povolenia/2025/kolaudacne-rozhodnutie.html,40253,200
asset,https://www.ochodnica.sk/files/attachments/ur-mihalda.pdf,assets/migrated/documents/64e74f65b387_ur-mihalda.pdf,2288692,200
page,https://www.ochodnica.sk/sk/stavebne-povolenia/2025/uzemne-rozhodnutie.html,sk/stavebne-povolenia/2025/uzemne-rozhodnutie.html,40303,200
asset,https://www.ochodnica.sk/files/attachments/st-rozhodnutie.pdf,assets/migrated/documents/5dd6094ca097_st-rozhodnutie.pdf,929937,200
page,https://www.ochodnica.sk/sk/stavebne-povolenia/2025/rozhodnutie-o-preskumani-sposobilosti-stavby-na-uzivanie.html,sk/stavebne-povolenia/2025/rozhodnutie-o-preskumani-sposobilosti-stavby-na-uzivanie.html,40070,200
page,https://www.ochodnica.sk/sk/stavebne-povolenia/2020/oznamenie-o-spojeni-uzemneho-a-stavebneho-konania-hospodarska-budova.html,sk/stavebne-povolenia/2020/oznamenie-o-spojeni-uzemneho-a-stavebneho-konania-hospodarska-budova.html,42203,200
page,https://www.ochodnica.sk/sk/stavebne-povolenia/2020/oznamenie-o-spojeni-uzemneho-a-stavebneho-konania-rodinny-dom.html,sk/stavebne-povolenia/2020/oznamenie-o-spojeni-uzemneho-a-stavebneho-konania-rodinny-dom.html,42669,200
asset,https://www.ochodnica.sk/files/attachments/stavebne-povolenie-rodinny-dom.doc,assets/migrated/documents/37c2af0ead8d_stavebne-povolenie-rodinny-dom.doc,84992,200
asset,https://www.ochodnica.sk/files/attachments/stavebne-povolenie-rodinny-dom-1.doc,assets/migrated/documents/4f1d4921cb51_stavebne-povolenie-rodinny-dom-1.doc,84992,200
page,https://www.ochodnica.sk/sk/stavebne-povolenia/2020/stavebne-povolenie-rodinny-dom.html,sk/stavebne-povolenia/2020/stavebne-povolenie-rodinny-dom.html,40176,200
asset,https://www.ochodnica.sk/app/webroot/img/ckeditor/szz-logo.jpg,assets/migrated/images/b7fbc290a423_szz-logo.jpg,17425,200
asset,https://www.ochodnica.sk/img/galleries/24/big/5ceab77142bee.jpg,assets/migrated/images/67fefcede4da_5ceab77142bee.jpg,90315,200
asset,https://www.ochodnica.sk/img/galleries/24/small/5ceab77142bee.jpg,assets/migrated/images/15c855e79a0a_5ceab77142bee.jpg,92780,200
asset,https://www.ochodnica.sk/img/galleries/24/big/65b262d7a924b.jpg,assets/migrated/images/b78d946a8f12_65b262d7a924b.jpg,206938,200
asset,https://www.ochodnica.sk/img/galleries/24/small/65b262d7a924b.jpg,assets/migrated/images/2d58c60c2416_65b262d7a924b.jpg,127796,200
asset,https://www.ochodnica.sk/img/galleries/24/big/5ceab77162223.jpg,assets/migrated/images/43f6f7cbb0c9_5ceab77162223.jpg,233202,200
asset,https://www.ochodnica.sk/img/galleries/24/small/5ceab77162223.jpg,assets/migrated/images/0b4844d74664_5ceab77162223.jpg,106071,200
asset,https://www.ochodnica.sk/img/galleries/24/big/65b262d7dd27a.jpg,assets/migrated/images/03544d81dd0b_65b262d7dd27a.jpg,278385,200
asset,https://www.ochodnica.sk/img/galleries/24/small/65b262d7dd27a.jpg,assets/migrated/images/ca4cb6c2f35d_65b262d7dd27a.jpg,168046,200
asset,https://www.ochodnica.sk/img/galleries/24/big/5ceab771ad12e.jpg,assets/migrated/images/32ffb3afd1dc_5ceab771ad12e.jpg,259113,200
asset,https://www.ochodnica.sk/img/galleries/24/small/5ceab771ad12e.jpg,assets/migrated/images/74e9a3303d73_5ceab771ad12e.jpg,109807,200
asset,https://www.ochodnica.sk/img/galleries/24/big/65b262d86d40e.jpg,assets/migrated/images/68bb3eb5dc11_65b262d86d40e.jpg,363871,200
asset,https://www.ochodnica.sk/img/galleries/24/small/65b262d86d40e.jpg,assets/migrated/images/b15161073492_65b262d86d40e.jpg,169369,200
asset,https://www.ochodnica.sk/img/galleries/24/big/5ceab77207c1a.jpg,assets/migrated/images/d6af5b1f2ebc_5ceab77207c1a.jpg,278291,200
asset,https://www.ochodnica.sk/img/galleries/24/small/5ceab77207c1a.jpg,assets/migrated/images/74cd5be6009e_5ceab77207c1a.jpg,105531,200
asset,https://www.ochodnica.sk/img/galleries/24/big/65b262d8c14dc.jpg,assets/migrated/images/da80f48ebf42_65b262d8c14dc.jpg,377997,200
asset,https://www.ochodnica.sk/img/galleries/24/small/65b262d8c14dc.jpg,assets/migrated/images/7acaa73e4130_65b262d8c14dc.jpg,188410,200
asset,https://www.ochodnica.sk/img/galleries/24/big/5ceab7726fe37.jpg,assets/migrated/images/c4f81b70210d_5ceab7726fe37.jpg,164149,200
asset,https://www.ochodnica.sk/img/galleries/24/small/5ceab7726fe37.jpg,assets/migrated/images/2a3a0b6c0f04_5ceab7726fe37.jpg,116247,200
asset,https://www.ochodnica.sk/img/galleries/24/big/65b262d923b41.jpg,assets/migrated/images/97c6742e52b2_65b262d923b41.jpg,248071,200
asset,https://www.ochodnica.sk/img/galleries/24/small/65b262d923b41.jpg,assets/migrated/images/0ef25aeab918_65b262d923b41.jpg,152072,200
asset,https://www.ochodnica.sk/img/galleries/24/big/5ceab77287252.jpg,assets/migrated/images/158dd8954c96_5ceab77287252.jpg,194787,200
asset,https://www.ochodnica.sk/img/galleries/24/small/5ceab77287252.jpg,assets/migrated/images/b43b10ae36fa_5ceab77287252.jpg,102695,200
asset,https://www.ochodnica.sk/img/galleries/24/big/65b262d96f203.jpg,assets/migrated/images/ae2b4cfa4890_65b262d96f203.jpg,338821,200
asset,https://www.ochodnica.sk/img/galleries/24/small/65b262d96f203.jpg,assets/migrated/images/3ac51611e663_65b262d96f203.jpg,151791,200
asset,https://www.ochodnica.sk/img/galleries/24/big/5ceab772d7d4d.jpg,assets/migrated/images/2a97d528f1b4_5ceab772d7d4d.jpg,238327,200
asset,https://www.ochodnica.sk/img/galleries/24/small/5ceab772d7d4d.jpg,assets/migrated/images/2aaa2131ec59_5ceab772d7d4d.jpg,103104,200
asset,https://www.ochodnica.sk/img/galleries/24/big/5ceab77346421.jpg,assets/migrated/images/2f2ac5347095_5ceab77346421.jpg,312873,200
asset,https://www.ochodnica.sk/img/galleries/24/small/5ceab77346421.jpg,assets/migrated/images/02bc546af809_5ceab77346421.jpg,109274,200
asset,https://www.ochodnica.sk/img/galleries/24/big/5ceab773a3d69.jpg,assets/migrated/images/dc1d9d25f14a_5ceab773a3d69.jpg,166126,200
asset,https://www.ochodnica.sk/img/galleries/24/small/5ceab773a3d69.jpg,assets/migrated/images/095f1ecc6111_5ceab773a3d69.jpg,91789,200
asset,https://www.ochodnica.sk/img/galleries/24/big/5ceab774035a4.jpg,assets/migrated/images/b368e08b3d32_5ceab774035a4.jpg,239304,200
asset,https://www.ochodnica.sk/img/galleries/24/small/5ceab774035a4.jpg,assets/migrated/images/0dd71b2026db_5ceab774035a4.jpg,97242,200
asset,https://www.ochodnica.sk/img/galleries/24/big/5ceab77456b0b.jpg,assets/migrated/images/6c6afe3bcea3_5ceab77456b0b.jpg,102938,200
asset,https://www.ochodnica.sk/img/galleries/24/small/5ceab77456b0b.jpg,assets/migrated/images/c4eeb2cbab25_5ceab77456b0b.jpg,70223,200
asset,https://www.ochodnica.sk/img/galleries/24/big/5ceab774abcf5.jpg,assets/migrated/images/eb208ce6c245_5ceab774abcf5.jpg,198147,200
asset,https://www.ochodnica.sk/img/galleries/24/small/5ceab774abcf5.jpg,assets/migrated/images/eff0d0a6b68f_5ceab774abcf5.jpg,98282,200
page,https://www.ochodnica.sk/sk/zaujmove-organizacie/slovensky-zvaez-zahradkarov.html,sk/zaujmove-organizacie/slovensky-zvaez-zahradkarov.html,46225,200
asset,https://www.ochodnica.sk/app/webroot/img/ckeditor/logo-hasici-ochodnica.jpg,assets/migrated/images/1f003acd013f_logo-hasici-ochodnica.jpg,13052,200
asset,https://www.ochodnica.sk/files/downloads/hasici-85-vyrocie.pdf,assets/migrated/documents/096071cfd996_hasici-85-vyrocie.pdf,2757611,200
asset,https://www.ochodnica.sk/img/galleries/23/big/5ceab0ff08cec.jpg,assets/migrated/images/b10d0ec713bf_5ceab0ff08cec.jpg,96443,200
asset,https://www.ochodnica.sk/img/galleries/23/small/5ceab0ff08cec.jpg,assets/migrated/images/99d646edf223_5ceab0ff08cec.jpg,50294,200
asset,https://www.ochodnica.sk/img/galleries/23/big/5ceab0c866e54.jpg,assets/migrated/images/4f20d9a373f5_5ceab0c866e54.jpg,131437,200
asset,https://www.ochodnica.sk/img/galleries/23/small/5ceab0c866e54.jpg,assets/migrated/images/3f2064969958_5ceab0c866e54.jpg,78653,200
asset,https://www.ochodnica.sk/img/galleries/23/big/5ceab12856f6e.jpg,assets/migrated/images/e33e9a062dcf_5ceab12856f6e.jpg,81614,200
asset,https://www.ochodnica.sk/img/galleries/23/small/5ceab12856f6e.jpg,assets/migrated/images/b224e97c1aa1_5ceab12856f6e.jpg,72335,200
asset,https://www.ochodnica.sk/img/galleries/23/big/65e0815794559.jpg,assets/migrated/images/cc1c2429d5a5_65e0815794559.jpg,205825,200
asset,https://www.ochodnica.sk/img/galleries/23/small/65e0815794559.jpg,assets/migrated/images/ec8efd4c1a9a_65e0815794559.jpg,165307,200
asset,https://www.ochodnica.sk/img/galleries/23/big/5ceab0ff2d574.jpg,assets/migrated/images/27dcd98a7c4d_5ceab0ff2d574.jpg,151225,200
asset,https://www.ochodnica.sk/img/galleries/23/small/5ceab0ff2d574.jpg,assets/migrated/images/24830f65eb0c_5ceab0ff2d574.jpg,83469,200
asset,https://www.ochodnica.sk/img/galleries/23/big/5ceab0c890374.jpg,assets/migrated/images/21cdd89bdda6_5ceab0c890374.jpg,122655,200
asset,https://www.ochodnica.sk/img/galleries/23/small/5ceab0c890374.jpg,assets/migrated/images/07b7285b3c6c_5ceab0c890374.jpg,75806,200
asset,https://www.ochodnica.sk/img/galleries/23/big/65e08158064f6.jpg,assets/migrated/images/0f5a6bca8170_65e08158064f6.jpg,240699,200
asset,https://www.ochodnica.sk/img/galleries/23/small/65e08158064f6.jpg,assets/migrated/images/4df18ddd2f37_65e08158064f6.jpg,175270,200
asset,https://www.ochodnica.sk/img/galleries/23/big/5ceab0ff52f06.jpg,assets/migrated/images/2d4d0c844532_5ceab0ff52f06.jpg,130861,200
asset,https://www.ochodnica.sk/img/galleries/23/small/5ceab0ff52f06.jpg,assets/migrated/images/7a0e5f9d43d7_5ceab0ff52f06.jpg,66795,200
asset,https://www.ochodnica.sk/img/galleries/23/big/65e081585e29b.jpg,assets/migrated/images/aa13e0efef4f_65e081585e29b.jpg,213421,200
asset,https://www.ochodnica.sk/img/galleries/23/small/65e081585e29b.jpg,assets/migrated/images/a93999a9a2f1_65e081585e29b.jpg,147597,200
asset,https://www.ochodnica.sk/img/galleries/23/big/65e08158d18f2.jpg,assets/migrated/images/89841a1c6887_65e08158d18f2.jpg,190855,200
asset,https://www.ochodnica.sk/img/galleries/23/small/65e08158d18f2.jpg,assets/migrated/images/1205f9f355de_65e08158d18f2.jpg,152964,200
asset,https://www.ochodnica.sk/img/galleries/23/big/65e081590a1c0.jpg,assets/migrated/images/584c7072a2a2_65e081590a1c0.jpg,187432,200
asset,https://www.ochodnica.sk/img/galleries/23/small/65e081590a1c0.jpg,assets/migrated/images/6dab4e60538a_65e081590a1c0.jpg,145565,200
asset,https://www.ochodnica.sk/img/galleries/23/big/65e0815927a92.jpg,assets/migrated/images/b51d5c5ecb9c_65e0815927a92.jpg,140398,200
asset,https://www.ochodnica.sk/img/galleries/23/small/65e0815927a92.jpg,assets/migrated/images/0bbee8a99e69_65e0815927a92.jpg,106445,200
asset,https://www.ochodnica.sk/img/galleries/23/big/65e0815944087.jpg,assets/migrated/images/e7eacbaf5fd9_65e0815944087.jpg,119922,200
asset,https://www.ochodnica.sk/img/galleries/23/small/65e0815944087.jpg,assets/migrated/images/edf8df826101_65e0815944087.jpg,138969,200
asset,https://www.ochodnica.sk/img/galleries/23/big/65e08159a7799.jpg,assets/migrated/images/3885784ffe29_65e08159a7799.jpg,73563,200
asset,https://www.ochodnica.sk/img/galleries/23/small/65e08159a7799.jpg,assets/migrated/images/03f15601824f_65e08159a7799.jpg,108156,200
asset,https://www.ochodnica.sk/img/galleries/23/big/65e08159c3d6d.jpg,assets/migrated/images/5c77a5d6463a_65e08159c3d6d.jpg,200787,200
asset,https://www.ochodnica.sk/img/galleries/23/small/65e08159c3d6d.jpg,assets/migrated/images/5b0b58f5a1bc_65e08159c3d6d.jpg,159077,200
asset,https://www.ochodnica.sk/img/galleries/23/big/65e0815a323c8.jpg,assets/migrated/images/fe7e0636e998_65e0815a323c8.jpg,170362,200
asset,https://www.ochodnica.sk/img/galleries/23/small/65e0815a323c8.jpg,assets/migrated/images/f5f358b5e01b_65e0815a323c8.jpg,137012,200
asset,https://www.ochodnica.sk/img/galleries/23/big/65e0815a4f0f5.jpg,assets/migrated/images/a40c73fd8118_65e0815a4f0f5.jpg,185605,200
asset,https://www.ochodnica.sk/img/galleries/23/small/65e0815a4f0f5.jpg,assets/migrated/images/965daede2f15_65e0815a4f0f5.jpg,155533,200
asset,https://www.ochodnica.sk/img/galleries/23/big/65e0815a9f0c7.jpg,assets/migrated/images/c164e95ebf3b_65e0815a9f0c7.jpg,87529,200
asset,https://www.ochodnica.sk/img/galleries/23/small/65e0815a9f0c7.jpg,assets/migrated/images/1abe32a513ba_65e0815a9f0c7.jpg,76844,200
asset,https://www.ochodnica.sk/img/galleries/23/big/65e0815ac33e8.jpg,assets/migrated/images/1f13dfb64d3e_65e0815ac33e8.jpg,73177,200
asset,https://www.ochodnica.sk/img/galleries/23/small/65e0815ac33e8.jpg,assets/migrated/images/24cbf3e3e19a_65e0815ac33e8.jpg,100822,200
asset,https://www.ochodnica.sk/img/galleries/23/big/65e0815b14116.jpg,assets/migrated/images/e75bfa7c63cd_65e0815b14116.jpg,194145,200
asset,https://www.ochodnica.sk/img/galleries/23/small/65e0815b14116.jpg,assets/migrated/images/8bb4f925b120_65e0815b14116.jpg,148020,200
asset,https://www.ochodnica.sk/img/galleries/23/big/65e0815b6f8d8.jpg,assets/migrated/images/ce2aa889be1e_65e0815b6f8d8.jpg,170554,200
asset,https://www.ochodnica.sk/img/galleries/23/small/65e0815b6f8d8.jpg,assets/migrated/images/4ecf7a3b78fe_65e0815b6f8d8.jpg,142158,200
asset,https://www.ochodnica.sk/img/galleries/23/big/65e0815ba2f32.jpg,assets/migrated/images/9cf992d1cca0_65e0815ba2f32.jpg,202244,200
asset,https://www.ochodnica.sk/img/galleries/23/small/65e0815ba2f32.jpg,assets/migrated/images/052e6ef13484_65e0815ba2f32.jpg,178254,200
asset,https://www.ochodnica.sk/img/galleries/23/big/65e0815be0fca.jpg,assets/migrated/images/7eecce1f9aa9_65e0815be0fca.jpg,61144,200
asset,https://www.ochodnica.sk/img/galleries/23/small/65e0815be0fca.jpg,assets/migrated/images/6442cf2e26c8_65e0815be0fca.jpg,79898,200
asset,https://www.ochodnica.sk/img/galleries/23/big/65e0815c1013e.jpg,assets/migrated/images/5f827819aad8_65e0815c1013e.jpg,151150,200
asset,https://www.ochodnica.sk/img/galleries/23/small/65e0815c1013e.jpg,assets/migrated/images/7e94b40afdd8_65e0815c1013e.jpg,167577,200
asset,https://www.ochodnica.sk/img/galleries/23/big/65e0815c692f2.jpg,assets/migrated/images/1d08d313f4dc_65e0815c692f2.jpg,96360,200
asset,https://www.ochodnica.sk/img/galleries/23/small/65e0815c692f2.jpg,assets/migrated/images/2ac9447611c7_65e0815c692f2.jpg,107779,200
asset,https://www.ochodnica.sk/img/galleries/23/big/65e0815ca7b9b.jpg,assets/migrated/images/b3fa4aaac0ce_65e0815ca7b9b.jpg,186142,200
asset,https://www.ochodnica.sk/img/galleries/23/small/65e0815ca7b9b.jpg,assets/migrated/images/91fc6f5df5f5_65e0815ca7b9b.jpg,144207,200
asset,https://www.ochodnica.sk/img/galleries/23/big/65e0815ccb789.jpg,assets/migrated/images/60213b86b34a_65e0815ccb789.jpg,79273,200
asset,https://www.ochodnica.sk/img/galleries/23/small/65e0815ccb789.jpg,assets/migrated/images/0c695a7b1826_65e0815ccb789.jpg,101524,200
asset,https://www.ochodnica.sk/img/galleries/23/big/65e0815d33bf0.jpg,assets/migrated/images/d271d0dd178e_65e0815d33bf0.jpg,120805,200
asset,https://www.ochodnica.sk/img/galleries/23/small/65e0815d33bf0.jpg,assets/migrated/images/f7f35a7875d5_65e0815d33bf0.jpg,125960,200
asset,https://www.ochodnica.sk/img/galleries/23/big/65e0815d83807.jpg,assets/migrated/images/abd3cb6e3310_65e0815d83807.jpg,51259,200
asset,https://www.ochodnica.sk/img/galleries/23/small/65e0815d83807.jpg,assets/migrated/images/f10161fac8dc_65e0815d83807.jpg,56377,200
asset,https://www.ochodnica.sk/img/galleries/23/big/65e0815da1841.jpg,assets/migrated/images/ce47a2b7c5a3_65e0815da1841.jpg,127304,200
asset,https://www.ochodnica.sk/img/galleries/23/small/65e0815da1841.jpg,assets/migrated/images/025f96c07df8_65e0815da1841.jpg,124608,200
asset,https://www.ochodnica.sk/img/galleries/23/big/65e0815e055a9.jpg,assets/migrated/images/c2c2e830a91d_65e0815e055a9.jpg,135097,200
asset,https://www.ochodnica.sk/img/galleries/23/small/65e0815e055a9.jpg,assets/migrated/images/e7b166348c9d_65e0815e055a9.jpg,131565,200
asset,https://www.ochodnica.sk/img/galleries/23/big/65e0815e218ae.jpg,assets/migrated/images/b5a04e485eb3_65e0815e218ae.jpg,196643,200
asset,https://www.ochodnica.sk/img/galleries/23/small/65e0815e218ae.jpg,assets/migrated/images/2fb7fcd190e7_65e0815e218ae.jpg,143581,200
asset,https://www.ochodnica.sk/img/galleries/23/big/65e0815e41fd4.jpg,assets/migrated/images/ece2f5c23ee5_65e0815e41fd4.jpg,205312,200
asset,https://www.ochodnica.sk/img/galleries/23/small/65e0815e41fd4.jpg,assets/migrated/images/925d77f2f89b_65e0815e41fd4.jpg,129763,200
page,https://www.ochodnica.sk/sk/zaujmove-organizacie/hasici-dhz.html,sk/zaujmove-organizacie/hasici-dhz.html,58817,200
asset,https://www.ochodnica.sk/img/galleries/25/big/5ceac5343d477.jpg,assets/migrated/images/8d2cb10d5950_5ceac5343d477.jpg,142793,200
asset,https://www.ochodnica.sk/img/galleries/25/small/5ceac5343d477.jpg,assets/migrated/images/5c829a8fc50d_5ceac5343d477.jpg,81538,200
asset,https://www.ochodnica.sk/img/galleries/25/big/5ceac53495cf7.jpg,assets/migrated/images/05d06ae90b7f_5ceac53495cf7.jpg,151990,200
asset,https://www.ochodnica.sk/img/galleries/25/small/5ceac53495cf7.jpg,assets/migrated/images/231c8d99fd61_5ceac53495cf7.jpg,93818,200
asset,https://www.ochodnica.sk/img/galleries/25/big/5ceac534c3791.jpg,assets/migrated/images/c9a70e3097f9_5ceac534c3791.jpg,174362,200
asset,https://www.ochodnica.sk/img/galleries/25/small/5ceac534c3791.jpg,assets/migrated/images/69dec9c90c22_5ceac534c3791.jpg,92001,200
asset,https://www.ochodnica.sk/img/galleries/25/big/5ceac534ec3dd.jpg,assets/migrated/images/9a06049491eb_5ceac534ec3dd.jpg,120375,200
asset,https://www.ochodnica.sk/img/galleries/25/small/5ceac534ec3dd.jpg,assets/migrated/images/2af5b8e90d86_5ceac534ec3dd.jpg,82111,200
asset,https://www.ochodnica.sk/img/galleries/25/big/5ceac5351cf71.jpg,assets/migrated/images/d6430c22d7e2_5ceac5351cf71.jpg,111162,200
asset,https://www.ochodnica.sk/img/galleries/25/small/5ceac5351cf71.jpg,assets/migrated/images/a6ca969d7bcb_5ceac5351cf71.jpg,78387,200
asset,https://www.ochodnica.sk/img/galleries/25/big/5ceac5353e7ed.jpg,assets/migrated/images/343512614605_5ceac5353e7ed.jpg,359792,200
asset,https://www.ochodnica.sk/img/galleries/25/small/5ceac5353e7ed.jpg,assets/migrated/images/5a0f0372ac3a_5ceac5353e7ed.jpg,120917,200
asset,https://www.ochodnica.sk/img/galleries/25/big/5ceac535666a7.jpg,assets/migrated/images/c5aff2b044c6_5ceac535666a7.jpg,148494,200
asset,https://www.ochodnica.sk/img/galleries/25/small/5ceac535666a7.jpg,assets/migrated/images/729a11108a99_5ceac535666a7.jpg,85198,200
asset,https://www.ochodnica.sk/img/galleries/25/big/5ceac535b55f5.jpg,assets/migrated/images/034b2454b1eb_5ceac535b55f5.jpg,237256,200
asset,https://www.ochodnica.sk/img/galleries/25/small/5ceac535b55f5.jpg,assets/migrated/images/510a79a2eee5_5ceac535b55f5.jpg,109266,200
asset,https://www.ochodnica.sk/img/galleries/25/big/5ceac535deb33.jpg,assets/migrated/images/d1763ba8057a_5ceac535deb33.jpg,227593,200
asset,https://www.ochodnica.sk/img/galleries/25/small/5ceac535deb33.jpg,assets/migrated/images/397feb85e17d_5ceac535deb33.jpg,100600,200
page,https://www.ochodnica.sk/sk/zaujmove-organizacie/mazoretky-ellis.html,sk/zaujmove-organizacie/mazoretky-ellis.html,42353,200
page,https://www.ochodnica.sk/sk/zaujmove-organizacie/folklorna-skupina-kycera.html,sk/zaujmove-organizacie/folklorna-skupina-kycera.html,40239,200
asset,https://www.ochodnica.sk/app/webroot/img/ckeditor/projekt-urbariat-ochodnica.jpg,assets/migrated/images/1e3ad46a91b7_projekt-urbariat-ochodnica.jpg,122251,200
asset,https://www.ochodnica.sk/files/downloads/obhospodarovany-majet-urbariat-ochodnica.pdf,assets/migrated/documents/3cc6b27e290e_obhospodarovany-majet-urbariat-ochodnica.pdf,73170,200
asset,https://www.ochodnica.sk/files/downloads/prehlad-obhospodarovaneho-majetku-3-2025.pdf,assets/migrated/documents/b96d7552f7b0_prehlad-obhospodarovaneho-majetku-3-2025.pdf,73734,200
asset,https://www.ochodnica.sk/files/downloads/prehlad-obhospodarovaneho-majetku-2-2026.pdf,assets/migrated/documents/543284bef6a5_prehlad-obhospodarovaneho-majetku-2-2026.pdf,75124,200
asset,https://www.ochodnica.sk/files/downloads/rokovaci-volebny-poriadok-urbariat.pdf,assets/migrated/documents/39fd918e0b12_rokovaci-volebny-poriadok-urbariat.pdf,142241,200
asset,https://www.ochodnica.sk/files/downloads/zasady-prenajmu-pozemkov-a-stanovenie-minimalnych-cien-za-prenajom.pdf,assets/migrated/documents/7563059960df_zasady-prenajmu-pozemkov-a-stanovenie-minimalnych-cien-za-prenajom.pdf,429507,200
asset,https://www.ochodnica.sk/files/downloads/zasady-prenajmu-pozemkov-a-stanovenie-minimalnych-cien-za-prenajom-dodatok-c-1.pdf,assets/migrated/documents/80bb0e4b1a27_zasady-prenajmu-pozemkov-a-stanovenie-minimalnych-cien-za-prenajom-dodatok-c-1.pdf,387445,200
asset,https://www.ochodnica.sk/files/downloads/zapisnica-urbariat-2020.pdf,assets/migrated/documents/c518305b9c6e_zapisnica-urbariat-2020.pdf,3022325,200
asset,https://www.ochodnica.sk/files/downloads/zapisnica-zhromazdenie-2021.pdf,assets/migrated/documents/c82732b2697b_zapisnica-zhromazdenie-2021.pdf,578107,200
asset,https://www.ochodnica.sk/files/downloads/zapisnica-zo-zhromazdenia-2022.pdf,assets/migrated/documents/a3d5ce4c8646_zapisnica-zo-zhromazdenia-2022.pdf,458419,200
asset,https://www.ochodnica.sk/files/downloads/zapisnica-zo-zhromazdenia-3-2023.pdf,assets/migrated/documents/0013e771e5c4_zapisnica-zo-zhromazdenia-3-2023.pdf,317328,200
asset,https://www.ochodnica.sk/files/downloads/zapisnica-zo-zhromazdenia-03-2024.pdf,assets/migrated/documents/70f75caea6c2_zapisnica-zo-zhromazdenia-03-2024.pdf,415320,200
asset,https://www.ochodnica.sk/files/downloads/zapisnica-zo-zhromazdenie-03-2025.pdf,assets/migrated/documents/99bee441db47_zapisnica-zo-zhromazdenie-03-2025.pdf,263674,200
asset,https://www.ochodnica.sk/files/downloads/zapisnica-zo-zhromazdenia-10-2025.pdf,assets/migrated/documents/ab969e5065f0_zapisnica-zo-zhromazdenia-10-2025.pdf,505568,200
asset,https://www.ochodnica.sk/files/downloads/zapisnica-zo-zhromazdenia-03-2026.pdf,assets/migrated/documents/2cdb8dd7d3dd_zapisnica-zo-zhromazdenia-03-2026.pdf,259396,200
page,https://www.ochodnica.sk/sk/zaujmove-organizacie/urbariat-pozemkove-spolocenstvo-ochodnica.html,sk/zaujmove-organizacie/urbariat-pozemkove-spolocenstvo-ochodnica.html,42533,200
asset,https://www.ochodnica.sk/app/webroot/img/ckeditor/tj-kysucan-ochodnica-logo.jpg,assets/migrated/images/d8ef7fd48ebf_tj-kysucan-ochodnica-logo.jpg,14226,200
asset,https://www.ochodnica.sk/img/galleries/26/big/5cead9eec51d6.jpg,assets/migrated/images/da7a9e0f99c4_5cead9eec51d6.jpg,135303,200
asset,https://www.ochodnica.sk/img/galleries/26/small/5cead9eec51d6.jpg,assets/migrated/images/71e29e0c5341_5cead9eec51d6.jpg,83299,200
asset,https://www.ochodnica.sk/img/galleries/26/big/5d07550056636.jpg,assets/migrated/images/eefdea0f80ac_5d07550056636.jpg,243236,200
asset,https://www.ochodnica.sk/img/galleries/26/small/5d07550056636.jpg,assets/migrated/images/7ad7d8513b52_5d07550056636.jpg,109905,200
asset,https://www.ochodnica.sk/img/galleries/26/big/5cead9eee7f5b.jpg,assets/migrated/images/90399f4e9488_5cead9eee7f5b.jpg,236828,200
asset,https://www.ochodnica.sk/img/galleries/26/small/5cead9eee7f5b.jpg,assets/migrated/images/f6c5ee47443c_5cead9eee7f5b.jpg,103756,200
asset,https://www.ochodnica.sk/img/galleries/26/big/5cead9ef48c03.jpg,assets/migrated/images/389e5252bb43_5cead9ef48c03.jpg,56580,200
asset,https://www.ochodnica.sk/img/galleries/26/small/5cead9ef48c03.jpg,assets/migrated/images/ad9e267f30fd_5cead9ef48c03.jpg,55324,200
asset,https://www.ochodnica.sk/img/galleries/26/big/5cead9ef5d50c.jpg,assets/migrated/images/466fb7a3f6f0_5cead9ef5d50c.jpg,199187,200
asset,https://www.ochodnica.sk/img/galleries/26/small/5cead9ef5d50c.jpg,assets/migrated/images/344e565c419b_5cead9ef5d50c.jpg,109847,200
asset,https://www.ochodnica.sk/img/galleries/26/big/5cead9ef7a39c.jpg,assets/migrated/images/d134a67b2502_5cead9ef7a39c.jpg,269311,200
asset,https://www.ochodnica.sk/img/galleries/26/small/5cead9ef7a39c.jpg,assets/migrated/images/27d417bdcc88_5cead9ef7a39c.jpg,109619,200
asset,https://www.ochodnica.sk/img/galleries/26/big/5cead9efa2aa9.jpg,assets/migrated/images/fc724d9084c0_5cead9efa2aa9.jpg,201704,200
asset,https://www.ochodnica.sk/img/galleries/26/small/5cead9efa2aa9.jpg,assets/migrated/images/d63f6c6818fc_5cead9efa2aa9.jpg,101262,200
asset,https://www.ochodnica.sk/img/galleries/26/big/5cead9f061fab.jpg,assets/migrated/images/85f82aa0a115_5cead9f061fab.jpg,132678,200
asset,https://www.ochodnica.sk/img/galleries/26/small/5cead9f061fab.jpg,assets/migrated/images/210b5fc13c67_5cead9f061fab.jpg,84571,200
asset,https://www.ochodnica.sk/img/galleries/26/big/5cead9f081018.jpg,assets/migrated/images/3835eec4b509_5cead9f081018.jpg,195118,200
asset,https://www.ochodnica.sk/img/galleries/26/small/5cead9f081018.jpg,assets/migrated/images/73e26fb8d246_5cead9f081018.jpg,93754,200
page,https://www.ochodnica.sk/sk/zaujmove-organizacie/tj-kysucan-ochodnica.html,sk/zaujmove-organizacie/tj-kysucan-ochodnica.html,44931,200
page,https://www.ochodnica.sk/sk/centrum-volneho-casu/kontakt-na-cvc.html,sk/centrum-volneho-casu/kontakt-na-cvc.html,39787,200
page,https://www.ochodnica.sk/sk/materska-skola/objednavky-materskej-skoly.html,sk/materska-skola/objednavky-materskej-skoly.html,30787,200
page,https://www.ochodnica.sk/sk/materska-skola/faktury-materskej-skoly.html,sk/materska-skola/faktury-materskej-skoly.html,30769,200
page,https://www.ochodnica.sk/sk/materska-skola/zmluvy-ms.html,sk/materska-skola/zmluvy-ms.html,30694,200
asset,https://www.ochodnica.sk/files/downloads/zdvl-sprava-o-hospodareni-za-rok-2024.pdf,assets/migrated/documents/8c58bc5f495b_zdvl-sprava-o-hospodareni-za-rok-2024.pdf,425827,200
asset,https://www.ochodnica.sk/files/downloads/zmluva-o-spolupraci-zdvl-ochodnica.pdf,assets/migrated/documents/f7d4c70dbf34_zmluva-o-spolupraci-zdvl-ochodnica.pdf,785427,200
asset,https://www.ochodnica.sk/files/downloads/zdvl-zmluva-o-spolupraci-dodatok-1-2021.pdf,assets/migrated/documents/3845dfb123b4_zdvl-zmluva-o-spolupraci-dodatok-1-2021.pdf,195510,200
asset,https://www.ochodnica.sk/files/downloads/zdvl-zmluva-o-spolupraci-dodatok-2-2023.pdf,assets/migrated/documents/f61fbf4652fd_zdvl-zmluva-o-spolupraci-dodatok-2-2023.pdf,186710,200
asset,https://www.ochodnica.sk/files/downloads/zdvl-zmluva-o-spolupraci-dodatok-3-2024.pdf,assets/migrated/documents/7a8265c7238a_zdvl-zmluva-o-spolupraci-dodatok-3-2024.pdf,646669,200
asset,https://www.ochodnica.sk/files/downloads/uznesenie-vz-zdvl-30-4-2023.pdf,assets/migrated/documents/8a91333e4f98_uznesenie-vz-zdvl-30-4-2023.pdf,199587,200
asset,https://www.ochodnica.sk/files/downloads/uznesenie-zdvl-2024.pdf,assets/migrated/documents/3d5039343e65_uznesenie-zdvl-2024.pdf,206966,200
asset,https://www.ochodnica.sk/files/downloads/uzneseniezdvl-2025.pdf,assets/migrated/documents/d28290d75680_uzneseniezdvl-2025.pdf,201878,200
asset,https://www.ochodnica.sk/files/downloads/zapisnica-2025-zdvl.pdf,assets/migrated/documents/bdf980fdcd6e_zapisnica-2025-zdvl.pdf,622052,200
asset,https://www.ochodnica.sk/files/downloads/uznesenie-zdvl-z-vh-2026.pdf,assets/migrated/documents/c8dc589f2c92_uznesenie-zdvl-z-vh-2026.pdf,212795,200
page,https://www.ochodnica.sk/sk/zaujmove-organizacie/zdruzenie-drobnovlastnikov-lesov-obce-ochodnica.html,sk/zaujmove-organizacie/zdruzenie-drobnovlastnikov-lesov-obce-ochodnica.html,41645,200
page,https://www.ochodnica.sk/sk/novinky-z-obce/2019/ponuka-kruzkov-pre-ziakov-ms-zs-a-mladez-v-skolskom-roku-2019-2020.html,sk/novinky-z-obce/2019/ponuka-kruzkov-pre-ziakov-ms-zs-a-mladez-v-skolskom-roku-2019-2020.html,42745,200
page,https://www.ochodnica.sk/sk/faktury-materskej-skoly.html,sk/faktury-materskej-skoly.html,30754,200
page,https://www.ochodnica.sk/sk/slovensky-zvaez-zahradkarov.html,sk/slovensky-zvaez-zahradkarov.html,46204,200
page,https://www.ochodnica.sk/sk/hasici-dhz.html,sk/hasici-dhz.html,58796,200
page,https://www.ochodnica.sk/sk/mazoretky-ellis.html,sk/mazoretky-ellis.html,42332,200
page,https://www.ochodnica.sk/sk/urbariat-pozemkove-spolocenstvo-ochodnica.html,sk/urbariat-pozemkove-spolocenstvo-ochodnica.html,42512,200
page,https://www.ochodnica.sk/sk/tj-kysucan-ochodnica.html,sk/tj-kysucan-ochodnica.html,44910,200
asset,https://www.ochodnica.sk/files/attachments/01-ako-postupovat-plagat-en.pdf,assets/migrated/documents/d6ac9518e57c_01-ako-postupovat-plagat-en.pdf,1066722,200
asset,https://www.ochodnica.sk/files/attachments/01-ako-postupovat-plagat-sk.pdf,assets/migrated/documents/426947600c17_01-ako-postupovat-plagat-sk.pdf,1337456,200
asset,https://www.ochodnica.sk/files/attachments/02-ako-postupovat-plagat-en.pdf,assets/migrated/documents/c6c2c7120c67_02-ako-postupovat-plagat-en.pdf,1303442,200
asset,https://www.ochodnica.sk/files/attachments/02-ako-postupovat-plagat-sk.pdf,assets/migrated/documents/4089a7650cf0_02-ako-postupovat-plagat-sk.pdf,491173,200
asset,https://www.ochodnica.sk/files/attachments/03-ako-postupovat-plagat-en.pdf,assets/migrated/documents/773689d1ea64_03-ako-postupovat-plagat-en.pdf,154766,200
asset,https://www.ochodnica.sk/files/attachments/03-ako-postupovat-plagat-sk.pdf,assets/migrated/documents/a22205e58805_03-ako-postupovat-plagat-sk.pdf,98681,200
asset,https://www.ochodnica.sk/files/attachments/04-ako-postupovat-plagat-en.pdf,assets/migrated/documents/9aca8c637a16_04-ako-postupovat-plagat-en.pdf,93002,200
asset,https://www.ochodnica.sk/files/attachments/04-ako-postupovat-plagat-sk.pdf,assets/migrated/documents/3cd9853b5253_04-ako-postupovat-plagat-sk.pdf,95932,200
asset,https://www.ochodnica.sk/files/attachments/05-ako-postupovat-plagat-en.pdf,assets/migrated/documents/3194e7ff512d_05-ako-postupovat-plagat-en.pdf,78767,200
asset,https://www.ochodnica.sk/files/attachments/05-ako-postupovat-plagat-sk.pdf,assets/migrated/documents/e66f039b5d99_05-ako-postupovat-plagat-sk.pdf,81264,200
asset,https://www.ochodnica.sk/files/attachments/06-ako-postupovat-plagat-en.pdf,assets/migrated/documents/69e9d562e149_06-ako-postupovat-plagat-en.pdf,91318,200
asset,https://www.ochodnica.sk/files/attachments/06-ako-postupovat-plagat-sk.pdf,assets/migrated/documents/f2d6a31f753a_06-ako-postupovat-plagat-sk.pdf,92896,200
asset,https://www.ochodnica.sk/files/attachments/07-ako-postupovat-plagat-en.pdf,assets/migrated/documents/4261de51d233_07-ako-postupovat-plagat-en.pdf,158651,200
asset,https://www.ochodnica.sk/files/attachments/07-ako-postupovat-plagat-sk.pdf,assets/migrated/documents/10c7e1c94ffe_07-ako-postupovat-plagat-sk.pdf,558037,200
asset,https://www.ochodnica.sk/files/attachments/08-ako-postupovat-plagat-en.pdf,assets/migrated/documents/6fc0eb664851_08-ako-postupovat-plagat-en.pdf,182287,200
asset,https://www.ochodnica.sk/files/attachments/08-ako-postupovat-plagat-sk.pdf,assets/migrated/documents/4c0e2e25f885_08-ako-postupovat-plagat-sk.pdf,536977,200
asset,https://www.ochodnica.sk/files/attachments/09-ako-postupovat-plagat-en.pdf,assets/migrated/documents/77b47ff525c0_09-ako-postupovat-plagat-en.pdf,191497,200
asset,https://www.ochodnica.sk/files/attachments/09-ako-postupovat-plagat-sk.pdf,assets/migrated/documents/1fd847b1787d_09-ako-postupovat-plagat-sk.pdf,555476,200
asset,https://www.ochodnica.sk/files/attachments/10-ako-postupovat-plagat-en.pdf,assets/migrated/documents/442040e5de3c_10-ako-postupovat-plagat-en.pdf,101018,200
asset,https://www.ochodnica.sk/files/attachments/10-ako-postupovat-plagat-sk.pdf,assets/migrated/documents/2573a9a6c000_10-ako-postupovat-plagat-sk.pdf,102132,200
asset,https://www.ochodnica.sk/files/attachments/11-ako-postupovat-plagat-en.pdf,assets/migrated/documents/3116ed08e6bf_11-ako-postupovat-plagat-en.pdf,1157206,200
asset,https://www.ochodnica.sk/files/attachments/11-ako-postupovat-plagat-sk.pdf,assets/migrated/documents/2470e06ec875_11-ako-postupovat-plagat-sk.pdf,1493380,200
asset,https://www.ochodnica.sk/files/attachments/12-ako-postupovat-plagat-en.pdf,assets/migrated/documents/d8b531c8eb85_12-ako-postupovat-plagat-en.pdf,1215878,200
asset,https://www.ochodnica.sk/files/attachments/12-ako-postupovat-plagat-sk.pdf,assets/migrated/documents/984f98b7f2db_12-ako-postupovat-plagat-sk.pdf,1522418,200
asset,https://www.ochodnica.sk/files/attachments/13-ako-postupovat-plagat-en.pdf,assets/migrated/documents/f595bc765103_13-ako-postupovat-plagat-en.pdf,1343930,200
asset,https://www.ochodnica.sk/files/attachments/13-ako-postupovat-plagat-sk.pdf,assets/migrated/documents/43a5e5a27028_13-ako-postupovat-plagat-sk.pdf,1537993,200
asset,https://www.ochodnica.sk/files/attachments/14-ako-postupovat-plagat-en.pdf,assets/migrated/documents/43d29b04d7da_14-ako-postupovat-plagat-en.pdf,195757,200
asset,https://www.ochodnica.sk/files/attachments/14-ako-postupovat-plagat-sk.pdf,assets/migrated/documents/61a0fb74421f_14-ako-postupovat-plagat-sk.pdf,546908,200
asset,https://www.ochodnica.sk/files/attachments/15-ako-postupovat-plagat-en.pdf,assets/migrated/documents/416d5177f228_15-ako-postupovat-plagat-en.pdf,188120,200
asset,https://www.ochodnica.sk/files/attachments/15-ako-postupovat-plagat-sk.pdf,assets/migrated/documents/663b8d3d0492_15-ako-postupovat-plagat-sk.pdf,580881,200
asset,https://www.ochodnica.sk/files/attachments/16-ako-postupovat-plagat-en.pdf,assets/migrated/documents/c4c66ac7271f_16-ako-postupovat-plagat-en.pdf,1336738,200
asset,https://www.ochodnica.sk/files/attachments/16-ako-postupovat-plagat-sk.pdf,assets/migrated/documents/58b819565422_16-ako-postupovat-plagat-sk.pdf,1372803,200
page,https://www.ochodnica.sk/sk/novinky-z-obce/2025/informacne-plagaty-s-navodmi-na-postup-pri-mimoriadnych-udalostiach.html,sk/novinky-z-obce/2025/informacne-plagaty-s-navodmi-na-postup-pri-mimoriadnych-udalostiach.html,47788,200
page,https://www.ochodnica.sk/sk/galeria/podakovanie-dhz-ochodnica.html,sk/galeria/podakovanie-dhz-ochodnica.html,39483,200
asset,https://www.ochodnica.sk/img/galleries/1015/big/754798229_1997650307552774_6213084331185830161_n.jpg,assets/migrated/images/3105bdd3376f_754798229_1997650307552774_6213084331185830161_n.jpg,413187,200
asset,https://www.ochodnica.sk/img/galleries/1015/big/755264261_2228860274598836_5103487320229522191_n.jpg,assets/migrated/images/44b5b9c9feb1_755264261_2228860274598836_5103487320229522191_n.jpg,404612,200
asset,https://www.ochodnica.sk/img/galleries/1015/small/755264261_2228860274598836_5103487320229522191_n.jpg,assets/migrated/images/e6c8931e77d9_755264261_2228860274598836_5103487320229522191_n.jpg,404612,200
asset,https://www.ochodnica.sk/img/galleries/1015/big/756343953_1679694993328246_4730907267264730791_n.jpg,assets/migrated/images/46c8e82a9286_756343953_1679694993328246_4730907267264730791_n.jpg,430135,200
asset,https://www.ochodnica.sk/img/galleries/1015/small/756343953_1679694993328246_4730907267264730791_n.jpg,assets/migrated/images/bb53710dd550_756343953_1679694993328246_4730907267264730791_n.jpg,430135,200
asset,https://www.ochodnica.sk/img/galleries/1015/big/756347853_1017946890868220_3326756197664128140_n.jpg,assets/migrated/images/92fe9b31add6_756347853_1017946890868220_3326756197664128140_n.jpg,362642,200
asset,https://www.ochodnica.sk/img/galleries/1015/small/756347853_1017946890868220_3326756197664128140_n.jpg,assets/migrated/images/87f625b84698_756347853_1017946890868220_3326756197664128140_n.jpg,362642,200
asset,https://www.ochodnica.sk/img/galleries/1015/big/756435271_1046570071110113_3194586828897201700_n.jpg,assets/migrated/images/5f172ed09194_756435271_1046570071110113_3194586828897201700_n.jpg,449927,200
asset,https://www.ochodnica.sk/img/galleries/1015/small/756435271_1046570071110113_3194586828897201700_n.jpg,assets/migrated/images/d9258d240c07_756435271_1046570071110113_3194586828897201700_n.jpg,449927,200
asset,https://www.ochodnica.sk/img/galleries/1015/big/756440990_1579892347046555_3435711748222746487_n.jpg,assets/migrated/images/eb24f902529b_756440990_1579892347046555_3435711748222746487_n.jpg,402470,200
asset,https://www.ochodnica.sk/img/galleries/1015/small/756440990_1579892347046555_3435711748222746487_n.jpg,assets/migrated/images/f1d7b7ec1720_756440990_1579892347046555_3435711748222746487_n.jpg,402470,200
asset,https://www.ochodnica.sk/img/galleries/1015/big/756441020_4566774626983284_4786441549157308905_n.jpg,assets/migrated/images/a3d3846460dc_756441020_4566774626983284_4786441549157308905_n.jpg,294467,200
asset,https://www.ochodnica.sk/img/galleries/1015/small/756441020_4566774626983284_4786441549157308905_n.jpg,assets/migrated/images/d8e5242372bc_756441020_4566774626983284_4786441549157308905_n.jpg,294467,200
asset,https://www.ochodnica.sk/img/galleries/1015/big/756526004_2277051123057684_1301775334430123334_n.jpg,assets/migrated/images/69cfa20c8d4d_756526004_2277051123057684_1301775334430123334_n.jpg,362074,200
asset,https://www.ochodnica.sk/img/galleries/1015/small/756526004_2277051123057684_1301775334430123334_n.jpg,assets/migrated/images/2634786c234f_756526004_2277051123057684_1301775334430123334_n.jpg,362074,200
asset,https://www.ochodnica.sk/img/galleries/1015/big/756590470_1717948436142122_1163925401069734449_n.jpg,assets/migrated/images/ed60eec07a24_756590470_1717948436142122_1163925401069734449_n.jpg,431671,200
asset,https://www.ochodnica.sk/img/galleries/1015/small/756590470_1717948436142122_1163925401069734449_n.jpg,assets/migrated/images/b3865da2837f_756590470_1717948436142122_1163925401069734449_n.jpg,431671,200
asset,https://www.ochodnica.sk/img/galleries/1015/big/756661838_1571904271226799_3415814892252642335_n.jpg,assets/migrated/images/ff4db00c2332_756661838_1571904271226799_3415814892252642335_n.jpg,325777,200
asset,https://www.ochodnica.sk/img/galleries/1015/small/756661838_1571904271226799_3415814892252642335_n.jpg,assets/migrated/images/e2347e06fd6d_756661838_1571904271226799_3415814892252642335_n.jpg,325777,200
asset,https://www.ochodnica.sk/img/galleries/1015/big/756724824_1018508254266600_3431027343994871777_n.jpg,assets/migrated/images/770fda4eae5b_756724824_1018508254266600_3431027343994871777_n.jpg,398224,200
asset,https://www.ochodnica.sk/img/galleries/1015/small/756724824_1018508254266600_3431027343994871777_n.jpg,assets/migrated/images/eeefc9b30582_756724824_1018508254266600_3431027343994871777_n.jpg,398224,200
asset,https://www.ochodnica.sk/img/galleries/1015/big/756857807_1021903000823796_1965452579554801072_n.jpg,assets/migrated/images/85d42279cbf0_756857807_1021903000823796_1965452579554801072_n.jpg,291124,200
asset,https://www.ochodnica.sk/img/galleries/1015/small/756857807_1021903000823796_1965452579554801072_n.jpg,assets/migrated/images/915db577e78b_756857807_1021903000823796_1965452579554801072_n.jpg,291124,200
asset,https://www.ochodnica.sk/img/galleries/1015/big/756886948_1599875831749651_3776110270173897589_n.jpg,assets/migrated/images/afe14aa42ab7_756886948_1599875831749651_3776110270173897589_n.jpg,239718,200
asset,https://www.ochodnica.sk/img/galleries/1015/small/756886948_1599875831749651_3776110270173897589_n.jpg,assets/migrated/images/2fce3b009cf5_756886948_1599875831749651_3776110270173897589_n.jpg,239718,200
asset,https://www.ochodnica.sk/img/galleries/1015/big/756975545_1698313578099320_7223733571002369720_n.jpg,assets/migrated/images/02e497f65f14_756975545_1698313578099320_7223733571002369720_n.jpg,502360,200
asset,https://www.ochodnica.sk/img/galleries/1015/small/756975545_1698313578099320_7223733571002369720_n.jpg,assets/migrated/images/c4f889aef23c_756975545_1698313578099320_7223733571002369720_n.jpg,502360,200
asset,https://www.ochodnica.sk/img/galleries/1015/big/757166559_4492267681091406_3215013821296200241_n.jpg,assets/migrated/images/cedaae0ab3f9_757166559_4492267681091406_3215013821296200241_n.jpg,193451,200
asset,https://www.ochodnica.sk/img/galleries/1015/small/757166559_4492267681091406_3215013821296200241_n.jpg,assets/migrated/images/2ff92b3f76cb_757166559_4492267681091406_3215013821296200241_n.jpg,193451,200
asset,https://www.ochodnica.sk/img/galleries/1015/big/757186139_3619198748228694_5828546662652970955_n.jpg,assets/migrated/images/fd8f950e4824_757186139_3619198748228694_5828546662652970955_n.jpg,386240,200
asset,https://www.ochodnica.sk/img/galleries/1015/small/757186139_3619198748228694_5828546662652970955_n.jpg,assets/migrated/images/08e46b7b6247_757186139_3619198748228694_5828546662652970955_n.jpg,386240,200
asset,https://www.ochodnica.sk/img/galleries/1015/big/757201936_1573592460978211_7124329464908407083_n.jpg,assets/migrated/images/96a45f8ed57c_757201936_1573592460978211_7124329464908407083_n.jpg,341355,200
asset,https://www.ochodnica.sk/img/galleries/1015/small/757201936_1573592460978211_7124329464908407083_n.jpg,assets/migrated/images/1c74660e502d_757201936_1573592460978211_7124329464908407083_n.jpg,341355,200
asset,https://www.ochodnica.sk/img/galleries/1015/big/757201946_1605228844607541_2900490275265092938_n.jpg,assets/migrated/images/e2f3513ef55d_757201946_1605228844607541_2900490275265092938_n.jpg,308164,200
asset,https://www.ochodnica.sk/img/galleries/1015/small/757201946_1605228844607541_2900490275265092938_n.jpg,assets/migrated/images/5fdb1c876e0b_757201946_1605228844607541_2900490275265092938_n.jpg,308164,200
asset,https://www.ochodnica.sk/img/galleries/1015/big/757455325_1548479236827100_2370852875765959814_n.jpg,assets/migrated/images/3ea1fb56cd3b_757455325_1548479236827100_2370852875765959814_n.jpg,542797,200
asset,https://www.ochodnica.sk/img/galleries/1015/small/757455325_1548479236827100_2370852875765959814_n.jpg,assets/migrated/images/17da4f58be11_757455325_1548479236827100_2370852875765959814_n.jpg,542797,200
asset,https://www.ochodnica.sk/img/galleries/1015/big/757480400_1750199752677271_2764731902617745156_n.jpg,assets/migrated/images/e5e1feaeabd8_757480400_1750199752677271_2764731902617745156_n.jpg,236894,200
asset,https://www.ochodnica.sk/img/galleries/1015/small/757480400_1750199752677271_2764731902617745156_n.jpg,assets/migrated/images/3cb531a98548_757480400_1750199752677271_2764731902617745156_n.jpg,236894,200
asset,https://www.ochodnica.sk/img/galleries/1015/big/757533453_4492267094424798_3251726815792567320_n.jpg,assets/migrated/images/2529761acea2_757533453_4492267094424798_3251726815792567320_n.jpg,597141,200
asset,https://www.ochodnica.sk/img/galleries/1015/small/757533453_4492267094424798_3251726815792567320_n.jpg,assets/migrated/images/8b52aca263e3_757533453_4492267094424798_3251726815792567320_n.jpg,597141,200
asset,https://www.ochodnica.sk/img/galleries/1015/big/757533519_1518490699525477_3896577144573368478_n.jpg,assets/migrated/images/f3eb66033cac_757533519_1518490699525477_3896577144573368478_n.jpg,392041,200
asset,https://www.ochodnica.sk/img/galleries/1015/small/757533519_1518490699525477_3896577144573368478_n.jpg,assets/migrated/images/ed3ad0e1b508_757533519_1518490699525477_3896577144573368478_n.jpg,392041,200
asset,https://www.ochodnica.sk/img/galleries/1015/big/757538221_1623940152863259_1788603898268844528_n.jpg,assets/migrated/images/ee7634f11e7e_757538221_1623940152863259_1788603898268844528_n.jpg,284096,200
asset,https://www.ochodnica.sk/img/galleries/1015/small/757538221_1623940152863259_1788603898268844528_n.jpg,assets/migrated/images/34f41ddcad71_757538221_1623940152863259_1788603898268844528_n.jpg,284096,200
asset,https://www.ochodnica.sk/img/galleries/1015/big/757563495_4492267211091453_2128091681122378692_n.jpg,assets/migrated/images/8c4a6fb6422a_757563495_4492267211091453_2128091681122378692_n.jpg,374811,200
asset,https://www.ochodnica.sk/img/galleries/1015/small/757563495_4492267211091453_2128091681122378692_n.jpg,assets/migrated/images/fde9d359842d_757563495_4492267211091453_2128091681122378692_n.jpg,374811,200
asset,https://www.ochodnica.sk/img/galleries/1015/big/757563503_4492274327757408_2764801192182326789_n.jpg,assets/migrated/images/92e8a19ae3ec_757563503_4492274327757408_2764801192182326789_n.jpg,246409,200
asset,https://www.ochodnica.sk/img/galleries/1015/small/757563503_4492274327757408_2764801192182326789_n.jpg,assets/migrated/images/8d4396578171_757563503_4492274327757408_2764801192182326789_n.jpg,246409,200
asset,https://www.ochodnica.sk/img/galleries/1015/big/757656618_4492301907754650_5962878616794238186_n.jpg,assets/migrated/images/7babad98aade_757656618_4492301907754650_5962878616794238186_n.jpg,294377,200
asset,https://www.ochodnica.sk/img/galleries/1015/small/757656618_4492301907754650_5962878616794238186_n.jpg,assets/migrated/images/045ac24370fd_757656618_4492301907754650_5962878616794238186_n.jpg,294377,200
asset,https://www.ochodnica.sk/img/galleries/1015/big/757665983_4492272271090947_9087784944685530292_n.jpg,assets/migrated/images/1a677ff7420c_757665983_4492272271090947_9087784944685530292_n.jpg,437974,200
asset,https://www.ochodnica.sk/img/galleries/1015/small/757665983_4492272271090947_9087784944685530292_n.jpg,assets/migrated/images/e7b505705d33_757665983_4492272271090947_9087784944685530292_n.jpg,437974,200
asset,https://www.ochodnica.sk/img/galleries/1015/big/757754962_1373637801527195_3581157340494665368_n.jpg,assets/migrated/images/54ba4b05d2b7_757754962_1373637801527195_3581157340494665368_n.jpg,250457,200
asset,https://www.ochodnica.sk/img/galleries/1015/small/757754962_1373637801527195_3581157340494665368_n.jpg,assets/migrated/images/a76ec5d172b2_757754962_1373637801527195_3581157340494665368_n.jpg,250457,200
asset,https://www.ochodnica.sk/img/galleries/1015/big/757994070_4492270814424426_3828466488485572120_n.jpg,assets/migrated/images/8a3dc077f700_757994070_4492270814424426_3828466488485572120_n.jpg,333439,200
asset,https://www.ochodnica.sk/img/galleries/1015/small/757994070_4492270814424426_3828466488485572120_n.jpg,assets/migrated/images/dc86098eab13_757994070_4492270814424426_3828466488485572120_n.jpg,333439,200
asset,https://www.ochodnica.sk/img/galleries/1015/big/757994127_4492266904424817_9002182046769665332_n.jpg,assets/migrated/images/a0a8a08019ac_757994127_4492266904424817_9002182046769665332_n.jpg,411203,200
asset,https://www.ochodnica.sk/img/galleries/1015/small/757994127_4492266904424817_9002182046769665332_n.jpg,assets/migrated/images/403185485499_757994127_4492266904424817_9002182046769665332_n.jpg,411203,200
asset,https://www.ochodnica.sk/img/galleries/1015/big/758037403_1521187639741195_3655893155228357091_n.jpg,assets/migrated/images/6d5d2651d179_758037403_1521187639741195_3655893155228357091_n.jpg,337327,200
asset,https://www.ochodnica.sk/img/galleries/1015/small/758037403_1521187639741195_3655893155228357091_n.jpg,assets/migrated/images/8f3abd9aa1f4_758037403_1521187639741195_3655893155228357091_n.jpg,337327,200
asset,https://www.ochodnica.sk/img/galleries/1015/big/758055319_4492268787757962_2153894212472758577_n.jpg,assets/migrated/images/3f9715bc5859_758055319_4492268787757962_2153894212472758577_n.jpg,462126,200
asset,https://www.ochodnica.sk/img/galleries/1015/small/758055319_4492268787757962_2153894212472758577_n.jpg,assets/migrated/images/04ab121efafa_758055319_4492268787757962_2153894212472758577_n.jpg,462126,200
asset,https://www.ochodnica.sk/img/galleries/1015/big/758146191_4492267227758118_7853329013843371495_n.jpg,assets/migrated/images/f97ff269a545_758146191_4492267227758118_7853329013843371495_n.jpg,354725,200
asset,https://www.ochodnica.sk/img/galleries/1015/small/758146191_4492267227758118_7853329013843371495_n.jpg,assets/migrated/images/9301d08da69d_758146191_4492267227758118_7853329013843371495_n.jpg,354725,200
asset,https://www.ochodnica.sk/img/galleries/1015/big/758216983_1390200162983977_3717178168965921421_n.jpg,assets/migrated/images/d5849c3d5602_758216983_1390200162983977_3717178168965921421_n.jpg,291182,200
asset,https://www.ochodnica.sk/img/galleries/1015/small/758216983_1390200162983977_3717178168965921421_n.jpg,assets/migrated/images/aef48378263e_758216983_1390200162983977_3717178168965921421_n.jpg,291182,200
asset,https://www.ochodnica.sk/img/galleries/1015/big/758239372_1337393005211301_2850324261913779604_n.jpg,assets/migrated/images/b7135f726bb7_758239372_1337393005211301_2850324261913779604_n.jpg,362557,200
asset,https://www.ochodnica.sk/img/galleries/1015/small/758239372_1337393005211301_2850324261913779604_n.jpg,assets/migrated/images/bf77daa6a442_758239372_1337393005211301_2850324261913779604_n.jpg,362557,200
asset,https://www.ochodnica.sk/img/galleries/1015/big/758245317_923556924095028_5618414233562107568_n.jpg,assets/migrated/images/20a23ab9e5dd_758245317_923556924095028_5618414233562107568_n.jpg,292150,200
asset,https://www.ochodnica.sk/img/galleries/1015/small/758245317_923556924095028_5618414233562107568_n.jpg,assets/migrated/images/342f09d304ac_758245317_923556924095028_5618414233562107568_n.jpg,292150,200
asset,https://www.ochodnica.sk/img/galleries/1015/big/758350565_1420511633460528_4414614801191546133_n.jpg,assets/migrated/images/8d122fd62c4d_758350565_1420511633460528_4414614801191546133_n.jpg,221754,200
asset,https://www.ochodnica.sk/img/galleries/1015/small/758350565_1420511633460528_4414614801191546133_n.jpg,assets/migrated/images/6d2b9448f7f7_758350565_1420511633460528_4414614801191546133_n.jpg,221754,200
asset,https://www.ochodnica.sk/img/galleries/1015/big/758350635_1338680735118307_4422833979895260194_n.jpg,assets/migrated/images/6b43a86b1b96_758350635_1338680735118307_4422833979895260194_n.jpg,297458,200
asset,https://www.ochodnica.sk/img/galleries/1015/small/758350635_1338680735118307_4422833979895260194_n.jpg,assets/migrated/images/8a174b5f2919_758350635_1338680735118307_4422833979895260194_n.jpg,297458,200
asset,https://www.ochodnica.sk/img/galleries/1015/big/758409413_1405417448352051_6109788087702295864_n.jpg,assets/migrated/images/27b2a7d9c6a0_758409413_1405417448352051_6109788087702295864_n.jpg,515430,200
asset,https://www.ochodnica.sk/img/galleries/1015/small/758409413_1405417448352051_6109788087702295864_n.jpg,assets/migrated/images/132a80d61cbc_758409413_1405417448352051_6109788087702295864_n.jpg,515430,200
asset,https://www.ochodnica.sk/img/galleries/1015/big/758422937_1653512156278829_5061899223075895629_n.jpg,assets/migrated/images/e7df9f83cd6d_758422937_1653512156278829_5061899223075895629_n.jpg,206809,200
asset,https://www.ochodnica.sk/img/galleries/1015/small/758422937_1653512156278829_5061899223075895629_n.jpg,assets/migrated/images/27e9afa0ad4f_758422937_1653512156278829_5061899223075895629_n.jpg,206809,200
asset,https://www.ochodnica.sk/img/galleries/1015/big/758444627_1679251503187606_6105201119464544277_n.jpg,assets/migrated/images/f3f8363c5eb9_758444627_1679251503187606_6105201119464544277_n.jpg,444133,200
asset,https://www.ochodnica.sk/img/galleries/1015/small/758444627_1679251503187606_6105201119464544277_n.jpg,assets/migrated/images/c3d3063e5994_758444627_1679251503187606_6105201119464544277_n.jpg,444133,200
asset,https://www.ochodnica.sk/img/galleries/1015/big/758488723_1789177465585244_8809674057976288950_n.jpg,assets/migrated/images/0c2049a0af51_758488723_1789177465585244_8809674057976288950_n.jpg,249065,200
asset,https://www.ochodnica.sk/img/galleries/1015/small/758488723_1789177465585244_8809674057976288950_n.jpg,assets/migrated/images/374bf7bf5fb9_758488723_1789177465585244_8809674057976288950_n.jpg,249065,200
asset,https://www.ochodnica.sk/img/galleries/1015/big/758520346_1360737682691810_8578347728965132727_n.jpg,assets/migrated/images/241f7b7f9b0e_758520346_1360737682691810_8578347728965132727_n.jpg,371934,200
asset,https://www.ochodnica.sk/img/galleries/1015/small/758520346_1360737682691810_8578347728965132727_n.jpg,assets/migrated/images/aa6169411e8b_758520346_1360737682691810_8578347728965132727_n.jpg,371934,200
asset,https://www.ochodnica.sk/img/galleries/1015/big/758520347_2899029770457491_1735606238633438288_n.jpg,assets/migrated/images/05faa587efe0_758520347_2899029770457491_1735606238633438288_n.jpg,432951,200
asset,https://www.ochodnica.sk/img/galleries/1015/small/758520347_2899029770457491_1735606238633438288_n.jpg,assets/migrated/images/de32842a114b_758520347_2899029770457491_1735606238633438288_n.jpg,432951,200
asset,https://www.ochodnica.sk/img/galleries/1015/big/758553848_1824261201876883_6349061736310182806_n.jpg,assets/migrated/images/2c59f46acd0e_758553848_1824261201876883_6349061736310182806_n.jpg,365732,200
asset,https://www.ochodnica.sk/img/galleries/1015/small/758553848_1824261201876883_6349061736310182806_n.jpg,assets/migrated/images/ed30b76ef52a_758553848_1824261201876883_6349061736310182806_n.jpg,365732,200
asset,https://www.ochodnica.sk/img/galleries/1015/big/758563555_1015291937802916_3595881415270576171_n.jpg,assets/migrated/images/92348ad33131_758563555_1015291937802916_3595881415270576171_n.jpg,281617,200
asset,https://www.ochodnica.sk/img/galleries/1015/small/758563555_1015291937802916_3595881415270576171_n.jpg,assets/migrated/images/5c55b3c27ef1_758563555_1015291937802916_3595881415270576171_n.jpg,281617,200
asset,https://www.ochodnica.sk/img/galleries/1015/big/758564113_1760853178259235_8095280065136603190_n.jpg,assets/migrated/images/09fb2ecfccd1_758564113_1760853178259235_8095280065136603190_n.jpg,160617,200
asset,https://www.ochodnica.sk/img/galleries/1015/small/758564113_1760853178259235_8095280065136603190_n.jpg,assets/migrated/images/6210cecb3ea4_758564113_1760853178259235_8095280065136603190_n.jpg,160617,200
asset,https://www.ochodnica.sk/img/galleries/1015/big/758573576_1291912076205291_2764649626858886286_n.jpg,assets/migrated/images/117113774f98_758573576_1291912076205291_2764649626858886286_n.jpg,341909,200
asset,https://www.ochodnica.sk/img/galleries/1015/small/758573576_1291912076205291_2764649626858886286_n.jpg,assets/migrated/images/20d0355be85d_758573576_1291912076205291_2764649626858886286_n.jpg,341909,200
asset,https://www.ochodnica.sk/img/galleries/1015/big/758588499_1611252200343089_2609976608438044148_n.jpg,assets/migrated/images/2d7c86ba7a35_758588499_1611252200343089_2609976608438044148_n.jpg,391071,200
asset,https://www.ochodnica.sk/img/galleries/1015/small/758588499_1611252200343089_2609976608438044148_n.jpg,assets/migrated/images/1b2004baa7d0_758588499_1611252200343089_2609976608438044148_n.jpg,391071,200
asset,https://www.ochodnica.sk/img/galleries/1015/big/758658458_4452410201668476_5389354360227157666_n.jpg,assets/migrated/images/8cdbcbf70a0b_758658458_4452410201668476_5389354360227157666_n.jpg,346975,200
asset,https://www.ochodnica.sk/img/galleries/1015/small/758658458_4452410201668476_5389354360227157666_n.jpg,assets/migrated/images/b36852249f96_758658458_4452410201668476_5389354360227157666_n.jpg,346975,200
asset,https://www.ochodnica.sk/img/galleries/1015/big/758677277_1389739266391261_7109178072972872301_n.jpg,assets/migrated/images/c955119d6160_758677277_1389739266391261_7109178072972872301_n.jpg,506974,200
asset,https://www.ochodnica.sk/img/galleries/1015/small/758677277_1389739266391261_7109178072972872301_n.jpg,assets/migrated/images/44584f2b986d_758677277_1389739266391261_7109178072972872301_n.jpg,506974,200
asset,https://www.ochodnica.sk/img/galleries/1015/big/758691052_1744538716888679_3427405532560379932_n.jpg,assets/migrated/images/06679c731c04_758691052_1744538716888679_3427405532560379932_n.jpg,242233,200
asset,https://www.ochodnica.sk/img/galleries/1015/small/758691052_1744538716888679_3427405532560379932_n.jpg,assets/migrated/images/c03767bcd4b6_758691052_1744538716888679_3427405532560379932_n.jpg,242233,200
asset,https://www.ochodnica.sk/img/galleries/1015/big/758706877_1555762216210099_146903561425503155_n.jpg,assets/migrated/images/798948703040_758706877_1555762216210099_146903561425503155_n.jpg,373435,200
asset,https://www.ochodnica.sk/img/galleries/1015/small/758706877_1555762216210099_146903561425503155_n.jpg,assets/migrated/images/7105d3fe2732_758706877_1555762216210099_146903561425503155_n.jpg,373435,200
asset,https://www.ochodnica.sk/img/galleries/1015/big/758706970_1353323220313137_8777021141201770101_n.jpg,assets/migrated/images/e03578611ed1_758706970_1353323220313137_8777021141201770101_n.jpg,138046,200
asset,https://www.ochodnica.sk/img/galleries/1015/small/758706970_1353323220313137_8777021141201770101_n.jpg,assets/migrated/images/b47f72334eb6_758706970_1353323220313137_8777021141201770101_n.jpg,138046,200
asset,https://www.ochodnica.sk/img/galleries/1015/big/758750956_1625351362530837_4140903436181112932_n.jpg,assets/migrated/images/f4ea6cdc7829_758750956_1625351362530837_4140903436181112932_n.jpg,390098,200
asset,https://www.ochodnica.sk/img/galleries/1015/small/758750956_1625351362530837_4140903436181112932_n.jpg,assets/migrated/images/6e1ce77a08c0_758750956_1625351362530837_4140903436181112932_n.jpg,390098,200
asset,https://www.ochodnica.sk/img/galleries/1015/big/758751697_1760714841603732_2963289479002250613_n.jpg,assets/migrated/images/4fe502b95f0b_758751697_1760714841603732_2963289479002250613_n.jpg,370793,200
asset,https://www.ochodnica.sk/img/galleries/1015/small/758751697_1760714841603732_2963289479002250613_n.jpg,assets/migrated/images/6751d58847f5_758751697_1760714841603732_2963289479002250613_n.jpg,370793,200
asset,https://www.ochodnica.sk/img/galleries/1015/big/758793468_1547419106938115_5083882973491365475_n.jpg,assets/migrated/images/e9a6d44a8472_758793468_1547419106938115_5083882973491365475_n.jpg,213743,200
asset,https://www.ochodnica.sk/img/galleries/1015/small/758793468_1547419106938115_5083882973491365475_n.jpg,assets/migrated/images/8a32f13f4ff9_758793468_1547419106938115_5083882973491365475_n.jpg,213743,200
asset,https://www.ochodnica.sk/img/galleries/1015/big/758883572_1400965321896448_6686151855711628070_n.jpg,assets/migrated/images/e9ef8e4d04d9_758883572_1400965321896448_6686151855711628070_n.jpg,398243,200
asset,https://www.ochodnica.sk/img/galleries/1015/small/758883572_1400965321896448_6686151855711628070_n.jpg,assets/migrated/images/c7d34b3b9e74_758883572_1400965321896448_6686151855711628070_n.jpg,398243,200
asset,https://www.ochodnica.sk/img/galleries/1015/big/758883589_1958092315346375_4543907260830558911_n.jpg,assets/migrated/images/bc8b3a83ed0a_758883589_1958092315346375_4543907260830558911_n.jpg,266060,200
asset,https://www.ochodnica.sk/img/galleries/1015/small/758883589_1958092315346375_4543907260830558911_n.jpg,assets/migrated/images/a3560237259a_758883589_1958092315346375_4543907260830558911_n.jpg,266060,200
asset,https://www.ochodnica.sk/img/galleries/1015/big/758896875_1196318659327437_5209888850227161642_n.jpg,assets/migrated/images/2d31ca5f6cd3_758896875_1196318659327437_5209888850227161642_n.jpg,476684,200
asset,https://www.ochodnica.sk/img/galleries/1015/small/758896875_1196318659327437_5209888850227161642_n.jpg,assets/migrated/images/ff72e35d3ddd_758896875_1196318659327437_5209888850227161642_n.jpg,476684,200
asset,https://www.ochodnica.sk/img/galleries/1015/big/758951214_4492267027758138_5520053402120153398_n.jpg,assets/migrated/images/e4c982884c6a_758951214_4492267027758138_5520053402120153398_n.jpg,168333,200
asset,https://www.ochodnica.sk/img/galleries/1015/small/758951214_4492267027758138_5520053402120153398_n.jpg,assets/migrated/images/5ee21ffd4ebf_758951214_4492267027758138_5520053402120153398_n.jpg,168333,200
asset,https://www.ochodnica.sk/img/galleries/1015/big/758951251_1942953799725542_5638577099176038069_n.jpg,assets/migrated/images/93e4c188d0d7_758951251_1942953799725542_5638577099176038069_n.jpg,437849,200
asset,https://www.ochodnica.sk/img/galleries/1015/small/758951251_1942953799725542_5638577099176038069_n.jpg,assets/migrated/images/7460060767db_758951251_1942953799725542_5638577099176038069_n.jpg,437849,200
asset,https://www.ochodnica.sk/img/galleries/1015/big/758964118_4492268894424618_6242401875897027380_n.jpg,assets/migrated/images/00f30e03eb14_758964118_4492268894424618_6242401875897027380_n.jpg,294625,200
asset,https://www.ochodnica.sk/img/galleries/1015/small/758964118_4492268894424618_6242401875897027380_n.jpg,assets/migrated/images/964a5b76bb66_758964118_4492268894424618_6242401875897027380_n.jpg,294625,200
asset,https://www.ochodnica.sk/img/galleries/1015/big/758964120_4492304851087689_9218567271181867167_n.jpg,assets/migrated/images/5d4cbf7d84d3_758964120_4492304851087689_9218567271181867167_n.jpg,364887,200
asset,https://www.ochodnica.sk/img/galleries/1015/small/758964120_4492304851087689_9218567271181867167_n.jpg,assets/migrated/images/de1c8469abe4_758964120_4492304851087689_9218567271181867167_n.jpg,364887,200
asset,https://www.ochodnica.sk/img/galleries/1015/big/758964162_1585617513164091_8290298467739739976_n.jpg,assets/migrated/images/98ec74b5a731_758964162_1585617513164091_8290298467739739976_n.jpg,281477,200
asset,https://www.ochodnica.sk/img/galleries/1015/small/758964162_1585617513164091_8290298467739739976_n.jpg,assets/migrated/images/2bd71dc48a4a_758964162_1585617513164091_8290298467739739976_n.jpg,281477,200
asset,https://www.ochodnica.sk/img/galleries/1015/big/758964192_4492267467758094_6081230050724613852_n.jpg,assets/migrated/images/65b46b255170_758964192_4492267467758094_6081230050724613852_n.jpg,341095,200
asset,https://www.ochodnica.sk/img/galleries/1015/small/758964192_4492267467758094_6081230050724613852_n.jpg,assets/migrated/images/f77e1ca71ff3_758964192_4492267467758094_6081230050724613852_n.jpg,341095,200
asset,https://www.ochodnica.sk/img/galleries/1015/big/758964202_4492275027757338_8283363810197476409_n.jpg,assets/migrated/images/f69c2e43f12f_758964202_4492275027757338_8283363810197476409_n.jpg,289774,200
asset,https://www.ochodnica.sk/img/galleries/1015/small/758964202_4492275027757338_8283363810197476409_n.jpg,assets/migrated/images/474de144612b_758964202_4492275027757338_8283363810197476409_n.jpg,289774,200
asset,https://www.ochodnica.sk/img/galleries/1015/big/758964381_4492268614424646_3554559851868808617_n.jpg,assets/migrated/images/7488185d75c3_758964381_4492268614424646_3554559851868808617_n.jpg,378182,200
asset,https://www.ochodnica.sk/img/galleries/1015/small/758964381_4492268614424646_3554559851868808617_n.jpg,assets/migrated/images/89017909d197_758964381_4492268614424646_3554559851868808617_n.jpg,378182,200
asset,https://www.ochodnica.sk/img/galleries/1015/big/758964565_4492300251088149_4400512811925486029_n.jpg,assets/migrated/images/f351f63ea16d_758964565_4492300251088149_4400512811925486029_n.jpg,638903,200
asset,https://www.ochodnica.sk/img/galleries/1015/small/758964565_4492300251088149_4400512811925486029_n.jpg,assets/migrated/images/c6abcf210bae_758964565_4492300251088149_4400512811925486029_n.jpg,638903,200
asset,https://www.ochodnica.sk/img/galleries/1015/big/758964577_983227984703694_5337711912662908092_n.jpg,assets/migrated/images/9eb37ddc5548_758964577_983227984703694_5337711912662908092_n.jpg,484352,200
asset,https://www.ochodnica.sk/img/galleries/1015/small/758964577_983227984703694_5337711912662908092_n.jpg,assets/migrated/images/817e166e4bf7_758964577_983227984703694_5337711912662908092_n.jpg,484352,200
asset,https://www.ochodnica.sk/img/galleries/1015/big/758964587_4492267437758097_7408192995421966514_n.jpg,assets/migrated/images/e24a13c220ee_758964587_4492267437758097_7408192995421966514_n.jpg,263907,200
asset,https://www.ochodnica.sk/img/galleries/1015/small/758964587_4492267437758097_7408192995421966514_n.jpg,assets/migrated/images/29424cfdc1e5_758964587_4492267437758097_7408192995421966514_n.jpg,263907,200
asset,https://www.ochodnica.sk/img/galleries/1015/big/758964639_4492272184424289_4957719450059262876_n.jpg,assets/migrated/images/6d6fd02769c1_758964639_4492272184424289_4957719450059262876_n.jpg,260329,200
asset,https://www.ochodnica.sk/img/galleries/1015/small/758964639_4492272184424289_4957719450059262876_n.jpg,assets/migrated/images/9845e07253bb_758964639_4492272184424289_4957719450059262876_n.jpg,260329,200
asset,https://www.ochodnica.sk/img/galleries/1015/big/758964645_4492267951091379_5733233284051144796_n.jpg,assets/migrated/images/265b2483ea8c_758964645_4492267951091379_5733233284051144796_n.jpg,259595,200
asset,https://www.ochodnica.sk/img/galleries/1015/small/758964645_4492267951091379_5733233284051144796_n.jpg,assets/migrated/images/4a41c20ecdbe_758964645_4492267951091379_5733233284051144796_n.jpg,259595,200
asset,https://www.ochodnica.sk/img/galleries/1015/big/759017150_3117435981980940_5829921055908317751_n.jpg,assets/migrated/images/6fda85753b82_759017150_3117435981980940_5829921055908317751_n.jpg,306777,200
asset,https://www.ochodnica.sk/img/galleries/1015/small/759017150_3117435981980940_5829921055908317751_n.jpg,assets/migrated/images/bc06849e1c7f_759017150_3117435981980940_5829921055908317751_n.jpg,306777,200
asset,https://www.ochodnica.sk/img/galleries/1015/big/759040468_1036751959211795_3055944732323885153_n.jpg,assets/migrated/images/0e7bf175f71c_759040468_1036751959211795_3055944732323885153_n.jpg,275145,200
asset,https://www.ochodnica.sk/img/galleries/1015/small/759040468_1036751959211795_3055944732323885153_n.jpg,assets/migrated/images/1cfc79d74361_759040468_1036751959211795_3055944732323885153_n.jpg,275145,200
asset,https://www.ochodnica.sk/img/galleries/1015/big/759102040_1066683792598158_3341350411935127299_n.jpg,assets/migrated/images/0bf6d3439265_759102040_1066683792598158_3341350411935127299_n.jpg,302410,200
asset,https://www.ochodnica.sk/img/galleries/1015/small/759102040_1066683792598158_3341350411935127299_n.jpg,assets/migrated/images/e62e4db2b9c3_759102040_1066683792598158_3341350411935127299_n.jpg,302410,200
asset,https://www.ochodnica.sk/img/galleries/1015/big/759127321_1804196174074694_247093164503699924_n.jpg,assets/migrated/images/6a375d80f1f3_759127321_1804196174074694_247093164503699924_n.jpg,320765,200
asset,https://www.ochodnica.sk/img/galleries/1015/small/759127321_1804196174074694_247093164503699924_n.jpg,assets/migrated/images/eaafdee3e3e3_759127321_1804196174074694_247093164503699924_n.jpg,320765,200
asset,https://www.ochodnica.sk/img/galleries/1015/big/759146529_1250404457112377_2527839946052546293_n.jpg,assets/migrated/images/3d7d39a14b0b_759146529_1250404457112377_2527839946052546293_n.jpg,459137,200
asset,https://www.ochodnica.sk/img/galleries/1015/small/759146529_1250404457112377_2527839946052546293_n.jpg,assets/migrated/images/bedf94280a96_759146529_1250404457112377_2527839946052546293_n.jpg,459137,200
asset,https://www.ochodnica.sk/img/galleries/1015/big/759208664_2341720629934099_910133746339152223_n.jpg,assets/migrated/images/6ee7c47facba_759208664_2341720629934099_910133746339152223_n.jpg,324133,200
asset,https://www.ochodnica.sk/img/galleries/1015/small/759208664_2341720629934099_910133746339152223_n.jpg,assets/migrated/images/2f90e15be9e6_759208664_2341720629934099_910133746339152223_n.jpg,324133,200
asset,https://www.ochodnica.sk/img/galleries/1015/big/759500464_1729660188251449_3765028772795572358_n.jpg,assets/migrated/images/6d47e6e1a9d0_759500464_1729660188251449_3765028772795572358_n.jpg,481495,200
asset,https://www.ochodnica.sk/img/galleries/1015/small/759500464_1729660188251449_3765028772795572358_n.jpg,assets/migrated/images/45b7c4a1fc50_759500464_1729660188251449_3765028772795572358_n.jpg,481495,200
asset,https://www.ochodnica.sk/img/galleries/1015/big/759574987_2223934548458375_3349283044789246182_n.jpg,assets/migrated/images/1ba056f96121_759574987_2223934548458375_3349283044789246182_n.jpg,259723,200
asset,https://www.ochodnica.sk/img/galleries/1015/small/759574987_2223934548458375_3349283044789246182_n.jpg,assets/migrated/images/d59e7edeea39_759574987_2223934548458375_3349283044789246182_n.jpg,259723,200
asset,https://www.ochodnica.sk/img/galleries/1015/big/759676954_2011818279450088_3194044078902994443_n.jpg,assets/migrated/images/0eb7e1f98448_759676954_2011818279450088_3194044078902994443_n.jpg,333453,200
asset,https://www.ochodnica.sk/img/galleries/1015/small/759676954_2011818279450088_3194044078902994443_n.jpg,assets/migrated/images/d5dd02d2930a_759676954_2011818279450088_3194044078902994443_n.jpg,333453,200
page,https://www.ochodnica.sk/sk/galeria/hasicska-sutaz-v-ochodnici-plna-skvelych-vykonov.html,sk/galeria/hasicska-sutaz-v-ochodnici-plna-skvelych-vykonov.html,69947,200
asset,https://www.ochodnica.sk/img/galleries/1010/big/6a562169b8983.jpg,assets/migrated/images/336f6b4edc55_6a562169b8983.jpg,92415,200
asset,https://www.ochodnica.sk/img/galleries/1010/big/6a5631b662aba.jpg,assets/migrated/images/975c88d673d7_6a5631b662aba.jpg,125376,200
asset,https://www.ochodnica.sk/img/galleries/1010/small/6a5631b662aba.jpg,assets/migrated/images/1dc59c9b9203_6a5631b662aba.jpg,126269,200
asset,https://www.ochodnica.sk/img/galleries/1010/big/6a562169e9f93.jpg,assets/migrated/images/6b4a20db31ba_6a562169e9f93.jpg,87746,200
asset,https://www.ochodnica.sk/img/galleries/1010/small/6a562169e9f93.jpg,assets/migrated/images/1ccad2a30d35_6a562169e9f93.jpg,108090,200
asset,https://www.ochodnica.sk/img/galleries/1010/big/6a5631b6a509a.jpg,assets/migrated/images/e13dc432e7b0_6a5631b6a509a.jpg,139453,200
asset,https://www.ochodnica.sk/img/galleries/1010/small/6a5631b6a509a.jpg,assets/migrated/images/4004f842762b_6a5631b6a509a.jpg,145464,200
asset,https://www.ochodnica.sk/img/galleries/1010/big/6a56216a2904a.jpg,assets/migrated/images/111eaf1c3e9d_6a56216a2904a.jpg,82462,200
asset,https://www.ochodnica.sk/img/galleries/1010/small/6a56216a2904a.jpg,assets/migrated/images/59738e2a6bd2_6a56216a2904a.jpg,111378,200
asset,https://www.ochodnica.sk/img/galleries/1010/big/6a56216a5bb55.jpg,assets/migrated/images/9c30ffbbb4e7_6a56216a5bb55.jpg,171687,200
asset,https://www.ochodnica.sk/img/galleries/1010/small/6a56216a5bb55.jpg,assets/migrated/images/e21910e1ebd0_6a56216a5bb55.jpg,132404,200
asset,https://www.ochodnica.sk/img/galleries/1010/big/6a56216a97635.jpg,assets/migrated/images/68c7eecd9f21_6a56216a97635.jpg,242428,200
asset,https://www.ochodnica.sk/img/galleries/1010/small/6a56216a97635.jpg,assets/migrated/images/1a0c9f92b683_6a56216a97635.jpg,136538,200
asset,https://www.ochodnica.sk/img/galleries/1010/big/6a56216aded0e.jpg,assets/migrated/images/b035f72e0c7a_6a56216aded0e.jpg,159244,200
asset,https://www.ochodnica.sk/img/galleries/1010/small/6a56216aded0e.jpg,assets/migrated/images/f7b23b101ed3_6a56216aded0e.jpg,125063,200
asset,https://www.ochodnica.sk/img/galleries/1010/big/6a56216b29f33.jpg,assets/migrated/images/37e2bc1ef584_6a56216b29f33.jpg,152694,200
asset,https://www.ochodnica.sk/img/galleries/1010/small/6a56216b29f33.jpg,assets/migrated/images/120b7cb09435_6a56216b29f33.jpg,112427,200
asset,https://www.ochodnica.sk/img/galleries/1010/big/6a56216b6aada.jpg,assets/migrated/images/220d2ab5fad4_6a56216b6aada.jpg,167192,200
asset,https://www.ochodnica.sk/img/galleries/1010/small/6a56216b6aada.jpg,assets/migrated/images/4a9a9b5a2268_6a56216b6aada.jpg,128310,200
asset,https://www.ochodnica.sk/img/galleries/1010/big/6a56216bb6dcc.jpg,assets/migrated/images/fe69bced36f8_6a56216bb6dcc.jpg,141583,200
asset,https://www.ochodnica.sk/img/galleries/1010/small/6a56216bb6dcc.jpg,assets/migrated/images/cfd823476f60_6a56216bb6dcc.jpg,120806,200
asset,https://www.ochodnica.sk/img/galleries/1010/big/6a56216c0fbe7.jpg,assets/migrated/images/8392fc161962_6a56216c0fbe7.jpg,174206,200
asset,https://www.ochodnica.sk/img/galleries/1010/small/6a56216c0fbe7.jpg,assets/migrated/images/8bd6ccdf69a2_6a56216c0fbe7.jpg,133074,200
asset,https://www.ochodnica.sk/img/galleries/1010/big/6a56216c60db2.jpg,assets/migrated/images/93769d55ddea_6a56216c60db2.jpg,128752,200
asset,https://www.ochodnica.sk/img/galleries/1010/small/6a56216c60db2.jpg,assets/migrated/images/e0248cc8ae32_6a56216c60db2.jpg,108543,200
asset,https://www.ochodnica.sk/img/galleries/1010/big/6a56216ca666c.jpg,assets/migrated/images/5ba21b72ad74_6a56216ca666c.jpg,129066,200
asset,https://www.ochodnica.sk/img/galleries/1010/small/6a56216ca666c.jpg,assets/migrated/images/91473d1ad4f7_6a56216ca666c.jpg,126015,200
asset,https://www.ochodnica.sk/img/galleries/1010/big/6a56216cea769.jpg,assets/migrated/images/65f291b7cae4_6a56216cea769.jpg,188113,200
asset,https://www.ochodnica.sk/img/galleries/1010/small/6a56216cea769.jpg,assets/migrated/images/d37a84cd7fa2_6a56216cea769.jpg,136853,200
asset,https://www.ochodnica.sk/img/galleries/1010/big/6a56216d37852.jpg,assets/migrated/images/5f0d57e2864f_6a56216d37852.jpg,132513,200
asset,https://www.ochodnica.sk/img/galleries/1010/small/6a56216d37852.jpg,assets/migrated/images/970abea7ca2d_6a56216d37852.jpg,119001,200
asset,https://www.ochodnica.sk/img/galleries/1010/big/6a56216d75ffd.jpg,assets/migrated/images/f730a5fdd3e3_6a56216d75ffd.jpg,89463,200
asset,https://www.ochodnica.sk/img/galleries/1010/small/6a56216d75ffd.jpg,assets/migrated/images/6763ea9e5ff2_6a56216d75ffd.jpg,118301,200
asset,https://www.ochodnica.sk/img/galleries/1010/big/6a56216dc32c1.jpg,assets/migrated/images/a538a86a8006_6a56216dc32c1.jpg,188182,200
asset,https://www.ochodnica.sk/img/galleries/1010/small/6a56216dc32c1.jpg,assets/migrated/images/8fb5b023aa4f_6a56216dc32c1.jpg,138020,200
asset,https://www.ochodnica.sk/img/galleries/1010/big/6a56216e1ba9a.jpg,assets/migrated/images/68051664ebf9_6a56216e1ba9a.jpg,246369,200
asset,https://www.ochodnica.sk/img/galleries/1010/small/6a56216e1ba9a.jpg,assets/migrated/images/4a2358f43292_6a56216e1ba9a.jpg,156653,200
asset,https://www.ochodnica.sk/img/galleries/1010/big/6a56216e6cc0c.jpg,assets/migrated/images/1fac3d384468_6a56216e6cc0c.jpg,157784,200
asset,https://www.ochodnica.sk/img/galleries/1010/small/6a56216e6cc0c.jpg,assets/migrated/images/88487f493219_6a56216e6cc0c.jpg,121409,200
asset,https://www.ochodnica.sk/img/galleries/1010/big/6a56216eab93e.jpg,assets/migrated/images/1b3c973d85dc_6a56216eab93e.jpg,129820,200
asset,https://www.ochodnica.sk/img/galleries/1010/small/6a56216eab93e.jpg,assets/migrated/images/6bd159d287ba_6a56216eab93e.jpg,123047,200
asset,https://www.ochodnica.sk/img/galleries/1010/big/6a56216eeccfe.jpg,assets/migrated/images/6e0933e3270e_6a56216eeccfe.jpg,108396,200
asset,https://www.ochodnica.sk/img/galleries/1010/small/6a56216eeccfe.jpg,assets/migrated/images/e2ad99818fdd_6a56216eeccfe.jpg,100704,200
asset,https://www.ochodnica.sk/img/galleries/1010/big/6a56216f38b1c.jpg,assets/migrated/images/ec90d0c7d2d1_6a56216f38b1c.jpg,137460,200
asset,https://www.ochodnica.sk/img/galleries/1010/small/6a56216f38b1c.jpg,assets/migrated/images/58b9e0597310_6a56216f38b1c.jpg,113340,200
asset,https://www.ochodnica.sk/img/galleries/1010/big/6a56216f767eb.jpg,assets/migrated/images/26e5f67622f6_6a56216f767eb.jpg,243145,200
asset,https://www.ochodnica.sk/img/galleries/1010/small/6a56216f767eb.jpg,assets/migrated/images/8e13502ae3ba_6a56216f767eb.jpg,155703,200
asset,https://www.ochodnica.sk/img/galleries/1010/big/6a56216fbdd5c.jpg,assets/migrated/images/16ecee1b74bc_6a56216fbdd5c.jpg,92403,200
asset,https://www.ochodnica.sk/img/galleries/1010/small/6a56216fbdd5c.jpg,assets/migrated/images/e987c1dd9675_6a56216fbdd5c.jpg,94594,200
asset,https://www.ochodnica.sk/img/galleries/1010/big/6a562170059cb.jpg,assets/migrated/images/c8f0200a9442_6a562170059cb.jpg,182751,200
asset,https://www.ochodnica.sk/img/galleries/1010/small/6a562170059cb.jpg,assets/migrated/images/2bdb156e9a9a_6a562170059cb.jpg,143945,200
asset,https://www.ochodnica.sk/img/galleries/1010/big/6a56217045ac2.jpg,assets/migrated/images/747cf7e2df0e_6a56217045ac2.jpg,169150,200
asset,https://www.ochodnica.sk/img/galleries/1010/small/6a56217045ac2.jpg,assets/migrated/images/e8fca0479572_6a56217045ac2.jpg,130369,200
asset,https://www.ochodnica.sk/img/galleries/1010/big/6a56217085722.jpg,assets/migrated/images/b793af4a765f_6a56217085722.jpg,147797,200
asset,https://www.ochodnica.sk/img/galleries/1010/small/6a56217085722.jpg,assets/migrated/images/9e84e414c8f5_6a56217085722.jpg,118243,200
asset,https://www.ochodnica.sk/img/galleries/1010/big/6a562170c4e0f.jpg,assets/migrated/images/8b4de87ebb06_6a562170c4e0f.jpg,199105,200
asset,https://www.ochodnica.sk/img/galleries/1010/small/6a562170c4e0f.jpg,assets/migrated/images/0fd6fa810aea_6a562170c4e0f.jpg,144899,200
asset,https://www.ochodnica.sk/img/galleries/1010/big/6a56217116045.jpg,assets/migrated/images/0db83f10160b_6a56217116045.jpg,166370,200
asset,https://www.ochodnica.sk/img/galleries/1010/small/6a56217116045.jpg,assets/migrated/images/40ce5eb62d05_6a56217116045.jpg,137313,200
asset,https://www.ochodnica.sk/img/galleries/1010/big/6a56217153202.jpg,assets/migrated/images/b85eb701e2e1_6a56217153202.jpg,87600,200
asset,https://www.ochodnica.sk/img/galleries/1010/small/6a56217153202.jpg,assets/migrated/images/ed19b7619b7a_6a56217153202.jpg,118573,200
asset,https://www.ochodnica.sk/img/galleries/1010/big/6a5621717faa1.jpg,assets/migrated/images/16b01d00e5d5_6a5621717faa1.jpg,67761,200
asset,https://www.ochodnica.sk/img/galleries/1010/small/6a5621717faa1.jpg,assets/migrated/images/79cbfae5dd09_6a5621717faa1.jpg,87700,200
page,https://www.ochodnica.sk/sk/galeria/memorial-miroslava-radolskeho-priniesol-do-ochodnice-futbal-spomienky-i-priatelske-stretnutia.html,sk/galeria/memorial-miroslava-radolskeho-priniesol-do-ochodnice-futbal-spomienky-i-priatelske-stretnutia.html,48419,200
asset,https://www.ochodnica.sk/img/galleries/1009/big/6a553b25c5c8c.jpg,assets/migrated/images/d3c57acb5c9c_6a553b25c5c8c.jpg,169208,200
asset,https://www.ochodnica.sk/img/galleries/1009/big/6a553b26192aa.jpg,assets/migrated/images/69e048f93b84_6a553b26192aa.jpg,151090,200
asset,https://www.ochodnica.sk/img/galleries/1009/small/6a553b26192aa.jpg,assets/migrated/images/9af51e9b2a63_6a553b26192aa.jpg,136439,200
asset,https://www.ochodnica.sk/img/galleries/1009/big/6a553b266276b.jpg,assets/migrated/images/68b498a893cc_6a553b266276b.jpg,139829,200
asset,https://www.ochodnica.sk/img/galleries/1009/small/6a553b266276b.jpg,assets/migrated/images/06cfc5f0e5e5_6a553b266276b.jpg,127106,200
asset,https://www.ochodnica.sk/img/galleries/1009/big/6a553b26a849c.jpg,assets/migrated/images/d60f71378e0f_6a553b26a849c.jpg,129783,200
asset,https://www.ochodnica.sk/img/galleries/1009/small/6a553b26a849c.jpg,assets/migrated/images/e4c113b7f6b0_6a553b26a849c.jpg,119709,200
asset,https://www.ochodnica.sk/img/galleries/1009/big/6a553b26edda7.jpg,assets/migrated/images/a64345434127_6a553b26edda7.jpg,62461,200
asset,https://www.ochodnica.sk/img/galleries/1009/small/6a553b26edda7.jpg,assets/migrated/images/b920db5a4c56_6a553b26edda7.jpg,76393,200
asset,https://www.ochodnica.sk/img/galleries/1009/big/6a553b273f725.jpg,assets/migrated/images/46f854d3162c_6a553b273f725.jpg,156923,200
asset,https://www.ochodnica.sk/img/galleries/1009/small/6a553b273f725.jpg,assets/migrated/images/2e6f7595eaa6_6a553b273f725.jpg,135563,200
asset,https://www.ochodnica.sk/img/galleries/1009/big/6a553b2782cf5.jpg,assets/migrated/images/d2e9417f0538_6a553b2782cf5.jpg,165964,200
asset,https://www.ochodnica.sk/img/galleries/1009/small/6a553b2782cf5.jpg,assets/migrated/images/858dd5c8d377_6a553b2782cf5.jpg,136111,200
asset,https://www.ochodnica.sk/img/galleries/1009/big/6a553b27c6a04.jpg,assets/migrated/images/6a17d590a032_6a553b27c6a04.jpg,76570,200
asset,https://www.ochodnica.sk/img/galleries/1009/small/6a553b27c6a04.jpg,assets/migrated/images/33528abc4a2c_6a553b27c6a04.jpg,87281,200
asset,https://www.ochodnica.sk/img/galleries/1009/big/6a553b281288e.jpg,assets/migrated/images/1b64630b5872_6a553b281288e.jpg,123707,200
asset,https://www.ochodnica.sk/img/galleries/1009/small/6a553b281288e.jpg,assets/migrated/images/3ea17a83f5c4_6a553b281288e.jpg,113361,200
asset,https://www.ochodnica.sk/img/galleries/1009/big/6a553b2855856.jpg,assets/migrated/images/74eb86772d64_6a553b2855856.jpg,128177,200
asset,https://www.ochodnica.sk/img/galleries/1009/small/6a553b2855856.jpg,assets/migrated/images/5154ea5ad683_6a553b2855856.jpg,116191,200
asset,https://www.ochodnica.sk/img/galleries/1009/big/6a553b289e636.jpg,assets/migrated/images/b10b0c0a77ce_6a553b289e636.jpg,167685,200
asset,https://www.ochodnica.sk/img/galleries/1009/small/6a553b289e636.jpg,assets/migrated/images/38b2f41d5d35_6a553b289e636.jpg,135990,200
asset,https://www.ochodnica.sk/img/galleries/1009/big/6a553b28e5150.jpg,assets/migrated/images/0434c73f0b96_6a553b28e5150.jpg,155863,200
asset,https://www.ochodnica.sk/img/galleries/1009/small/6a553b28e5150.jpg,assets/migrated/images/8c1982fbd8a4_6a553b28e5150.jpg,131728,200
asset,https://www.ochodnica.sk/img/galleries/1009/big/6a553b2938567.jpg,assets/migrated/images/72286c5083c8_6a553b2938567.jpg,78886,200
asset,https://www.ochodnica.sk/img/galleries/1009/small/6a553b2938567.jpg,assets/migrated/images/d35d3b470977_6a553b2938567.jpg,84383,200
asset,https://www.ochodnica.sk/img/galleries/1009/big/6a553b297a030.jpg,assets/migrated/images/692779ed9787_6a553b297a030.jpg,163928,200
asset,https://www.ochodnica.sk/img/galleries/1009/small/6a553b297a030.jpg,assets/migrated/images/05be7b21097a_6a553b297a030.jpg,120831,200
asset,https://www.ochodnica.sk/img/galleries/1009/big/6a553b29cb55f.jpg,assets/migrated/images/1de51de59117_6a553b29cb55f.jpg,153098,200
asset,https://www.ochodnica.sk/img/galleries/1009/small/6a553b29cb55f.jpg,assets/migrated/images/30454eb55ecc_6a553b29cb55f.jpg,136264,200
asset,https://www.ochodnica.sk/img/galleries/1009/big/6a553b2a2a6cc.jpg,assets/migrated/images/3ffc44705b4d_6a553b2a2a6cc.jpg,136484,200
asset,https://www.ochodnica.sk/img/galleries/1009/small/6a553b2a2a6cc.jpg,assets/migrated/images/ac29815e344e_6a553b2a2a6cc.jpg,123246,200
asset,https://www.ochodnica.sk/img/galleries/1009/big/6a553b2a78e12.jpg,assets/migrated/images/7f568c1b4425_6a553b2a78e12.jpg,121480,200
asset,https://www.ochodnica.sk/img/galleries/1009/small/6a553b2a78e12.jpg,assets/migrated/images/fb5bd5ed47ac_6a553b2a78e12.jpg,110707,200
asset,https://www.ochodnica.sk/img/galleries/1009/big/6a553b2ac3ee6.jpg,assets/migrated/images/1561b1eea6d2_6a553b2ac3ee6.jpg,131658,200
asset,https://www.ochodnica.sk/img/galleries/1009/small/6a553b2ac3ee6.jpg,assets/migrated/images/ce38d40ea043_6a553b2ac3ee6.jpg,120637,200
asset,https://www.ochodnica.sk/img/galleries/1009/big/6a553b2b135fd.jpg,assets/migrated/images/fd4ab1ec6068_6a553b2b135fd.jpg,194645,200
asset,https://www.ochodnica.sk/img/galleries/1009/small/6a553b2b135fd.jpg,assets/migrated/images/284094090638_6a553b2b135fd.jpg,151942,200
asset,https://www.ochodnica.sk/img/galleries/1009/big/6a553b2b5ab12.jpg,assets/migrated/images/9d004bd7cdb9_6a553b2b5ab12.jpg,82753,200
asset,https://www.ochodnica.sk/img/galleries/1009/small/6a553b2b5ab12.jpg,assets/migrated/images/f7a19664d093_6a553b2b5ab12.jpg,89373,200
asset,https://www.ochodnica.sk/img/galleries/1009/big/6a553b2b9c309.jpg,assets/migrated/images/75abe567bd78_6a553b2b9c309.jpg,143441,200
asset,https://www.ochodnica.sk/img/galleries/1009/small/6a553b2b9c309.jpg,assets/migrated/images/b1d1b99a097b_6a553b2b9c309.jpg,127469,200
asset,https://www.ochodnica.sk/img/galleries/1009/big/6a553b2be0b8f.jpg,assets/migrated/images/96ba1ef33611_6a553b2be0b8f.jpg,221017,200
asset,https://www.ochodnica.sk/img/galleries/1009/small/6a553b2be0b8f.jpg,assets/migrated/images/ffa5c3003b47_6a553b2be0b8f.jpg,154674,200
asset,https://www.ochodnica.sk/img/galleries/1009/big/6a553b2c368a5.jpg,assets/migrated/images/a418272214b5_6a553b2c368a5.jpg,162654,200
asset,https://www.ochodnica.sk/img/galleries/1009/small/6a553b2c368a5.jpg,assets/migrated/images/3cd8f3fbb6ff_6a553b2c368a5.jpg,124043,200
asset,https://www.ochodnica.sk/img/galleries/1009/big/6a553b2c862b5.jpg,assets/migrated/images/6fce7a73a977_6a553b2c862b5.jpg,76469,200
asset,https://www.ochodnica.sk/img/galleries/1009/small/6a553b2c862b5.jpg,assets/migrated/images/dd9f02fadb7e_6a553b2c862b5.jpg,80451,200
asset,https://www.ochodnica.sk/img/galleries/1009/big/6a553b2cc6f16.jpg,assets/migrated/images/df8ea0c97c5f_6a553b2cc6f16.jpg,167442,200
asset,https://www.ochodnica.sk/img/galleries/1009/small/6a553b2cc6f16.jpg,assets/migrated/images/59bc0740c021_6a553b2cc6f16.jpg,133390,200
asset,https://www.ochodnica.sk/img/galleries/1009/big/6a553b2d17a06.jpg,assets/migrated/images/982ab055f06d_6a553b2d17a06.jpg,191514,200
asset,https://www.ochodnica.sk/img/galleries/1009/small/6a553b2d17a06.jpg,assets/migrated/images/98ebd479fa95_6a553b2d17a06.jpg,147225,200
asset,https://www.ochodnica.sk/img/galleries/1009/big/6a553b2d62a3e.jpg,assets/migrated/images/7aa24bea74e3_6a553b2d62a3e.jpg,191437,200
asset,https://www.ochodnica.sk/img/galleries/1009/small/6a553b2d62a3e.jpg,assets/migrated/images/d8640b4df659_6a553b2d62a3e.jpg,144608,200
asset,https://www.ochodnica.sk/img/galleries/1009/big/6a553b2da74cc.jpg,assets/migrated/images/cc07c69afa3e_6a553b2da74cc.jpg,160159,200
asset,https://www.ochodnica.sk/img/galleries/1009/small/6a553b2da74cc.jpg,assets/migrated/images/408ef5945515_6a553b2da74cc.jpg,120275,200
asset,https://www.ochodnica.sk/img/galleries/1009/big/6a553b2dea743.jpg,assets/migrated/images/75a5d5e109b7_6a553b2dea743.jpg,155071,200
asset,https://www.ochodnica.sk/img/galleries/1009/small/6a553b2dea743.jpg,assets/migrated/images/b92b7afcb165_6a553b2dea743.jpg,131581,200
asset,https://www.ochodnica.sk/img/galleries/1009/big/6a553b2e3aec6.jpg,assets/migrated/images/fdbf3a3ccd96_6a553b2e3aec6.jpg,95554,200
asset,https://www.ochodnica.sk/img/galleries/1009/small/6a553b2e3aec6.jpg,assets/migrated/images/1767b15c1769_6a553b2e3aec6.jpg,101674,200
asset,https://www.ochodnica.sk/img/galleries/1009/big/6a553b2e7cac5.jpg,assets/migrated/images/11e6c5553d74_6a553b2e7cac5.jpg,75094,200
asset,https://www.ochodnica.sk/img/galleries/1009/small/6a553b2e7cac5.jpg,assets/migrated/images/7d037709863e_6a553b2e7cac5.jpg,79569,200
asset,https://www.ochodnica.sk/img/galleries/1009/big/6a553b2ebed8f.jpg,assets/migrated/images/069f12004577_6a553b2ebed8f.jpg,80047,200
asset,https://www.ochodnica.sk/img/galleries/1009/small/6a553b2ebed8f.jpg,assets/migrated/images/0525b17fff49_6a553b2ebed8f.jpg,91849,200
asset,https://www.ochodnica.sk/img/galleries/1009/big/6a553b2f0ba17.jpg,assets/migrated/images/098f25bfb210_6a553b2f0ba17.jpg,158242,200
asset,https://www.ochodnica.sk/img/galleries/1009/small/6a553b2f0ba17.jpg,assets/migrated/images/6a581b8c6476_6a553b2f0ba17.jpg,136198,200
asset,https://www.ochodnica.sk/img/galleries/1009/big/6a553b2f56564.jpg,assets/migrated/images/3c766b602204_6a553b2f56564.jpg,112677,200
asset,https://www.ochodnica.sk/img/galleries/1009/small/6a553b2f56564.jpg,assets/migrated/images/f00892376363_6a553b2f56564.jpg,111686,200
asset,https://www.ochodnica.sk/img/galleries/1009/big/6a553b2fa3376.jpg,assets/migrated/images/fa483887071b_6a553b2fa3376.jpg,189126,200
asset,https://www.ochodnica.sk/img/galleries/1009/small/6a553b2fa3376.jpg,assets/migrated/images/7a25ceca5c63_6a553b2fa3376.jpg,136240,200
asset,https://www.ochodnica.sk/img/galleries/1009/big/6a553b2ff1559.jpg,assets/migrated/images/0645692773e9_6a553b2ff1559.jpg,190917,200
asset,https://www.ochodnica.sk/img/galleries/1009/small/6a553b2ff1559.jpg,assets/migrated/images/cde175b2d0db_6a553b2ff1559.jpg,142619,200
asset,https://www.ochodnica.sk/img/galleries/1009/big/6a553b30521e6.jpg,assets/migrated/images/914309cd8d0a_6a553b30521e6.jpg,167874,200
asset,https://www.ochodnica.sk/img/galleries/1009/small/6a553b30521e6.jpg,assets/migrated/images/e18a8610b428_6a553b30521e6.jpg,132881,200
asset,https://www.ochodnica.sk/img/galleries/1009/big/6a553b309af60.jpg,assets/migrated/images/cf476e5435ba_6a553b309af60.jpg,113615,200
asset,https://www.ochodnica.sk/img/galleries/1009/small/6a553b309af60.jpg,assets/migrated/images/d8dacfc362f5_6a553b309af60.jpg,107246,200
asset,https://www.ochodnica.sk/img/galleries/1009/big/6a553b30deef5.jpg,assets/migrated/images/76724d7dcb80_6a553b30deef5.jpg,141632,200
asset,https://www.ochodnica.sk/img/galleries/1009/small/6a553b30deef5.jpg,assets/migrated/images/fdb571516e45_6a553b30deef5.jpg,126840,200
asset,https://www.ochodnica.sk/img/galleries/1009/big/6a553b313080f.jpg,assets/migrated/images/c4fead18c584_6a553b313080f.jpg,104927,200
asset,https://www.ochodnica.sk/img/galleries/1009/small/6a553b313080f.jpg,assets/migrated/images/4503e5082ae2_6a553b313080f.jpg,106676,200
asset,https://www.ochodnica.sk/img/galleries/1009/big/6a553b317362f.jpg,assets/migrated/images/21db8875e316_6a553b317362f.jpg,165867,200
asset,https://www.ochodnica.sk/img/galleries/1009/small/6a553b317362f.jpg,assets/migrated/images/2b848b30b299_6a553b317362f.jpg,125858,200
asset,https://www.ochodnica.sk/img/galleries/1009/big/6a553b31badf1.jpg,assets/migrated/images/42bc4171aaa5_6a553b31badf1.jpg,159635,200
asset,https://www.ochodnica.sk/img/galleries/1009/small/6a553b31badf1.jpg,assets/migrated/images/c76e912d1dbb_6a553b31badf1.jpg,142574,200
asset,https://www.ochodnica.sk/img/galleries/1009/big/6a553b320ccbb.jpg,assets/migrated/images/d0442227a928_6a553b320ccbb.jpg,138726,200
asset,https://www.ochodnica.sk/img/galleries/1009/small/6a553b320ccbb.jpg,assets/migrated/images/23c511026feb_6a553b320ccbb.jpg,134460,200
asset,https://www.ochodnica.sk/img/galleries/1009/big/6a553b3252fad.jpg,assets/migrated/images/0b024521e107_6a553b3252fad.jpg,179599,200
asset,https://www.ochodnica.sk/img/galleries/1009/small/6a553b3252fad.jpg,assets/migrated/images/f2f423e4f2a0_6a553b3252fad.jpg,140575,200
asset,https://www.ochodnica.sk/img/galleries/1009/big/6a553b329ac65.jpg,assets/migrated/images/3da48ba300c0_6a553b329ac65.jpg,153384,200
asset,https://www.ochodnica.sk/img/galleries/1009/small/6a553b329ac65.jpg,assets/migrated/images/0681f7eff953_6a553b329ac65.jpg,136907,200
asset,https://www.ochodnica.sk/img/galleries/1009/big/6a553b32e0cd9.jpg,assets/migrated/images/93714e0dc712_6a553b32e0cd9.jpg,93467,200
asset,https://www.ochodnica.sk/img/galleries/1009/small/6a553b32e0cd9.jpg,assets/migrated/images/033a392b1ff5_6a553b32e0cd9.jpg,101476,200
asset,https://www.ochodnica.sk/img/galleries/1009/big/6a553b332e94b.jpg,assets/migrated/images/63caea4505d0_6a553b332e94b.jpg,184546,200
asset,https://www.ochodnica.sk/img/galleries/1009/small/6a553b332e94b.jpg,assets/migrated/images/4d990737751b_6a553b332e94b.jpg,126114,200
asset,https://www.ochodnica.sk/img/galleries/1009/big/6a553b3376a02.jpg,assets/migrated/images/1b202be38b7e_6a553b3376a02.jpg,162198,200
asset,https://www.ochodnica.sk/img/galleries/1009/small/6a553b3376a02.jpg,assets/migrated/images/2e9e5ec1eca2_6a553b3376a02.jpg,132690,200
asset,https://www.ochodnica.sk/img/galleries/1009/big/6a553b33bc07c.jpg,assets/migrated/images/ab395a8c888c_6a553b33bc07c.jpg,191551,200
asset,https://www.ochodnica.sk/img/galleries/1009/small/6a553b33bc07c.jpg,assets/migrated/images/0e022a04ac5f_6a553b33bc07c.jpg,160722,200
asset,https://www.ochodnica.sk/img/galleries/1009/big/6a553b3411e42.jpg,assets/migrated/images/d818f622fe18_6a553b3411e42.jpg,159517,200
asset,https://www.ochodnica.sk/img/galleries/1009/small/6a553b3411e42.jpg,assets/migrated/images/743431194782_6a553b3411e42.jpg,129573,200
asset,https://www.ochodnica.sk/img/galleries/1009/big/6a553b3465383.jpg,assets/migrated/images/a1a8d80105a0_6a553b3465383.jpg,90769,200
asset,https://www.ochodnica.sk/img/galleries/1009/small/6a553b3465383.jpg,assets/migrated/images/80f0036eaf39_6a553b3465383.jpg,93771,200
asset,https://www.ochodnica.sk/img/galleries/1009/big/6a553b34ab91e.jpg,assets/migrated/images/63c3ea1b1241_6a553b34ab91e.jpg,170169,200
asset,https://www.ochodnica.sk/img/galleries/1009/small/6a553b34ab91e.jpg,assets/migrated/images/eddb4480aa0c_6a553b34ab91e.jpg,136770,200
asset,https://www.ochodnica.sk/img/galleries/1009/big/6a553b350116c.jpg,assets/migrated/images/ca555209f8f3_6a553b350116c.jpg,185518,200
asset,https://www.ochodnica.sk/img/galleries/1009/small/6a553b350116c.jpg,assets/migrated/images/03c435cc6b7b_6a553b350116c.jpg,137982,200
asset,https://www.ochodnica.sk/img/galleries/1009/big/6a553b3549b9e.jpg,assets/migrated/images/87ac9e4cbe4d_6a553b3549b9e.jpg,124329,200
asset,https://www.ochodnica.sk/img/galleries/1009/small/6a553b3549b9e.jpg,assets/migrated/images/75be3a946bbf_6a553b3549b9e.jpg,119661,200
asset,https://www.ochodnica.sk/img/galleries/1009/big/6a553b3596432.jpg,assets/migrated/images/7bb67795d8ab_6a553b3596432.jpg,180156,200
asset,https://www.ochodnica.sk/img/galleries/1009/small/6a553b3596432.jpg,assets/migrated/images/b217f091ab62_6a553b3596432.jpg,125041,200
asset,https://www.ochodnica.sk/img/galleries/1009/big/6a553b35df93c.jpg,assets/migrated/images/8481434d5e62_6a553b35df93c.jpg,101739,200
asset,https://www.ochodnica.sk/img/galleries/1009/small/6a553b35df93c.jpg,assets/migrated/images/74827fa1ea53_6a553b35df93c.jpg,109706,200
asset,https://www.ochodnica.sk/img/galleries/1009/big/6a553b36307f0.jpg,assets/migrated/images/7be0d9d077a0_6a553b36307f0.jpg,128909,200
asset,https://www.ochodnica.sk/img/galleries/1009/small/6a553b36307f0.jpg,assets/migrated/images/2139e8480cfb_6a553b36307f0.jpg,117169,200
asset,https://www.ochodnica.sk/img/galleries/1009/big/6a553b367e3e5.jpg,assets/migrated/images/519d574999c7_6a553b367e3e5.jpg,203842,200
asset,https://www.ochodnica.sk/img/galleries/1009/small/6a553b367e3e5.jpg,assets/migrated/images/0321ea7740fb_6a553b367e3e5.jpg,150093,200
asset,https://www.ochodnica.sk/img/galleries/1009/big/6a553b36c8404.jpg,assets/migrated/images/79d49577a21e_6a553b36c8404.jpg,202217,200
asset,https://www.ochodnica.sk/img/galleries/1009/small/6a553b36c8404.jpg,assets/migrated/images/11123ef18658_6a553b36c8404.jpg,157014,200
asset,https://www.ochodnica.sk/img/galleries/1009/big/6a553b371f1c0.jpg,assets/migrated/images/9c6ff8c147b5_6a553b371f1c0.jpg,55478,200
asset,https://www.ochodnica.sk/img/galleries/1009/small/6a553b371f1c0.jpg,assets/migrated/images/c786a8b31cb2_6a553b371f1c0.jpg,92983,200
page,https://www.ochodnica.sk/sk/galeria/folklorny-festival-spojil-tradicie-hudbu-a-oslavy-430-vyrocia-obce.html,sk/galeria/folklorny-festival-spojil-tradicie-hudbu-a-oslavy-430-vyrocia-obce.html,57246,200
asset,https://www.ochodnica.sk/img/galleries/993/big/6a301ec938934.jpg,assets/migrated/images/39b5cbe20f68_6a301ec938934.jpg,262539,200
asset,https://www.ochodnica.sk/img/galleries/993/big/6a301ec9a1000.jpg,assets/migrated/images/75763c45b5f1_6a301ec9a1000.jpg,274411,200
asset,https://www.ochodnica.sk/img/galleries/993/small/6a301ec9a1000.jpg,assets/migrated/images/11cd1b6dac3f_6a301ec9a1000.jpg,159938,200
asset,https://www.ochodnica.sk/img/galleries/993/big/6a301eca06481.jpg,assets/migrated/images/fddbe83ab4b2_6a301eca06481.jpg,141559,200
asset,https://www.ochodnica.sk/img/galleries/993/small/6a301eca06481.jpg,assets/migrated/images/09299663cbd8_6a301eca06481.jpg,147849,200
asset,https://www.ochodnica.sk/img/galleries/993/big/6a301eca4fba6.jpg,assets/migrated/images/39b65cdd2577_6a301eca4fba6.jpg,243374,200
asset,https://www.ochodnica.sk/img/galleries/993/small/6a301eca4fba6.jpg,assets/migrated/images/1c459c8d5a1e_6a301eca4fba6.jpg,137028,200
asset,https://www.ochodnica.sk/img/galleries/993/big/6a301ecaacaf2.jpg,assets/migrated/images/29a780f99794_6a301ecaacaf2.jpg,144067,200
asset,https://www.ochodnica.sk/img/galleries/993/small/6a301ecaacaf2.jpg,assets/migrated/images/528b06338acb_6a301ecaacaf2.jpg,142680,200
asset,https://www.ochodnica.sk/img/galleries/993/big/6a301ecaf0171.jpg,assets/migrated/images/9b4ba5c74b00_6a301ecaf0171.jpg,157606,200
asset,https://www.ochodnica.sk/img/galleries/993/small/6a301ecaf0171.jpg,assets/migrated/images/a75e6a2a33f3_6a301ecaf0171.jpg,145699,200
asset,https://www.ochodnica.sk/img/galleries/993/big/6a301ecb43e03.jpg,assets/migrated/images/8f4ae2cc3c4b_6a301ecb43e03.jpg,174851,200
asset,https://www.ochodnica.sk/img/galleries/993/small/6a301ecb43e03.jpg,assets/migrated/images/5abdb497acd9_6a301ecb43e03.jpg,152912,200
asset,https://www.ochodnica.sk/img/galleries/993/big/6a301ecb883bc.jpg,assets/migrated/images/3738803dcdf2_6a301ecb883bc.jpg,275528,200
asset,https://www.ochodnica.sk/img/galleries/993/small/6a301ecb883bc.jpg,assets/migrated/images/472dff63b430_6a301ecb883bc.jpg,164182,200
asset,https://www.ochodnica.sk/img/galleries/993/big/6a301ecbdb47a.jpg,assets/migrated/images/13ddd3ecfc04_6a301ecbdb47a.jpg,139136,200
asset,https://www.ochodnica.sk/img/galleries/993/small/6a301ecbdb47a.jpg,assets/migrated/images/6f8045cac316_6a301ecbdb47a.jpg,129817,200
asset,https://www.ochodnica.sk/img/galleries/993/big/6a301ecc2b121.jpg,assets/migrated/images/f722f56d5e3d_6a301ecc2b121.jpg,232287,200
asset,https://www.ochodnica.sk/img/galleries/993/small/6a301ecc2b121.jpg,assets/migrated/images/445e04ff4f4b_6a301ecc2b121.jpg,153311,200
asset,https://www.ochodnica.sk/img/galleries/993/big/6a301ecc77fb4.jpg,assets/migrated/images/481c52584044_6a301ecc77fb4.jpg,195995,200
asset,https://www.ochodnica.sk/img/galleries/993/small/6a301ecc77fb4.jpg,assets/migrated/images/8aac95e909c0_6a301ecc77fb4.jpg,160722,200
asset,https://www.ochodnica.sk/img/galleries/993/big/6a301eccbf984.jpg,assets/migrated/images/2083a8096f69_6a301eccbf984.jpg,244580,200
asset,https://www.ochodnica.sk/img/galleries/993/small/6a301eccbf984.jpg,assets/migrated/images/6e88c17f5258_6a301eccbf984.jpg,174806,200
asset,https://www.ochodnica.sk/img/galleries/993/big/6a301ecd18d61.jpg,assets/migrated/images/fc2f62eb0f60_6a301ecd18d61.jpg,287629,200
asset,https://www.ochodnica.sk/img/galleries/993/small/6a301ecd18d61.jpg,assets/migrated/images/55f82ac9fb03_6a301ecd18d61.jpg,158729,200
asset,https://www.ochodnica.sk/img/galleries/993/big/6a301ecd6a4f2.jpg,assets/migrated/images/4eb7c43b436d_6a301ecd6a4f2.jpg,175227,200
asset,https://www.ochodnica.sk/img/galleries/993/small/6a301ecd6a4f2.jpg,assets/migrated/images/778493565c2a_6a301ecd6a4f2.jpg,153610,200
asset,https://www.ochodnica.sk/img/galleries/993/big/6a301ecdaf1f7.jpg,assets/migrated/images/e2ebce14417f_6a301ecdaf1f7.jpg,285481,200
asset,https://www.ochodnica.sk/img/galleries/993/small/6a301ecdaf1f7.jpg,assets/migrated/images/26236eac8dd9_6a301ecdaf1f7.jpg,157340,200
asset,https://www.ochodnica.sk/img/galleries/993/big/6a301ece0a318.jpg,assets/migrated/images/e5a5458dd46a_6a301ece0a318.jpg,234443,200
asset,https://www.ochodnica.sk/img/galleries/993/small/6a301ece0a318.jpg,assets/migrated/images/596ef4f2ffd0_6a301ece0a318.jpg,149598,200
asset,https://www.ochodnica.sk/img/galleries/993/big/6a301ece5a1a5.jpg,assets/migrated/images/dc1d6ad805c8_6a301ece5a1a5.jpg,108720,200
asset,https://www.ochodnica.sk/img/galleries/993/small/6a301ece5a1a5.jpg,assets/migrated/images/73df64020004_6a301ece5a1a5.jpg,124119,200
asset,https://www.ochodnica.sk/img/galleries/993/big/6a301ece90bac.jpg,assets/migrated/images/42e5a248db72_6a301ece90bac.jpg,168322,200
asset,https://www.ochodnica.sk/img/galleries/993/small/6a301ece90bac.jpg,assets/migrated/images/ac81d67cacf9_6a301ece90bac.jpg,156182,200
asset,https://www.ochodnica.sk/img/galleries/993/big/6a301eced2d03.jpg,assets/migrated/images/80f04c54ae1b_6a301eced2d03.jpg,181364,200
asset,https://www.ochodnica.sk/img/galleries/993/small/6a301eced2d03.jpg,assets/migrated/images/d8dcde724dd4_6a301eced2d03.jpg,158638,200
asset,https://www.ochodnica.sk/img/galleries/993/big/6a301ecf24bc5.jpg,assets/migrated/images/54870075625b_6a301ecf24bc5.jpg,120612,200
asset,https://www.ochodnica.sk/img/galleries/993/small/6a301ecf24bc5.jpg,assets/migrated/images/1bc4f269faec_6a301ecf24bc5.jpg,138716,200
asset,https://www.ochodnica.sk/img/galleries/993/big/6a301ecf62b86.jpg,assets/migrated/images/3b4bdfaa04b7_6a301ecf62b86.jpg,186331,200
asset,https://www.ochodnica.sk/img/galleries/993/small/6a301ecf62b86.jpg,assets/migrated/images/bcb0125997a1_6a301ecf62b86.jpg,148938,200
asset,https://www.ochodnica.sk/img/galleries/993/big/6a301ecfb0b86.jpg,assets/migrated/images/d892693cd7d6_6a301ecfb0b86.jpg,127455,200
asset,https://www.ochodnica.sk/img/galleries/993/small/6a301ecfb0b86.jpg,assets/migrated/images/a94b2f6187d8_6a301ecfb0b86.jpg,128668,200
asset,https://www.ochodnica.sk/img/galleries/993/big/6a301ecfefa1c.jpg,assets/migrated/images/c0739a407a89_6a301ecfefa1c.jpg,206861,200
asset,https://www.ochodnica.sk/img/galleries/993/small/6a301ecfefa1c.jpg,assets/migrated/images/f8bdbcbf72fd_6a301ecfefa1c.jpg,154615,200
asset,https://www.ochodnica.sk/img/galleries/993/big/6a301ed04e3c4.jpg,assets/migrated/images/7a9986c75408_6a301ed04e3c4.jpg,142587,200
asset,https://www.ochodnica.sk/img/galleries/993/small/6a301ed04e3c4.jpg,assets/migrated/images/88441b740346_6a301ed04e3c4.jpg,114081,200
asset,https://www.ochodnica.sk/img/galleries/993/big/6a301ed09777b.jpg,assets/migrated/images/5dfcc887d359_6a301ed09777b.jpg,267614,200
asset,https://www.ochodnica.sk/img/galleries/993/small/6a301ed09777b.jpg,assets/migrated/images/5988e974e769_6a301ed09777b.jpg,158095,200
asset,https://www.ochodnica.sk/img/galleries/993/big/6a301ed0e44d8.jpg,assets/migrated/images/f61f2fb7d251_6a301ed0e44d8.jpg,171691,200
asset,https://www.ochodnica.sk/img/galleries/993/small/6a301ed0e44d8.jpg,assets/migrated/images/1670d835326e_6a301ed0e44d8.jpg,157676,200
asset,https://www.ochodnica.sk/img/galleries/993/big/6a301ed134824.jpg,assets/migrated/images/68ab795cb22a_6a301ed134824.jpg,143616,200
asset,https://www.ochodnica.sk/img/galleries/993/small/6a301ed134824.jpg,assets/migrated/images/365ffe4ad926_6a301ed134824.jpg,138657,200
asset,https://www.ochodnica.sk/img/galleries/993/big/6a301ed16f240.jpg,assets/migrated/images/bc64269dc3f1_6a301ed16f240.jpg,193568,200
asset,https://www.ochodnica.sk/img/galleries/993/small/6a301ed16f240.jpg,assets/migrated/images/fc290d113745_6a301ed16f240.jpg,168546,200
asset,https://www.ochodnica.sk/img/galleries/993/big/6a301ed1b8b57.jpg,assets/migrated/images/0f0bf1982ff2_6a301ed1b8b57.jpg,310393,200
asset,https://www.ochodnica.sk/img/galleries/993/small/6a301ed1b8b57.jpg,assets/migrated/images/6de95961d932_6a301ed1b8b57.jpg,158209,200
asset,https://www.ochodnica.sk/img/galleries/993/big/6a301ed228a70.jpg,assets/migrated/images/f4ebf87062ed_6a301ed228a70.jpg,155038,200
asset,https://www.ochodnica.sk/img/galleries/993/small/6a301ed228a70.jpg,assets/migrated/images/d66edf761414_6a301ed228a70.jpg,149923,200
asset,https://www.ochodnica.sk/img/galleries/993/big/6a301ed27157a.jpg,assets/migrated/images/57b848589478_6a301ed27157a.jpg,200427,200
asset,https://www.ochodnica.sk/img/galleries/993/small/6a301ed27157a.jpg,assets/migrated/images/7c68bf42d02d_6a301ed27157a.jpg,140085,200
asset,https://www.ochodnica.sk/img/galleries/993/big/6a301ed2c32df.jpg,assets/migrated/images/a43a895cfac7_6a301ed2c32df.jpg,272668,200
asset,https://www.ochodnica.sk/img/galleries/993/small/6a301ed2c32df.jpg,assets/migrated/images/d34836b2a2d8_6a301ed2c32df.jpg,157970,200
asset,https://www.ochodnica.sk/img/galleries/993/big/6a301ed31e419.jpg,assets/migrated/images/3308123666b5_6a301ed31e419.jpg,219886,200
asset,https://www.ochodnica.sk/img/galleries/993/small/6a301ed31e419.jpg,assets/migrated/images/fb288d8bb628_6a301ed31e419.jpg,143783,200
asset,https://www.ochodnica.sk/img/galleries/993/big/6a301ed370271.jpg,assets/migrated/images/a1700f0fc190_6a301ed370271.jpg,272913,200
asset,https://www.ochodnica.sk/img/galleries/993/small/6a301ed370271.jpg,assets/migrated/images/7566a3b41dbb_6a301ed370271.jpg,146371,200
asset,https://www.ochodnica.sk/img/galleries/993/big/6a301ed3bea1f.jpg,assets/migrated/images/281f3aa5e2e8_6a301ed3bea1f.jpg,105434,200
asset,https://www.ochodnica.sk/img/galleries/993/small/6a301ed3bea1f.jpg,assets/migrated/images/d9e49be7e2df_6a301ed3bea1f.jpg,135067,200
asset,https://www.ochodnica.sk/img/galleries/993/big/6a301ed40349e.jpg,assets/migrated/images/61f782d4e0b6_6a301ed40349e.jpg,182636,200
asset,https://www.ochodnica.sk/img/galleries/993/small/6a301ed40349e.jpg,assets/migrated/images/a2752e2c7bfe_6a301ed40349e.jpg,159720,200
asset,https://www.ochodnica.sk/img/galleries/993/big/6a301ed4483bf.jpg,assets/migrated/images/d419221dac2b_6a301ed4483bf.jpg,173431,200
asset,https://www.ochodnica.sk/img/galleries/993/small/6a301ed4483bf.jpg,assets/migrated/images/1a250775301c_6a301ed4483bf.jpg,148040,200
asset,https://www.ochodnica.sk/img/galleries/993/big/6a301ed48c335.jpg,assets/migrated/images/7848748dd0b7_6a301ed48c335.jpg,238062,200
asset,https://www.ochodnica.sk/img/galleries/993/small/6a301ed48c335.jpg,assets/migrated/images/07ca5a6e1cb8_6a301ed48c335.jpg,151779,200
asset,https://www.ochodnica.sk/img/galleries/993/big/6a301ed4d8b5b.jpg,assets/migrated/images/9674525e7750_6a301ed4d8b5b.jpg,161894,200
asset,https://www.ochodnica.sk/img/galleries/993/small/6a301ed4d8b5b.jpg,assets/migrated/images/5d84f3543e8a_6a301ed4d8b5b.jpg,158298,200
asset,https://www.ochodnica.sk/img/galleries/993/big/6a301ed528ab5.jpg,assets/migrated/images/38a9dfefb1d9_6a301ed528ab5.jpg,225799,200
asset,https://www.ochodnica.sk/img/galleries/993/small/6a301ed528ab5.jpg,assets/migrated/images/d5968a201365_6a301ed528ab5.jpg,139678,200
asset,https://www.ochodnica.sk/img/galleries/993/big/6a301ed571d90.jpg,assets/migrated/images/545e9f5609da_6a301ed571d90.jpg,130588,200
asset,https://www.ochodnica.sk/img/galleries/993/small/6a301ed571d90.jpg,assets/migrated/images/1f741982e952_6a301ed571d90.jpg,148185,200
asset,https://www.ochodnica.sk/img/galleries/993/big/6a301ed5aeb80.jpg,assets/migrated/images/3b0c0d19d954_6a301ed5aeb80.jpg,142428,200
asset,https://www.ochodnica.sk/img/galleries/993/small/6a301ed5aeb80.jpg,assets/migrated/images/072b7a9f324a_6a301ed5aeb80.jpg,141111,200
asset,https://www.ochodnica.sk/img/galleries/993/big/6a301ed5f3040.jpg,assets/migrated/images/870f36ccfa39_6a301ed5f3040.jpg,119200,200
asset,https://www.ochodnica.sk/img/galleries/993/small/6a301ed5f3040.jpg,assets/migrated/images/dd70d12dc897_6a301ed5f3040.jpg,137415,200
asset,https://www.ochodnica.sk/img/galleries/993/big/6a301ed62d315.jpg,assets/migrated/images/591ccfb74c1d_6a301ed62d315.jpg,313899,200
asset,https://www.ochodnica.sk/img/galleries/993/small/6a301ed62d315.jpg,assets/migrated/images/7b767ce84665_6a301ed62d315.jpg,170997,200
asset,https://www.ochodnica.sk/img/galleries/993/big/6a301ed6830f0.jpg,assets/migrated/images/f9748c19286d_6a301ed6830f0.jpg,175576,200
asset,https://www.ochodnica.sk/img/galleries/993/small/6a301ed6830f0.jpg,assets/migrated/images/3c6f6d2567c9_6a301ed6830f0.jpg,159461,200
asset,https://www.ochodnica.sk/img/galleries/993/big/6a301ed6cb15d.jpg,assets/migrated/images/ee096db036e8_6a301ed6cb15d.jpg,89427,200
asset,https://www.ochodnica.sk/img/galleries/993/small/6a301ed6cb15d.jpg,assets/migrated/images/8a949875bf3a_6a301ed6cb15d.jpg,123608,200
asset,https://www.ochodnica.sk/img/galleries/993/big/6a301ed70e75f.jpg,assets/migrated/images/247e6c7ba8c7_6a301ed70e75f.jpg,118319,200
asset,https://www.ochodnica.sk/img/galleries/993/small/6a301ed70e75f.jpg,assets/migrated/images/591c41f34fde_6a301ed70e75f.jpg,131212,200
asset,https://www.ochodnica.sk/img/galleries/993/big/6a301ed749c9d.jpg,assets/migrated/images/c2c970074d59_6a301ed749c9d.jpg,308824,200
asset,https://www.ochodnica.sk/img/galleries/993/small/6a301ed749c9d.jpg,assets/migrated/images/e43b9d5b75e2_6a301ed749c9d.jpg,164353,200
asset,https://www.ochodnica.sk/img/galleries/993/big/6a301ed79b7c0.jpg,assets/migrated/images/0911f38bc68c_6a301ed79b7c0.jpg,312553,200
asset,https://www.ochodnica.sk/img/galleries/993/small/6a301ed79b7c0.jpg,assets/migrated/images/31388616b53a_6a301ed79b7c0.jpg,133094,200
asset,https://www.ochodnica.sk/img/galleries/993/big/6a301ed7dcd72.jpg,assets/migrated/images/a7d714dbdd8a_6a301ed7dcd72.jpg,144508,200
asset,https://www.ochodnica.sk/img/galleries/993/small/6a301ed7dcd72.jpg,assets/migrated/images/8501fa4d6413_6a301ed7dcd72.jpg,151087,200
asset,https://www.ochodnica.sk/img/galleries/993/big/6a301ed828982.jpg,assets/migrated/images/3afd31f162eb_6a301ed828982.jpg,271045,200
asset,https://www.ochodnica.sk/img/galleries/993/small/6a301ed828982.jpg,assets/migrated/images/a4e0435937a7_6a301ed828982.jpg,162604,200
asset,https://www.ochodnica.sk/img/galleries/993/big/6a301ed8787ce.jpg,assets/migrated/images/08455b8590a8_6a301ed8787ce.jpg,162904,200
asset,https://www.ochodnica.sk/img/galleries/993/small/6a301ed8787ce.jpg,assets/migrated/images/44e77b0454bb_6a301ed8787ce.jpg,139818,200
asset,https://www.ochodnica.sk/img/galleries/993/big/6a301ed8b90e8.jpg,assets/migrated/images/21688e9722ad_6a301ed8b90e8.jpg,162189,200
asset,https://www.ochodnica.sk/img/galleries/993/small/6a301ed8b90e8.jpg,assets/migrated/images/3d37bd845357_6a301ed8b90e8.jpg,155160,200
asset,https://www.ochodnica.sk/img/galleries/993/big/6a301ed912ced.jpg,assets/migrated/images/70fa0a463186_6a301ed912ced.jpg,176745,200
asset,https://www.ochodnica.sk/img/galleries/993/small/6a301ed912ced.jpg,assets/migrated/images/f318cd462702_6a301ed912ced.jpg,156027,200
asset,https://www.ochodnica.sk/img/galleries/993/big/6a301ed955a03.jpg,assets/migrated/images/3de71bb6a6d4_6a301ed955a03.jpg,117392,200
asset,https://www.ochodnica.sk/img/galleries/993/small/6a301ed955a03.jpg,assets/migrated/images/bedeebffb3a5_6a301ed955a03.jpg,116481,200
asset,https://www.ochodnica.sk/img/galleries/993/big/6a301ed991ac8.jpg,assets/migrated/images/d9c79d3aa861_6a301ed991ac8.jpg,295856,200
asset,https://www.ochodnica.sk/img/galleries/993/small/6a301ed991ac8.jpg,assets/migrated/images/251d829cd8db_6a301ed991ac8.jpg,155178,200
asset,https://www.ochodnica.sk/img/galleries/993/big/6a301ed9e608d.jpg,assets/migrated/images/9e14f6f02fa1_6a301ed9e608d.jpg,147252,200
asset,https://www.ochodnica.sk/img/galleries/993/small/6a301ed9e608d.jpg,assets/migrated/images/e505bbcc35c6_6a301ed9e608d.jpg,146917,200
asset,https://www.ochodnica.sk/img/galleries/993/big/6a301eda31b3a.jpg,assets/migrated/images/d4c8ab08cdaa_6a301eda31b3a.jpg,173516,200
asset,https://www.ochodnica.sk/img/galleries/993/small/6a301eda31b3a.jpg,assets/migrated/images/6284d48c403c_6a301eda31b3a.jpg,157908,200
asset,https://www.ochodnica.sk/img/galleries/993/big/6a301eda74694.jpg,assets/migrated/images/61e5dbfc4974_6a301eda74694.jpg,285021,200
asset,https://www.ochodnica.sk/img/galleries/993/small/6a301eda74694.jpg,assets/migrated/images/81799b23a559_6a301eda74694.jpg,156172,200
asset,https://www.ochodnica.sk/img/galleries/993/big/6a301edacc7c1.jpg,assets/migrated/images/251b851c6cb1_6a301edacc7c1.jpg,85589,200
asset,https://www.ochodnica.sk/img/galleries/993/small/6a301edacc7c1.jpg,assets/migrated/images/e51b15bf6485_6a301edacc7c1.jpg,121239,200
asset,https://www.ochodnica.sk/img/galleries/993/big/6a301edb11159.jpg,assets/migrated/images/657d48093e65_6a301edb11159.jpg,286078,200
asset,https://www.ochodnica.sk/img/galleries/993/small/6a301edb11159.jpg,assets/migrated/images/3c22f020cda9_6a301edb11159.jpg,156697,200
asset,https://www.ochodnica.sk/img/galleries/993/big/6a301edb6817d.jpg,assets/migrated/images/97f58f0428f4_6a301edb6817d.jpg,144505,200
asset,https://www.ochodnica.sk/img/galleries/993/small/6a301edb6817d.jpg,assets/migrated/images/4d7f80e9e9d0_6a301edb6817d.jpg,139615,200
asset,https://www.ochodnica.sk/img/galleries/993/big/6a301edba9298.jpg,assets/migrated/images/6b53a3ed625d_6a301edba9298.jpg,322902,200
asset,https://www.ochodnica.sk/img/galleries/993/small/6a301edba9298.jpg,assets/migrated/images/481c1a0f495f_6a301edba9298.jpg,144401,200
asset,https://www.ochodnica.sk/img/galleries/993/big/6a301edbedb7e.jpg,assets/migrated/images/0d9291237c63_6a301edbedb7e.jpg,123614,200
asset,https://www.ochodnica.sk/img/galleries/993/small/6a301edbedb7e.jpg,assets/migrated/images/0d0cfec5f80e_6a301edbedb7e.jpg,135407,200
asset,https://www.ochodnica.sk/img/galleries/993/big/6a301edc3c597.jpg,assets/migrated/images/4e1bb3d09f23_6a301edc3c597.jpg,183835,200
asset,https://www.ochodnica.sk/img/galleries/993/small/6a301edc3c597.jpg,assets/migrated/images/d366d23318d0_6a301edc3c597.jpg,155348,200
asset,https://www.ochodnica.sk/img/galleries/993/big/6a301edc86472.jpg,assets/migrated/images/c259809bfb2f_6a301edc86472.jpg,229580,200
asset,https://www.ochodnica.sk/img/galleries/993/small/6a301edc86472.jpg,assets/migrated/images/e3c49b709de8_6a301edc86472.jpg,138599,200
page,https://www.ochodnica.sk/sk/galeria/medzinarodny-den-deti-v-nasej-obci-je-uspesne-za-nami.html,sk/galeria/medzinarodny-den-deti-v-nasej-obci-je-uspesne-za-nami.html,58969,200
asset,https://www.ochodnica.sk/img/galleries/962/big/6a02da765e062.jpg,assets/migrated/images/c0acf1441d4b_6a02da765e062.jpg,89238,200
asset,https://www.ochodnica.sk/img/galleries/962/big/6a02da76a0b43.jpg,assets/migrated/images/5f1472a77595_6a02da76a0b43.jpg,132449,200
asset,https://www.ochodnica.sk/img/galleries/962/small/6a02da76a0b43.jpg,assets/migrated/images/3ce24f9b1592_6a02da76a0b43.jpg,112577,200
asset,https://www.ochodnica.sk/img/galleries/962/big/6a02da76d9705.jpg,assets/migrated/images/43cf52b35966_6a02da76d9705.jpg,114581,200
asset,https://www.ochodnica.sk/img/galleries/962/small/6a02da76d9705.jpg,assets/migrated/images/6579d00ecbf8_6a02da76d9705.jpg,125151,200
asset,https://www.ochodnica.sk/img/galleries/962/big/6a02da77266ac.jpg,assets/migrated/images/4554ef179bcd_6a02da77266ac.jpg,99330,200
asset,https://www.ochodnica.sk/img/galleries/962/small/6a02da77266ac.jpg,assets/migrated/images/e5ebc9db4dea_6a02da77266ac.jpg,103586,200
asset,https://www.ochodnica.sk/img/galleries/962/big/6a02da776b3cd.jpg,assets/migrated/images/0880067f1f0c_6a02da776b3cd.jpg,122875,200
asset,https://www.ochodnica.sk/img/galleries/962/small/6a02da776b3cd.jpg,assets/migrated/images/c2eb483efe6b_6a02da776b3cd.jpg,118132,200
asset,https://www.ochodnica.sk/img/galleries/962/big/6a02da77ba454.jpg,assets/migrated/images/b9ef8f3f27f0_6a02da77ba454.jpg,111779,200
asset,https://www.ochodnica.sk/img/galleries/962/small/6a02da77ba454.jpg,assets/migrated/images/dadd7efe6555_6a02da77ba454.jpg,115359,200
asset,https://www.ochodnica.sk/img/galleries/962/big/6a02da7818cef.jpg,assets/migrated/images/d2031e8af59b_6a02da7818cef.jpg,121789,200
asset,https://www.ochodnica.sk/img/galleries/962/small/6a02da7818cef.jpg,assets/migrated/images/9cf2bfe87d82_6a02da7818cef.jpg,127817,200
asset,https://www.ochodnica.sk/img/galleries/962/big/6a02da7867d10.jpg,assets/migrated/images/7b155b70e76b_6a02da7867d10.jpg,98915,200
asset,https://www.ochodnica.sk/img/galleries/962/small/6a02da7867d10.jpg,assets/migrated/images/43f3655262dc_6a02da7867d10.jpg,104958,200
asset,https://www.ochodnica.sk/img/galleries/962/big/6a02da78aa864.jpg,assets/migrated/images/b09d07a2ae78_6a02da78aa864.jpg,98915,200
asset,https://www.ochodnica.sk/img/galleries/962/small/6a02da78aa864.jpg,assets/migrated/images/f35c6fb6a17c_6a02da78aa864.jpg,104958,200
asset,https://www.ochodnica.sk/img/galleries/962/big/6a02da78e4599.jpg,assets/migrated/images/2607e66213d4_6a02da78e4599.jpg,91573,200
asset,https://www.ochodnica.sk/img/galleries/962/small/6a02da78e4599.jpg,assets/migrated/images/a7e034459166_6a02da78e4599.jpg,98173,200
asset,https://www.ochodnica.sk/img/galleries/962/big/6a02da7937d48.jpg,assets/migrated/images/f26e6857b877_6a02da7937d48.jpg,134683,200
asset,https://www.ochodnica.sk/img/galleries/962/small/6a02da7937d48.jpg,assets/migrated/images/5a67940bd6d8_6a02da7937d48.jpg,124716,200
asset,https://www.ochodnica.sk/img/galleries/962/big/6a02da7974687.jpg,assets/migrated/images/46a33d1d3a2d_6a02da7974687.jpg,131551,200
asset,https://www.ochodnica.sk/img/galleries/962/small/6a02da7974687.jpg,assets/migrated/images/600ba4a37ee2_6a02da7974687.jpg,120878,200
asset,https://www.ochodnica.sk/img/galleries/962/big/6a02da79bdc6d.jpg,assets/migrated/images/3e196e1588bc_6a02da79bdc6d.jpg,107973,200
asset,https://www.ochodnica.sk/img/galleries/962/small/6a02da79bdc6d.jpg,assets/migrated/images/f02dbaceac3c_6a02da79bdc6d.jpg,120659,200
asset,https://www.ochodnica.sk/img/galleries/962/big/6a02da7a09297.jpg,assets/migrated/images/1c924399a9e2_6a02da7a09297.jpg,61244,200
asset,https://www.ochodnica.sk/img/galleries/962/small/6a02da7a09297.jpg,assets/migrated/images/9d1e61cc1e93_6a02da7a09297.jpg,80764,200
asset,https://www.ochodnica.sk/img/galleries/962/big/6a02da7a4ca07.jpg,assets/migrated/images/20121361af26_6a02da7a4ca07.jpg,112844,200
asset,https://www.ochodnica.sk/img/galleries/962/small/6a02da7a4ca07.jpg,assets/migrated/images/6bb074410280_6a02da7a4ca07.jpg,113122,200
asset,https://www.ochodnica.sk/img/galleries/962/big/6a02da7a8fdf3.jpg,assets/migrated/images/18358cc1cb4b_6a02da7a8fdf3.jpg,107317,200
asset,https://www.ochodnica.sk/img/galleries/962/small/6a02da7a8fdf3.jpg,assets/migrated/images/910f6f2dd7b4_6a02da7a8fdf3.jpg,108633,200
asset,https://www.ochodnica.sk/img/galleries/962/big/6a02da7ad6e15.jpg,assets/migrated/images/370cda7c44f5_6a02da7ad6e15.jpg,97354,200
asset,https://www.ochodnica.sk/img/galleries/962/small/6a02da7ad6e15.jpg,assets/migrated/images/8cdcaa68bd2a_6a02da7ad6e15.jpg,108531,200
asset,https://www.ochodnica.sk/img/galleries/962/big/6a02da7b2426e.jpg,assets/migrated/images/c52ebb8701db_6a02da7b2426e.jpg,120476,200
asset,https://www.ochodnica.sk/img/galleries/962/small/6a02da7b2426e.jpg,assets/migrated/images/dd28912cb873_6a02da7b2426e.jpg,113545,200
asset,https://www.ochodnica.sk/img/galleries/962/big/6a02da7b6f78c.jpg,assets/migrated/images/e91678a0901a_6a02da7b6f78c.jpg,109367,200
asset,https://www.ochodnica.sk/img/galleries/962/small/6a02da7b6f78c.jpg,assets/migrated/images/877ab40cea5b_6a02da7b6f78c.jpg,110932,200
asset,https://www.ochodnica.sk/img/galleries/962/big/6a02da7ba79e6.jpg,assets/migrated/images/3f992a2e2f68_6a02da7ba79e6.jpg,115890,200
asset,https://www.ochodnica.sk/img/galleries/962/small/6a02da7ba79e6.jpg,assets/migrated/images/04e082524413_6a02da7ba79e6.jpg,108552,200
asset,https://www.ochodnica.sk/img/galleries/962/big/6a02da7be0208.jpg,assets/migrated/images/91ae470847f6_6a02da7be0208.jpg,118413,200
asset,https://www.ochodnica.sk/img/galleries/962/small/6a02da7be0208.jpg,assets/migrated/images/5eb14d26db84_6a02da7be0208.jpg,117736,200
asset,https://www.ochodnica.sk/img/galleries/962/big/6a02da7c26f5d.jpg,assets/migrated/images/fb360f3abb32_6a02da7c26f5d.jpg,145880,200
asset,https://www.ochodnica.sk/img/galleries/962/small/6a02da7c26f5d.jpg,assets/migrated/images/a9625a66641a_6a02da7c26f5d.jpg,135841,200
asset,https://www.ochodnica.sk/img/galleries/962/big/6a02da7c62a98.jpg,assets/migrated/images/ea410f9be97a_6a02da7c62a98.jpg,113298,200
asset,https://www.ochodnica.sk/img/galleries/962/small/6a02da7c62a98.jpg,assets/migrated/images/4ef0ca8bb5ac_6a02da7c62a98.jpg,123399,200
asset,https://www.ochodnica.sk/img/galleries/962/big/6a02da7c9f355.jpg,assets/migrated/images/52ea025fa808_6a02da7c9f355.jpg,118683,200
asset,https://www.ochodnica.sk/img/galleries/962/small/6a02da7c9f355.jpg,assets/migrated/images/40afd5869ab8_6a02da7c9f355.jpg,116990,200
asset,https://www.ochodnica.sk/img/galleries/962/big/6a02da7cef59b.jpg,assets/migrated/images/dd191f722fe6_6a02da7cef59b.jpg,99740,200
asset,https://www.ochodnica.sk/img/galleries/962/small/6a02da7cef59b.jpg,assets/migrated/images/a9419e7ce68e_6a02da7cef59b.jpg,106320,200
asset,https://www.ochodnica.sk/img/galleries/962/big/6a02da7d5767a.jpg,assets/migrated/images/55137a893aa4_6a02da7d5767a.jpg,116650,200
asset,https://www.ochodnica.sk/img/galleries/962/small/6a02da7d5767a.jpg,assets/migrated/images/79367fd0b987_6a02da7d5767a.jpg,113846,200
asset,https://www.ochodnica.sk/img/galleries/962/big/6a02da7db6828.jpg,assets/migrated/images/fc374936d544_6a02da7db6828.jpg,99565,200
asset,https://www.ochodnica.sk/img/galleries/962/small/6a02da7db6828.jpg,assets/migrated/images/63ac464cdf0f_6a02da7db6828.jpg,105635,200
asset,https://www.ochodnica.sk/img/galleries/962/big/6a02da7e1634a.jpg,assets/migrated/images/44705bbedff7_6a02da7e1634a.jpg,111102,200
asset,https://www.ochodnica.sk/img/galleries/962/small/6a02da7e1634a.jpg,assets/migrated/images/104d6f2d2c80_6a02da7e1634a.jpg,115606,200
asset,https://www.ochodnica.sk/img/galleries/962/big/6a02da7e6bff1.jpg,assets/migrated/images/a2ae5f5f73d4_6a02da7e6bff1.jpg,101758,200
asset,https://www.ochodnica.sk/img/galleries/962/small/6a02da7e6bff1.jpg,assets/migrated/images/41f6ba880b54_6a02da7e6bff1.jpg,112179,200
asset,https://www.ochodnica.sk/img/galleries/962/big/6a02da7eb3eb3.jpg,assets/migrated/images/2bb69f0674c6_6a02da7eb3eb3.jpg,108806,200
asset,https://www.ochodnica.sk/img/galleries/962/small/6a02da7eb3eb3.jpg,assets/migrated/images/1a395d52d51d_6a02da7eb3eb3.jpg,100033,200
asset,https://www.ochodnica.sk/img/galleries/962/big/6a02da7f09a42.jpg,assets/migrated/images/a4055c172dfb_6a02da7f09a42.jpg,128698,200
asset,https://www.ochodnica.sk/img/galleries/962/small/6a02da7f09a42.jpg,assets/migrated/images/67693f2b574c_6a02da7f09a42.jpg,122067,200
asset,https://www.ochodnica.sk/img/galleries/962/big/6a02da7f56d5c.jpg,assets/migrated/images/806748941920_6a02da7f56d5c.jpg,110373,200
asset,https://www.ochodnica.sk/img/galleries/962/small/6a02da7f56d5c.jpg,assets/migrated/images/9bbbac9b023b_6a02da7f56d5c.jpg,113980,200
page,https://www.ochodnica.sk/sk/galeria/ochodnica-privitala-do-zivota-novych-obcanov-obce.html,sk/galeria/ochodnica-privitala-do-zivota-novych-obcanov-obce.html,48156,200
asset,https://www.ochodnica.sk/img/galleries/960/big/6a02b75beb7af.jpg,assets/migrated/images/118710a6f237_6a02b75beb7af.jpg,129464,200
asset,https://www.ochodnica.sk/img/galleries/960/big/6a02b75c4d1be.jpg,assets/migrated/images/b3c218d610e3_6a02b75c4d1be.jpg,146920,200
asset,https://www.ochodnica.sk/img/galleries/960/small/6a02b75c4d1be.jpg,assets/migrated/images/59e9814438b7_6a02b75c4d1be.jpg,112535,200
asset,https://www.ochodnica.sk/img/galleries/960/big/6a02b75ca34bd.jpg,assets/migrated/images/88194a7a3e00_6a02b75ca34bd.jpg,114448,200
asset,https://www.ochodnica.sk/img/galleries/960/small/6a02b75ca34bd.jpg,assets/migrated/images/8fc416ff20b4_6a02b75ca34bd.jpg,96208,200
asset,https://www.ochodnica.sk/img/galleries/960/big/6a02b75d01edd.jpg,assets/migrated/images/ceab97fd1218_6a02b75d01edd.jpg,54119,200
asset,https://www.ochodnica.sk/img/galleries/960/small/6a02b75d01edd.jpg,assets/migrated/images/f6c662b60005_6a02b75d01edd.jpg,75175,200
asset,https://www.ochodnica.sk/img/galleries/960/big/6a02b75d450a5.jpg,assets/migrated/images/7c7b590e9964_6a02b75d450a5.jpg,75617,200
asset,https://www.ochodnica.sk/img/galleries/960/small/6a02b75d450a5.jpg,assets/migrated/images/d571861e1f1d_6a02b75d450a5.jpg,99053,200
asset,https://www.ochodnica.sk/img/galleries/960/big/6a02b75d8d2ce.jpg,assets/migrated/images/fe93dd212fa6_6a02b75d8d2ce.jpg,112992,200
asset,https://www.ochodnica.sk/img/galleries/960/small/6a02b75d8d2ce.jpg,assets/migrated/images/cf4a6480821e_6a02b75d8d2ce.jpg,100242,200
asset,https://www.ochodnica.sk/img/galleries/960/big/6a02b75dd56aa.jpg,assets/migrated/images/534cdd0592e1_6a02b75dd56aa.jpg,92393,200
asset,https://www.ochodnica.sk/img/galleries/960/small/6a02b75dd56aa.jpg,assets/migrated/images/89b29ec0d783_6a02b75dd56aa.jpg,82270,200
asset,https://www.ochodnica.sk/img/galleries/960/big/6a02b75e3177c.jpg,assets/migrated/images/af45f9ecacba_6a02b75e3177c.jpg,128295,200
asset,https://www.ochodnica.sk/img/galleries/960/small/6a02b75e3177c.jpg,assets/migrated/images/1d1147982125_6a02b75e3177c.jpg,114319,200
asset,https://www.ochodnica.sk/img/galleries/960/big/6a02b75e7b2a1.jpg,assets/migrated/images/811f1dceb2ef_6a02b75e7b2a1.jpg,105294,200
asset,https://www.ochodnica.sk/img/galleries/960/small/6a02b75e7b2a1.jpg,assets/migrated/images/335687baa801_6a02b75e7b2a1.jpg,95766,200
asset,https://www.ochodnica.sk/img/galleries/960/big/6a02b75ec7b93.jpg,assets/migrated/images/45257650b36d_6a02b75ec7b93.jpg,172974,200
asset,https://www.ochodnica.sk/img/galleries/960/small/6a02b75ec7b93.jpg,assets/migrated/images/b625e920fb37_6a02b75ec7b93.jpg,125147,200
asset,https://www.ochodnica.sk/img/galleries/960/big/6a02b75f17cc7.jpg,assets/migrated/images/d4cdac01b4e6_6a02b75f17cc7.jpg,78213,200
asset,https://www.ochodnica.sk/img/galleries/960/small/6a02b75f17cc7.jpg,assets/migrated/images/48e71d5f43dc_6a02b75f17cc7.jpg,99366,200
page,https://www.ochodnica.sk/sk/galeria/ochodnica-oslavila-den-matiek-slavnostnym-programom.html,sk/galeria/ochodnica-oslavila-den-matiek-slavnostnym-programom.html,41509,200
asset,https://www.ochodnica.sk/img/galleries/940/big/69c130589e1d7.jpg,assets/migrated/images/709481888bf7_69c130589e1d7.jpg,190779,200
asset,https://www.ochodnica.sk/img/galleries/940/big/69c13058e0160.jpg,assets/migrated/images/9878a3c6f3ac_69c13058e0160.jpg,120254,200
asset,https://www.ochodnica.sk/img/galleries/940/small/69c13058e0160.jpg,assets/migrated/images/c3712620ca91_69c13058e0160.jpg,122532,200
asset,https://www.ochodnica.sk/img/galleries/940/big/69c130591ee2f.jpg,assets/migrated/images/5b3c8c7c9a8d_69c130591ee2f.jpg,91138,200
asset,https://www.ochodnica.sk/img/galleries/940/small/69c130591ee2f.jpg,assets/migrated/images/3a76e7a9b8d1_69c130591ee2f.jpg,97752,200
asset,https://www.ochodnica.sk/img/galleries/940/big/69c1305940575.jpg,assets/migrated/images/2ea8a347c409_69c1305940575.jpg,100003,200
asset,https://www.ochodnica.sk/img/galleries/940/small/69c1305940575.jpg,assets/migrated/images/c4cdd6320cf1_69c1305940575.jpg,129687,200
asset,https://www.ochodnica.sk/img/galleries/940/big/69c1305972d65.jpg,assets/migrated/images/d2840b269f66_69c1305972d65.jpg,102920,200
asset,https://www.ochodnica.sk/img/galleries/940/small/69c1305972d65.jpg,assets/migrated/images/b67b552416a5_69c1305972d65.jpg,109208,200
asset,https://www.ochodnica.sk/img/galleries/940/big/69c13059911e3.jpg,assets/migrated/images/05bb4d8e8518_69c13059911e3.jpg,180163,200
asset,https://www.ochodnica.sk/img/galleries/940/small/69c13059911e3.jpg,assets/migrated/images/9099b634bf94_69c13059911e3.jpg,127388,200
asset,https://www.ochodnica.sk/img/galleries/940/big/69c13059cdd6f.jpg,assets/migrated/images/86e3c5ee28dc_69c13059cdd6f.jpg,71587,200
asset,https://www.ochodnica.sk/img/galleries/940/small/69c13059cdd6f.jpg,assets/migrated/images/86831ae00f04_69c13059cdd6f.jpg,97119,200
asset,https://www.ochodnica.sk/img/galleries/940/big/69c13059ea238.jpg,assets/migrated/images/0ef4bf8032b9_69c13059ea238.jpg,72467,200
asset,https://www.ochodnica.sk/img/galleries/940/small/69c13059ea238.jpg,assets/migrated/images/79ee5205f380_69c13059ea238.jpg,97582,200
asset,https://www.ochodnica.sk/img/galleries/940/big/69c1305a13ddc.jpg,assets/migrated/images/581a841f4cc6_69c1305a13ddc.jpg,77416,200
asset,https://www.ochodnica.sk/img/galleries/940/small/69c1305a13ddc.jpg,assets/migrated/images/4e1b9a563a44_69c1305a13ddc.jpg,106181,200
asset,https://www.ochodnica.sk/img/galleries/940/big/69c1305a335a6.jpg,assets/migrated/images/c5fa749cc0f3_69c1305a335a6.jpg,93981,200
asset,https://www.ochodnica.sk/img/galleries/940/small/69c1305a335a6.jpg,assets/migrated/images/a299f980daef_69c1305a335a6.jpg,97126,200
asset,https://www.ochodnica.sk/img/galleries/940/big/69c1305a504cf.jpg,assets/migrated/images/e2a48dc893fc_69c1305a504cf.jpg,120143,200
asset,https://www.ochodnica.sk/img/galleries/940/small/69c1305a504cf.jpg,assets/migrated/images/4e2f0ec592ab_69c1305a504cf.jpg,123051,200
asset,https://www.ochodnica.sk/img/galleries/940/big/69c1305a763ea.jpg,assets/migrated/images/776234f3b769_69c1305a763ea.jpg,64770,200
asset,https://www.ochodnica.sk/img/galleries/940/small/69c1305a763ea.jpg,assets/migrated/images/cf80ea086891_69c1305a763ea.jpg,86928,200
asset,https://www.ochodnica.sk/img/galleries/940/big/69c1305a9790c.jpg,assets/migrated/images/ef0943f01c6d_69c1305a9790c.jpg,102288,200
asset,https://www.ochodnica.sk/img/galleries/940/small/69c1305a9790c.jpg,assets/migrated/images/d23618b8ac22_69c1305a9790c.jpg,116651,200
asset,https://www.ochodnica.sk/img/galleries/940/big/69c1305ab5ec6.jpg,assets/migrated/images/a6fb3257a134_69c1305ab5ec6.jpg,101138,200
asset,https://www.ochodnica.sk/img/galleries/940/small/69c1305ab5ec6.jpg,assets/migrated/images/cea1db8cf96e_69c1305ab5ec6.jpg,114218,200
asset,https://www.ochodnica.sk/img/galleries/940/big/69c1305ad4012.jpg,assets/migrated/images/86f5142a536b_69c1305ad4012.jpg,94706,200
asset,https://www.ochodnica.sk/img/galleries/940/small/69c1305ad4012.jpg,assets/migrated/images/d1ee0f1486e6_69c1305ad4012.jpg,113968,200
asset,https://www.ochodnica.sk/img/galleries/940/big/69c1305b02069.jpg,assets/migrated/images/fc504cafa113_69c1305b02069.jpg,101168,200
asset,https://www.ochodnica.sk/img/galleries/940/small/69c1305b02069.jpg,assets/migrated/images/47d880dd6afd_69c1305b02069.jpg,106980,200
asset,https://www.ochodnica.sk/img/galleries/940/big/69c1305b2172e.jpg,assets/migrated/images/ec9f2f0f4992_69c1305b2172e.jpg,95802,200
asset,https://www.ochodnica.sk/img/galleries/940/small/69c1305b2172e.jpg,assets/migrated/images/ff9502b0cd1e_69c1305b2172e.jpg,109905,200
asset,https://www.ochodnica.sk/img/galleries/940/big/69c1305b410cb.jpg,assets/migrated/images/c7556cc5222a_69c1305b410cb.jpg,80970,200
asset,https://www.ochodnica.sk/img/galleries/940/small/69c1305b410cb.jpg,assets/migrated/images/d7f9ff12c626_69c1305b410cb.jpg,103070,200
asset,https://www.ochodnica.sk/img/galleries/940/big/69c1305b5e9e7.jpg,assets/migrated/images/5f21294568c3_69c1305b5e9e7.jpg,103040,200
asset,https://www.ochodnica.sk/img/galleries/940/small/69c1305b5e9e7.jpg,assets/migrated/images/4fce0b41db9a_69c1305b5e9e7.jpg,109236,200
asset,https://www.ochodnica.sk/img/galleries/940/big/69c1305b7f3bf.jpg,assets/migrated/images/11828f5f48d2_69c1305b7f3bf.jpg,94374,200
asset,https://www.ochodnica.sk/img/galleries/940/small/69c1305b7f3bf.jpg,assets/migrated/images/42df06b3d5d3_69c1305b7f3bf.jpg,108879,200
asset,https://www.ochodnica.sk/img/galleries/940/big/69c1305b9c77d.jpg,assets/migrated/images/e2d783644184_69c1305b9c77d.jpg,76086,200
asset,https://www.ochodnica.sk/img/galleries/940/small/69c1305b9c77d.jpg,assets/migrated/images/bcb488c5fdc6_69c1305b9c77d.jpg,96151,200
asset,https://www.ochodnica.sk/img/galleries/940/big/69c1305bb8f0f.jpg,assets/migrated/images/2ba093bc16f9_69c1305bb8f0f.jpg,142477,200
asset,https://www.ochodnica.sk/img/galleries/940/small/69c1305bb8f0f.jpg,assets/migrated/images/df29af03c6d1_69c1305bb8f0f.jpg,117097,200
asset,https://www.ochodnica.sk/img/galleries/940/big/69c1305bdb56d.jpg,assets/migrated/images/2518519efada_69c1305bdb56d.jpg,88634,200
asset,https://www.ochodnica.sk/img/galleries/940/small/69c1305bdb56d.jpg,assets/migrated/images/ac45ef595dad_69c1305bdb56d.jpg,97849,200
asset,https://www.ochodnica.sk/img/galleries/940/big/69c1305c065f1.jpg,assets/migrated/images/7967f5502719_69c1305c065f1.jpg,95316,200
asset,https://www.ochodnica.sk/img/galleries/940/small/69c1305c065f1.jpg,assets/migrated/images/1a165cc2bbe1_69c1305c065f1.jpg,117132,200
asset,https://www.ochodnica.sk/img/galleries/940/big/69c1305c24a52.jpg,assets/migrated/images/1291f775382f_69c1305c24a52.jpg,81976,200
asset,https://www.ochodnica.sk/img/galleries/940/small/69c1305c24a52.jpg,assets/migrated/images/6f7271b8b388_69c1305c24a52.jpg,106926,200
page,https://www.ochodnica.sk/sk/galeria/tradicne-palenie-moreny-v-ochodnici-privitalo-jar.html,sk/galeria/tradicne-palenie-moreny-v-ochodnici-privitalo-jar.html,45937,200
asset,https://www.ochodnica.sk/img/galleries/911/big/6935d0db4e44b.jpg,assets/migrated/images/f4770fa48cfa_6935d0db4e44b.jpg,73144,200
asset,https://www.ochodnica.sk/img/galleries/911/big/6935d0db5eb62.jpg,assets/migrated/images/86f34278017d_6935d0db5eb62.jpg,196097,200
asset,https://www.ochodnica.sk/img/galleries/911/small/6935d0db5eb62.jpg,assets/migrated/images/a27985a52101_6935d0db5eb62.jpg,125488,200
asset,https://www.ochodnica.sk/img/galleries/911/big/6935d0db8d868.jpg,assets/migrated/images/d4fba939c25f_6935d0db8d868.jpg,48419,200
asset,https://www.ochodnica.sk/img/galleries/911/small/6935d0db8d868.jpg,assets/migrated/images/2b004f948995_6935d0db8d868.jpg,114496,200
asset,https://www.ochodnica.sk/img/galleries/911/big/6935d0db9af73.jpg,assets/migrated/images/3cd7e328cfe5_6935d0db9af73.jpg,130384,200
asset,https://www.ochodnica.sk/img/galleries/911/small/6935d0db9af73.jpg,assets/migrated/images/eeb1d21e4a19_6935d0db9af73.jpg,88234,200
asset,https://www.ochodnica.sk/img/galleries/911/big/6935d0dbc4342.jpg,assets/migrated/images/96753d7f2dea_6935d0dbc4342.jpg,142769,200
asset,https://www.ochodnica.sk/img/galleries/911/small/6935d0dbc4342.jpg,assets/migrated/images/31da086ed698_6935d0dbc4342.jpg,121237,200
asset,https://www.ochodnica.sk/img/galleries/911/big/6935d0dc0b073.jpg,assets/migrated/images/59eddb72daa1_6935d0dc0b073.jpg,225423,200
asset,https://www.ochodnica.sk/img/galleries/911/small/6935d0dc0b073.jpg,assets/migrated/images/585fa2a4325e_6935d0dc0b073.jpg,151901,200
asset,https://www.ochodnica.sk/img/galleries/911/big/6935d0dc41e0f.jpg,assets/migrated/images/1a1182e99706_6935d0dc41e0f.jpg,194529,200
asset,https://www.ochodnica.sk/img/galleries/911/small/6935d0dc41e0f.jpg,assets/migrated/images/6c9741146e4b_6935d0dc41e0f.jpg,138208,200
asset,https://www.ochodnica.sk/img/galleries/911/big/6935d0dc7c252.jpg,assets/migrated/images/307dab7958b5_6935d0dc7c252.jpg,171948,200
asset,https://www.ochodnica.sk/img/galleries/911/small/6935d0dc7c252.jpg,assets/migrated/images/52f7ccba7df7_6935d0dc7c252.jpg,156713,200
asset,https://www.ochodnica.sk/img/galleries/911/big/6935d0dca9b86.jpg,assets/migrated/images/7b5168502f00_6935d0dca9b86.jpg,222152,200
asset,https://www.ochodnica.sk/img/galleries/911/small/6935d0dca9b86.jpg,assets/migrated/images/9f2925709476_6935d0dca9b86.jpg,163623,200
asset,https://www.ochodnica.sk/img/galleries/911/big/6935d0dce5164.jpg,assets/migrated/images/7321faf5d176_6935d0dce5164.jpg,227618,200
asset,https://www.ochodnica.sk/img/galleries/911/small/6935d0dce5164.jpg,assets/migrated/images/b7c37489aa09_6935d0dce5164.jpg,162278,200
asset,https://www.ochodnica.sk/img/galleries/911/big/6935d0dd2ce11.jpg,assets/migrated/images/9db68651a189_6935d0dd2ce11.jpg,166731,200
asset,https://www.ochodnica.sk/img/galleries/911/small/6935d0dd2ce11.jpg,assets/migrated/images/a98dd2a01e34_6935d0dd2ce11.jpg,138460,200
asset,https://www.ochodnica.sk/img/galleries/911/big/6935d0dd611ee.jpg,assets/migrated/images/e65938e4c756_6935d0dd611ee.jpg,204532,200
asset,https://www.ochodnica.sk/img/galleries/911/small/6935d0dd611ee.jpg,assets/migrated/images/499c6cff2f7b_6935d0dd611ee.jpg,157941,200
asset,https://www.ochodnica.sk/img/galleries/911/big/6935d0dd9d7c7.jpg,assets/migrated/images/21ba0c444aba_6935d0dd9d7c7.jpg,215762,200
asset,https://www.ochodnica.sk/img/galleries/911/small/6935d0dd9d7c7.jpg,assets/migrated/images/770be87bbd98_6935d0dd9d7c7.jpg,160174,200
asset,https://www.ochodnica.sk/img/galleries/911/big/6935d0ddd959f.jpg,assets/migrated/images/99adfcc4036e_6935d0ddd959f.jpg,219063,200
asset,https://www.ochodnica.sk/img/galleries/911/small/6935d0ddd959f.jpg,assets/migrated/images/dc56b9fc020c_6935d0ddd959f.jpg,159218,200
asset,https://www.ochodnica.sk/img/galleries/911/big/6935d0de2ebd7.jpg,assets/migrated/images/d2ab1b0b6d53_6935d0de2ebd7.jpg,164062,200
asset,https://www.ochodnica.sk/img/galleries/911/small/6935d0de2ebd7.jpg,assets/migrated/images/d2293dac3cfe_6935d0de2ebd7.jpg,143492,200
asset,https://www.ochodnica.sk/img/galleries/911/big/6935d0de69a47.jpg,assets/migrated/images/85b6f15afcfe_6935d0de69a47.jpg,185760,200
asset,https://www.ochodnica.sk/img/galleries/911/small/6935d0de69a47.jpg,assets/migrated/images/e55ecb750a1f_6935d0de69a47.jpg,148375,200
asset,https://www.ochodnica.sk/img/galleries/911/big/6935d0dea541a.jpg,assets/migrated/images/9f49f2f288f0_6935d0dea541a.jpg,162248,200
asset,https://www.ochodnica.sk/img/galleries/911/small/6935d0dea541a.jpg,assets/migrated/images/d59d381075a8_6935d0dea541a.jpg,132757,200
asset,https://www.ochodnica.sk/img/galleries/911/big/6935d0dee2b8e.jpg,assets/migrated/images/6241d6e8c624_6935d0dee2b8e.jpg,198946,200
asset,https://www.ochodnica.sk/img/galleries/911/small/6935d0dee2b8e.jpg,assets/migrated/images/d2c12cede003_6935d0dee2b8e.jpg,145686,200
asset,https://www.ochodnica.sk/img/galleries/911/big/6935d0df2a322.jpg,assets/migrated/images/02ece005b31d_6935d0df2a322.jpg,148224,200
asset,https://www.ochodnica.sk/img/galleries/911/small/6935d0df2a322.jpg,assets/migrated/images/ec3f11236de2_6935d0df2a322.jpg,120805,200
asset,https://www.ochodnica.sk/img/galleries/911/big/6935d0df6a5e9.jpg,assets/migrated/images/ab3bff3d545e_6935d0df6a5e9.jpg,203783,200
asset,https://www.ochodnica.sk/img/galleries/911/small/6935d0df6a5e9.jpg,assets/migrated/images/adbe92c517a3_6935d0df6a5e9.jpg,155208,200
asset,https://www.ochodnica.sk/img/galleries/911/big/6935d0dfa6f4b.jpg,assets/migrated/images/3d61f7d0d8a1_6935d0dfa6f4b.jpg,248619,200
asset,https://www.ochodnica.sk/img/galleries/911/small/6935d0dfa6f4b.jpg,assets/migrated/images/a6051d072c8c_6935d0dfa6f4b.jpg,168928,200
asset,https://www.ochodnica.sk/img/galleries/911/big/6935d0dfe42ec.jpg,assets/migrated/images/fd8673de8651_6935d0dfe42ec.jpg,205705,200
asset,https://www.ochodnica.sk/img/galleries/911/small/6935d0dfe42ec.jpg,assets/migrated/images/93e8dc6d9bcb_6935d0dfe42ec.jpg,148106,200
asset,https://www.ochodnica.sk/img/galleries/911/big/6935d0e02be45.jpg,assets/migrated/images/c0f1f49f7348_6935d0e02be45.jpg,194222,200
asset,https://www.ochodnica.sk/img/galleries/911/small/6935d0e02be45.jpg,assets/migrated/images/d5f68b52c900_6935d0e02be45.jpg,152907,200
asset,https://www.ochodnica.sk/img/galleries/911/big/6935d0e0687dc.jpg,assets/migrated/images/aa88df7a2c92_6935d0e0687dc.jpg,56308,200
asset,https://www.ochodnica.sk/img/galleries/911/small/6935d0e0687dc.jpg,assets/migrated/images/a0b992f069cc_6935d0e0687dc.jpg,103938,200
asset,https://www.ochodnica.sk/img/galleries/911/big/6935d0e0908a8.jpg,assets/migrated/images/eb021d41a284_6935d0e0908a8.jpg,200528,200
asset,https://www.ochodnica.sk/img/galleries/911/small/6935d0e0908a8.jpg,assets/migrated/images/84c90e40fde4_6935d0e0908a8.jpg,144519,200
asset,https://www.ochodnica.sk/img/galleries/911/big/6935d0e0ccbdf.jpg,assets/migrated/images/151b4c9fcf89_6935d0e0ccbdf.jpg,69060,200
asset,https://www.ochodnica.sk/img/galleries/911/small/6935d0e0ccbdf.jpg,assets/migrated/images/2c0ae7c068fa_6935d0e0ccbdf.jpg,116307,200
asset,https://www.ochodnica.sk/img/galleries/911/big/6935d0e0eb4a6.jpg,assets/migrated/images/efe843453a58_6935d0e0eb4a6.jpg,182822,200
asset,https://www.ochodnica.sk/img/galleries/911/small/6935d0e0eb4a6.jpg,assets/migrated/images/be82ff4ed058_6935d0e0eb4a6.jpg,138020,200
asset,https://www.ochodnica.sk/img/galleries/911/big/6935d0e134903.jpg,assets/migrated/images/ad6910a07dd2_6935d0e134903.jpg,237347,200
asset,https://www.ochodnica.sk/img/galleries/911/small/6935d0e134903.jpg,assets/migrated/images/1ae55da51eb9_6935d0e134903.jpg,165931,200
asset,https://www.ochodnica.sk/img/galleries/911/big/6935d0e15f1ce.jpg,assets/migrated/images/3e4cff48acec_6935d0e15f1ce.jpg,214584,200
asset,https://www.ochodnica.sk/img/galleries/911/small/6935d0e15f1ce.jpg,assets/migrated/images/ad5855f7d77f_6935d0e15f1ce.jpg,156651,200
asset,https://www.ochodnica.sk/img/galleries/911/big/6935d0e19bd47.jpg,assets/migrated/images/190c7736c8a1_6935d0e19bd47.jpg,232736,200
asset,https://www.ochodnica.sk/img/galleries/911/small/6935d0e19bd47.jpg,assets/migrated/images/508fb462d6d0_6935d0e19bd47.jpg,151375,200
asset,https://www.ochodnica.sk/img/galleries/911/big/6935d0e1d18ee.jpg,assets/migrated/images/5653eb591196_6935d0e1d18ee.jpg,174097,200
asset,https://www.ochodnica.sk/img/galleries/911/small/6935d0e1d18ee.jpg,assets/migrated/images/0097106046f5_6935d0e1d18ee.jpg,142038,200
asset,https://www.ochodnica.sk/img/galleries/911/big/6935d0e21967b.jpg,assets/migrated/images/0fa03b7a027f_6935d0e21967b.jpg,144663,200
asset,https://www.ochodnica.sk/img/galleries/911/small/6935d0e21967b.jpg,assets/migrated/images/1bf3975a6837_6935d0e21967b.jpg,133334,200
asset,https://www.ochodnica.sk/img/galleries/911/big/6935d0e24a543.jpg,assets/migrated/images/4b2dac48ffcf_6935d0e24a543.jpg,251881,200
asset,https://www.ochodnica.sk/img/galleries/911/small/6935d0e24a543.jpg,assets/migrated/images/eb907d7760f5_6935d0e24a543.jpg,162776,200
asset,https://www.ochodnica.sk/img/galleries/911/big/6935d0e286c62.jpg,assets/migrated/images/3111ff08a1b5_6935d0e286c62.jpg,213607,200
asset,https://www.ochodnica.sk/img/galleries/911/small/6935d0e286c62.jpg,assets/migrated/images/73729fb8da51_6935d0e286c62.jpg,144248,200
asset,https://www.ochodnica.sk/img/galleries/911/big/6935d0e2af51d.jpg,assets/migrated/images/a4938a85c3fd_6935d0e2af51d.jpg,180816,200
asset,https://www.ochodnica.sk/img/galleries/911/small/6935d0e2af51d.jpg,assets/migrated/images/2340a27ef079_6935d0e2af51d.jpg,133865,200
asset,https://www.ochodnica.sk/img/galleries/911/big/6935d0e2e9333.jpg,assets/migrated/images/8d283d1f1bb9_6935d0e2e9333.jpg,162211,200
asset,https://www.ochodnica.sk/img/galleries/911/small/6935d0e2e9333.jpg,assets/migrated/images/270b52d79972_6935d0e2e9333.jpg,122348,200
asset,https://www.ochodnica.sk/img/galleries/911/big/6935d0e32f5bf.jpg,assets/migrated/images/f3aad0e76dce_6935d0e32f5bf.jpg,181809,200
asset,https://www.ochodnica.sk/img/galleries/911/small/6935d0e32f5bf.jpg,assets/migrated/images/7bb42be6190f_6935d0e32f5bf.jpg,143877,200
asset,https://www.ochodnica.sk/img/galleries/911/big/6935d0e36dcd1.jpg,assets/migrated/images/c7e7d8ea0f60_6935d0e36dcd1.jpg,99235,200
asset,https://www.ochodnica.sk/img/galleries/911/small/6935d0e36dcd1.jpg,assets/migrated/images/bd3790e2daca_6935d0e36dcd1.jpg,153293,200
asset,https://www.ochodnica.sk/img/galleries/911/big/6935d0e396bbc.jpg,assets/migrated/images/a79d8bea6e66_6935d0e396bbc.jpg,196865,200
asset,https://www.ochodnica.sk/img/galleries/911/small/6935d0e396bbc.jpg,assets/migrated/images/17f096c56042_6935d0e396bbc.jpg,144034,200
asset,https://www.ochodnica.sk/img/galleries/911/big/6935d0e3d0461.jpg,assets/migrated/images/04ffbc006e64_6935d0e3d0461.jpg,161503,200
asset,https://www.ochodnica.sk/img/galleries/911/small/6935d0e3d0461.jpg,assets/migrated/images/9842532db176_6935d0e3d0461.jpg,144839,200
asset,https://www.ochodnica.sk/img/galleries/911/big/6935d0e4167af.jpg,assets/migrated/images/461c3b87dccf_6935d0e4167af.jpg,207884,200
asset,https://www.ochodnica.sk/img/galleries/911/small/6935d0e4167af.jpg,assets/migrated/images/2b1448b8e02d_6935d0e4167af.jpg,157253,200
asset,https://www.ochodnica.sk/img/galleries/911/big/6935d0e451d96.jpg,assets/migrated/images/e5fd3e064144_6935d0e451d96.jpg,290509,200
asset,https://www.ochodnica.sk/img/galleries/911/small/6935d0e451d96.jpg,assets/migrated/images/3cfe636b5986_6935d0e451d96.jpg,175024,200
asset,https://www.ochodnica.sk/img/galleries/911/big/6935d0e489f2d.jpg,assets/migrated/images/46c62b5524b7_6935d0e489f2d.jpg,156568,200
asset,https://www.ochodnica.sk/img/galleries/911/small/6935d0e489f2d.jpg,assets/migrated/images/6812d047c102_6935d0e489f2d.jpg,136886,200
asset,https://www.ochodnica.sk/img/galleries/911/big/6935d0e4b9348.jpg,assets/migrated/images/bde272f12361_6935d0e4b9348.jpg,190473,200
asset,https://www.ochodnica.sk/img/galleries/911/small/6935d0e4b9348.jpg,assets/migrated/images/6bd641ff178b_6935d0e4b9348.jpg,146670,200
page,https://www.ochodnica.sk/sk/galeria/vianocna-atmosfera-naplnila-amfiteater-v-ochodnici.html,sk/galeria/vianocna-atmosfera-naplnila-amfiteater-v-ochodnici.html,51965,200
asset,https://www.ochodnica.sk/img/galleries/899/big/6919c7cf8e8e0.jpg,assets/migrated/images/1a4f8a672444_6919c7cf8e8e0.jpg,107027,200
asset,https://www.ochodnica.sk/img/galleries/899/big/691d6de97504e.jpg,assets/migrated/images/3755e002e762_691d6de97504e.jpg,177426,200
asset,https://www.ochodnica.sk/img/galleries/899/small/691d6de97504e.jpg,assets/migrated/images/1d47a74a2a4f_691d6de97504e.jpg,130049,200
asset,https://www.ochodnica.sk/img/galleries/899/big/691d6e4bb7133.jpg,assets/migrated/images/7d175ac1b3b5_691d6e4bb7133.jpg,116078,200
asset,https://www.ochodnica.sk/img/galleries/899/small/691d6e4bb7133.jpg,assets/migrated/images/293e3cfe1013_691d6e4bb7133.jpg,120012,200
asset,https://www.ochodnica.sk/img/galleries/899/big/6919c7cfccf7e.jpg,assets/migrated/images/1c56d667fbc1_6919c7cfccf7e.jpg,106527,200
asset,https://www.ochodnica.sk/img/galleries/899/small/6919c7cfccf7e.jpg,assets/migrated/images/ccb25d940624_6919c7cfccf7e.jpg,116461,200
asset,https://www.ochodnica.sk/img/galleries/899/big/691d6de9b53f3.jpg,assets/migrated/images/b44604b49730_691d6de9b53f3.jpg,156045,200
asset,https://www.ochodnica.sk/img/galleries/899/small/691d6de9b53f3.jpg,assets/migrated/images/d53d344ae865_691d6de9b53f3.jpg,134798,200
asset,https://www.ochodnica.sk/img/galleries/899/big/6919c7d016f35.jpg,assets/migrated/images/a6eed9d900c8_6919c7d016f35.jpg,91737,200
asset,https://www.ochodnica.sk/img/galleries/899/small/6919c7d016f35.jpg,assets/migrated/images/935ccd6f1b62_6919c7d016f35.jpg,116331,200
asset,https://www.ochodnica.sk/img/galleries/899/big/691d6dea007a9.jpg,assets/migrated/images/98980795a925_691d6dea007a9.jpg,121247,200
asset,https://www.ochodnica.sk/img/galleries/899/small/691d6dea007a9.jpg,assets/migrated/images/57ef616a124b_691d6dea007a9.jpg,128437,200
asset,https://www.ochodnica.sk/img/galleries/899/big/6919c7d0564cf.jpg,assets/migrated/images/8f2335a4ec86_6919c7d0564cf.jpg,93492,200
asset,https://www.ochodnica.sk/img/galleries/899/small/6919c7d0564cf.jpg,assets/migrated/images/84c98d7de3e1_6919c7d0564cf.jpg,128259,200
asset,https://www.ochodnica.sk/img/galleries/899/big/691d6dea3c2fa.jpg,assets/migrated/images/5884b55602f2_691d6dea3c2fa.jpg,155859,200
asset,https://www.ochodnica.sk/img/galleries/899/small/691d6dea3c2fa.jpg,assets/migrated/images/bd0ab1d0774a_691d6dea3c2fa.jpg,129556,200
asset,https://www.ochodnica.sk/img/galleries/899/big/6919c7d091fe4.jpg,assets/migrated/images/cc0f04729f28_6919c7d091fe4.jpg,56151,200
asset,https://www.ochodnica.sk/img/galleries/899/small/6919c7d091fe4.jpg,assets/migrated/images/c2d6c6577bf3_6919c7d091fe4.jpg,72733,200
asset,https://www.ochodnica.sk/img/galleries/899/big/6919c7d0c93ff.jpg,assets/migrated/images/d7e879744211_6919c7d0c93ff.jpg,88618,200
asset,https://www.ochodnica.sk/img/galleries/899/small/6919c7d0c93ff.jpg,assets/migrated/images/2b3a41b7ed7d_6919c7d0c93ff.jpg,104164,200
asset,https://www.ochodnica.sk/img/galleries/899/big/6919c7d10e092.jpg,assets/migrated/images/2bd96dab224a_6919c7d10e092.jpg,149387,200
asset,https://www.ochodnica.sk/img/galleries/899/small/6919c7d10e092.jpg,assets/migrated/images/f76d6957d7bd_6919c7d10e092.jpg,113718,200
asset,https://www.ochodnica.sk/img/galleries/899/big/6919c7d15653d.jpg,assets/migrated/images/76ee4ea9a342_6919c7d15653d.jpg,63762,200
asset,https://www.ochodnica.sk/img/galleries/899/small/6919c7d15653d.jpg,assets/migrated/images/37812f5b2d77_6919c7d15653d.jpg,103073,200
asset,https://www.ochodnica.sk/img/galleries/899/big/6919c7d18d712.jpg,assets/migrated/images/601576907376_6919c7d18d712.jpg,56033,200
asset,https://www.ochodnica.sk/img/galleries/899/small/6919c7d18d712.jpg,assets/migrated/images/0dad96d59389_6919c7d18d712.jpg,73705,200
asset,https://www.ochodnica.sk/img/galleries/899/big/6919c7d1c6bd4.jpg,assets/migrated/images/6a79560ffecd_6919c7d1c6bd4.jpg,87693,200
asset,https://www.ochodnica.sk/img/galleries/899/small/6919c7d1c6bd4.jpg,assets/migrated/images/cfb23e73cab7_6919c7d1c6bd4.jpg,120444,200
asset,https://www.ochodnica.sk/img/galleries/899/big/6919c7d20bbf8.jpg,assets/migrated/images/5cfedd422a05_6919c7d20bbf8.jpg,179998,200
asset,https://www.ochodnica.sk/img/galleries/899/small/6919c7d20bbf8.jpg,assets/migrated/images/1c922a34a3a4_6919c7d20bbf8.jpg,142939,200
asset,https://www.ochodnica.sk/img/galleries/899/big/6919c7d268917.jpg,assets/migrated/images/318c226e30db_6919c7d268917.jpg,86102,200
asset,https://www.ochodnica.sk/img/galleries/899/small/6919c7d268917.jpg,assets/migrated/images/112cf510b826_6919c7d268917.jpg,119507,200
asset,https://www.ochodnica.sk/img/galleries/899/big/6919c7d2ab58c.jpg,assets/migrated/images/b883902f28ee_6919c7d2ab58c.jpg,165098,200
asset,https://www.ochodnica.sk/img/galleries/899/small/6919c7d2ab58c.jpg,assets/migrated/images/4c9be5af7c15_6919c7d2ab58c.jpg,139244,200
asset,https://www.ochodnica.sk/img/galleries/899/big/6919c7d3010d1.jpg,assets/migrated/images/b29256545b1f_6919c7d3010d1.jpg,43078,200
asset,https://www.ochodnica.sk/img/galleries/899/small/6919c7d3010d1.jpg,assets/migrated/images/be027058b89f_6919c7d3010d1.jpg,64162,200
asset,https://www.ochodnica.sk/img/galleries/899/big/6919c7d34b79e.jpg,assets/migrated/images/2a046ea3bc5f_6919c7d34b79e.jpg,170397,200
asset,https://www.ochodnica.sk/img/galleries/899/small/6919c7d34b79e.jpg,assets/migrated/images/84b2f5fab72a_6919c7d34b79e.jpg,115641,200
asset,https://www.ochodnica.sk/img/galleries/899/big/6919c7d398d49.jpg,assets/migrated/images/b966cf758e39_6919c7d398d49.jpg,53006,200
asset,https://www.ochodnica.sk/img/galleries/899/small/6919c7d398d49.jpg,assets/migrated/images/26b45da582cd_6919c7d398d49.jpg,67868,200
asset,https://www.ochodnica.sk/img/galleries/899/big/6919c7d3d1236.jpg,assets/migrated/images/55ba19ac6fe8_6919c7d3d1236.jpg,71942,200
page,https://www.ochodnica.sk/sk/galeria/martinske-hody-v-ochodnici-priniesli-prijemnu-atmosferu-a-spolocne-stretnutia.html,sk/galeria/martinske-hody-v-ochodnici-priniesli-prijemnu-atmosferu-a-spolocne-stretnutia.html,46712,200
